{
"__comment":"Made by Know2Good, part of the 'Default 3D™' resource pack || Official download page: http://www.planetminecraft.com/texture_pack/default-3d-2985741/ || © 2014 Know2Good. All rights reserved. ",
"textures": {
	"block": "blocks/door_acacia_upper",
	"particle":"blocks/door_acacia_upper"
},
"elements":[
	{
		"type":"cube", //The inner block
		"from":[0.75,0,0],
		"to":[2.25,16.001,15],
		"rotation": {"origin": [ 8, 1, 8 ], "axis": "y", "angle": 0 },
		"faces": {
			"up":{"uv":[1,1,16,2],"texture":"#block","cullface":"Know2Good","rotation":270},
			"north":{"uv":[15,0,16,16],"texture":"#block","cullface":"Know2Good"},
			"west":{"uv":[16,0,1,16],"texture":"#block","cullface":"Know2Good"},
			"east":{"uv":[1,0,16,16],"texture":"#block","cullface":"Know2Good"}
		}
	},
	{
		"type":"cube", //Bottom hinge
		"from":[-0.25,0,15],
		"to":[3.25,1,16.25],
		"rotation": {"origin": [ 8, 1, 8 ], "axis": "y", "angle": 0 },
		"faces": {
			"up":{"uv":[0,15,1,16],"texture":"#block","cullface":"Know2Good","rotation":90},
			"down":{"uv":[0,15,1,16],"texture":"#block","cullface":"Know2Good","rotation":270},
			"north":{"uv":[0,15,1,16],"texture":"#block","cullface":"Know2Good"},
			"south":{"uv":[0,15,1,16],"texture":"#block","cullface":"Know2Good"},
			"west":{"uv":[1,15,0,16],"texture":"#block","cullface":"Know2Good"},
			"east":{"uv":[0,15,1,16],"texture":"#block","cullface":"Know2Good"}
		}
	},
	{
		"type":"cube", //Top hinge
		"from":[-0.25,10,15],
		"to":[3.25,12,16.25],
		"rotation": {"origin": [ 8, 1, 8 ], "axis": "y", "angle": 0 },
		"faces": {
			"up":{"uv":[0,4,1,5],"texture":"#block","cullface":"Know2Good","rotation":90},
			"down":{"uv":[0,5,1,6],"texture":"#block","cullface":"Know2Good","rotation":270},
			"north":{"uv":[0,4,1,6],"texture":"#block","cullface":"Know2Good"},
			"south":{"uv":[0,4,1,6],"texture":"#block","cullface":"Know2Good"},
			"west":{"uv":[1,4,0,6],"texture":"#block","cullface":"Know2Good"},
			"east":{"uv":[0,4,1,6],"texture":"#block","cullface":"Know2Good"}
		}
	},
	{
		"type":"cube", //Middle hinge side
		"from":[0.992,0.001,13],
		"to":[2.008,15.999,16],
		"rotation": {"origin": [ 8, 1, 8 ], "axis": "y", "angle": 0 },
		"faces": {
			"up":{"uv":[1,0,3,1],"texture":"#block","cullface":"Know2Good","rotation":270},
			"north":{"uv":[2,0,3,16],"texture":"#block","cullface":"Know2Good"},
			"south":{"uv":[1,0,2,16],"texture":"#block","cullface":"Know2Good"}
		}
	},
	{
		"type":"cube", //Hinge side (east)
		"from":[2,0.001,13],
		"to":[3,16,16],
		"rotation": {"origin": [ 8, 1, 8 ], "axis": "y", "angle": 0 },
		"faces": {
			"up":{"uv":[0,0,3,1],"texture":"#block","cullface":"Know2Good","rotation":270},
			"north":{"uv":[2,0,3,16],"texture":"#block","cullface":"Know2Good"},
			"south":{"uv":[0,0,1,16],"texture":"#block","cullface":"Know2Good"},
			"east":{"uv":[0,0,3,16],"texture":"#block","cullface":"Know2Good"}
		}
	},
	{
		"type":"cube", //Hinge side (west)
		"from":[0,0.001,13],
		"to":[1,16,16],
		"rotation": {"origin": [ 8, 1, 8 ], "axis": "y", "angle": 0 },
		"faces": {
			"up":{"uv":[0,0,3,1],"texture":"#block","cullface":"Know2Good","rotation":270},
			"north":{"uv":[2,0,3,16],"texture":"#block","cullface":"Know2Good"},
			"south":{"uv":[0,0,1,16],"texture":"#block","cullface":"Know2Good"},
			"west":{"uv":[3,0,0,16],"texture":"#block","cullface":"Know2Good"}
		}
	},
	{
		"type":"cube", //Right
		"from":[0,0.001,1],
		"to":[3,16,3],
		"rotation": {"origin": [ 8, 1, 8 ], "axis": "y", "angle": 0 },
		"faces": {
			"up":{"uv":[13,0,15,1],"texture":"#block","cullface":"Know2Good","rotation":270},
			"north":{"uv":[14,0,15,16],"texture":"#block","cullface":"Know2Good"},
			"south":{"uv":[13,0,14,16],"texture":"#block","cullface":"Know2Good"},
			"west":{"uv":[15,0,13,16],"texture":"#block","cullface":"Know2Good"},
			"east":{"uv":[13,0,15,16],"texture":"#block","cullface":"Know2Good"}
		}
	},
	{
		"type":"cube", //Top
		"from":[0,13,3],
		"to":[3,16,13],
		"rotation": {"origin": [ 8, 1, 8 ], "axis": "y", "angle": 0 },
		"faces": {
			"up":{"uv":[3,0,13,1],"texture":"#block","cullface":"Know2Good","rotation":270},
			"down":{"uv":[3,2,13,3],"texture":"#block","cullface":"Know2Good","rotation":90},
			"west":{"uv":[13,0,3,3],"texture":"#block","cullface":"Know2Good"},
			"east":{"uv":[3,0,13,3],"texture":"#block","cullface":"Know2Good"}
		}
	},
	{
		"type":"cube", //Bottom
		"from":[0,0,3],
		"to":[3,1,13],
		"rotation": {"origin": [ 8, 1, 8 ], "axis": "y", "angle": 0 },
		"faces": {
			"up":{"uv":[3,15,13,16],"texture":"#block","cullface":"Know2Good","rotation":270},
			"west":{"uv":[13,15,3,16],"texture":"#block","cullface":"Know2Good"},
			"east":{"uv":[3,15,13,16],"texture":"#block","cullface":"Know2Good"}
		}
	},
	{
		"type":"cube", //Bar left
		"from":[0.75,1,9],
		"to":[2.25,13,11],
		"rotation": {"origin": [ 8, 1, 8 ], "axis": "y", "angle": 0 },
		"faces": {
			"north":{"uv":[6,3,7,15],"texture":"#block","cullface":"Know2Good"},
			"south":{"uv":[5,3,6,15],"texture":"#block","cullface":"Know2Good"}
		}
	},
	{
		"type":"cube", //Bar right
		"from":[0.75,1,5],
		"to":[2.25,13,7],
		"rotation": {"origin": [ 8, 1, 8 ], "axis": "y", "angle": 0 },
		"faces": {
			"north":{"uv":[10,3,11,15],"texture":"#block","cullface":"Know2Good"},
			"south":{"uv":[9,3,10,15],"texture":"#block","cullface":"Know2Good"}
		}
	},
	{
		"type":"cube", //Handle west
		"from":[-1,0,3],
		"to":[-0.5,1,5],
		"rotation": {"origin": [ 8, 1, 8 ], "axis": "y", "angle": 0 },
		"faces": {
			"up":{"uv":[12,15,14,16],"texture":"#block","cullface":"Know2Good","rotation":270},
			"down":{"uv":[12,15,14,16],"texture":"#block","cullface":"Know2Good","rotation":90},
			"north":{"uv":[13,15,14,16],"texture":"#block","cullface":"Know2Good"},
			"south":{"uv":[12,15,13,16],"texture":"#block","cullface":"Know2Good"},
			"west":{"uv":[14,15,12,16],"texture":"#block","cullface":"Know2Good"},
			"east":{"uv":[12,15,14,16],"texture":"#block","cullface":"Know2Good"}
		}
	},
	{
		"type":"cube", //Handle east
		"from":[3.5,0,3],
		"to":[4,1,5],
		"rotation": {"origin": [ 8, 1, 8 ], "axis": "y", "angle": 0 },
		"faces": {
			"up":{"uv":[12,15,14,16],"texture":"#block","cullface":"Know2Good","rotation":270},
			"down":{"uv":[12,15,14,16],"texture":"#block","cullface":"Know2Good","rotation":90},
			"north":{"uv":[13,15,14,16],"texture":"#block","cullface":"Know2Good"},
			"south":{"uv":[12,15,13,16],"texture":"#block","cullface":"Know2Good"},
			"west":{"uv":[14,15,12,16],"texture":"#block","cullface":"Know2Good"},
			"east":{"uv":[12,15,14,16],"texture":"#block","cullface":"Know2Good"}
		}
	},
	{
		"type":"cube", //Handle through
		"from":[-1,0,2],
		"to":[4,1,3],
		"rotation": {"origin": [ 8, 1, 8 ], "axis": "y", "angle": 0 },
		"faces": {
			"up":{"uv":[13,15,14,16],"texture":"#block","cullface":"Know2Good","rotation":270},
			"down":{"uv":[13,15,14,16],"texture":"#block","cullface":"Know2Good","rotation":90},
			"north":{"uv":[13,15,14,16],"texture":"#block","cullface":"Know2Good"},
			"south":{"uv":[13,15,14,16],"texture":"#block","cullface":"Know2Good"},
			"west":{"uv":[13,15,14,16],"texture":"#block","cullface":"Know2Good"},
			"east":{"uv":[13,15,14,16],"texture":"#block","cullface":"Know2Good"}
		}
	},
	{
		"type":"cube", //Prevent handle
		"from":[-0.001,0,0.999],
		"to":[3.001,1.001,4],
		"rotation": {"origin": [ 8, 1, 8 ], "axis": "y", "angle": 0 },
		"faces": {
			"up":{"uv":[12,1,15,2],"texture":"#block","cullface":"Know2Good","rotation":270},
			"north":{"uv":[14,1,15,2],"texture":"#block","cullface":"Know2Good"},
			"west":{"uv":[15,1,12,2],"texture":"#block","cullface":"Know2Good"},
			"east":{"uv":[12,1,15,2],"texture":"#block","cullface":"Know2Good"}
		}
	}
],
"display": {
	"thirdperson": {
		"rotation": [ 0, 45, 1 ],
		"translation": [ 0, 0.5, 0 ],
		"scale": [ 1.1, 1.1, 1.1 ]
	},
	"firstperson": {
		"rotation": [ 0, 0, 0 ],
		"translation": [ 0, 0, 0 ],
		"scale": [ 1, 1, 1 ]
	},
	"gui": {
		"rotation": [ 0, 0, 0 ],
		"translation": [ 0, 0, 0 ],
		"scale": [ 1, 1, 1 ]
	}
}
}