{
    "__comment": "Fair warning, this format is highly likely to change even more in the future!",
    "textures": {
        "particle": "blocks/flower_allium",
        "all": "blocks/flower_allium"
    },
	"elements": [ 
{

    "from": [ 6.5, 10, 10 ],
    "to": [ 9, 12, 11 ],
    "faces": {
        "down": {
            "uv": [ 7, 5, 9.5, 6 ],
            "texture": "#all"
        },
        "up": {
            "uv": [ 6, 6, 8.5, 7 ],
            "texture": "#all"
        },
        "north": {
            "uv": [ 6.5, 4, 9, 6 ],
            "texture": "#all"
        },
        "south": {
            "uv": [ 6.5, 4, 9, 6 ],
            "texture": "#all"
        },
        "west": {
            "uv": [ 10, 4, 11, 6 ],
            "texture": "#all"
        },
        "east": {
            "uv": [ 10, 4, 11, 6 ],
            "texture": "#all"
        }
    }
},
{

    "from": [ 6, 10, 4 ],
    "to": [ 9, 12.5, 5 ],
    "faces": {
        "down": {
            "uv": [ 6, 4, 9, 5 ],
            "texture": "#all"
        },
        "up": {
            "uv": [ 6, 4, 9, 5 ],
            "texture": "#all"
        },
        "north": {
            "uv": [ 6, 3.5, 9, 6 ],
            "texture": "#all"
        },
        "south": {
            "uv": [ 6, 3.5, 9, 6 ],
            "texture": "#all"
        },
        "west": {
            "uv": [ 8, 3, 9, 5.5 ],
            "texture": "#all"
        },
        "east": {
            "uv": [ 6, 5, 7, 7.5 ],
            "texture": "#all"
        }
    }
},
{

    "from": [ 6, 8, 6.5 ],
    "to": [ 9.5, 9, 9.5 ],
    "faces": {
        "down": {
            "uv": [ 6, 3, 9.5, 6 ],
            "texture": "#all"
        },
        "up": {
            "uv": [ 5, 3, 8.5, 6 ],
            "texture": "#all"
        },
        "north": {
            "uv": [ 6, 5, 9.5, 6 ],
            "texture": "#all"
        },
        "south": {
            "uv": [ 6, 5, 9.5, 6 ],
            "texture": "#all"
        },
        "west": {
            "uv": [ 6, 5, 9, 6 ],
            "texture": "#all"
        },
        "east": {
            "uv": [ 6, 5, 9, 6 ],
            "texture": "#all"
        }
    }
},
{

    "from": [ 4, 9.5, 5.5 ],
    "to": [ 5, 12, 9 ],
    "faces": {
        "down": {
            "uv": [ 6, 3, 7, 6.5 ],
            "texture": "#all"
        },
        "up": {
            "uv": [ 8, 3, 9, 6.5 ],
            "texture": "#all"
        },
        "north": {
            "uv": [ 5, 4, 6, 6.5 ],
            "texture": "#all"
        },
        "south": {
            "uv": [ 5, 4, 6, 6.5 ],
            "texture": "#all"
        },
        "west": {
            "uv": [ 5.5, 4, 9, 6.5 ],
            "texture": "#all"
        },
        "east": {
            "uv": [ 5.5, 4, 9, 6.5 ],
            "texture": "#all"
        }
    }
},
{

    "from": [ 6, 13, 6 ],
    "to": [ 9, 14, 9 ],
    "faces": {
        "down": {
            "uv": [ 6, 3, 9, 6 ],
            "texture": "#all"
        },
        "up": {
            "uv": [ 6, 3, 9, 6 ],
            "texture": "#all"
        },
        "north": {
            "uv": [ 5, 4, 8, 5 ],
            "texture": "#all"
        },
        "south": {
            "uv": [ 6, 2, 9, 3 ],
            "texture": "#all"
        },
        "west": {
            "uv": [ 6, 2, 9, 3 ],
            "texture": "#all"
        },
        "east": {
            "uv": [ 6, 4, 9, 5 ],
            "texture": "#all"
        }
    }
},
{

    "from": [ 10, 10, 7 ],
    "to": [ 11, 12, 9 ],
    "faces": {
        "down": {
            "uv": [ 10, 4, 11, 6 ],
            "texture": "#all"
        },
        "up": {
            "uv": [ 7, 4, 8, 6 ],
            "texture": "#all"
        },
        "north": {
            "uv": [ 10, 4, 11, 6 ],
            "texture": "#all"
        },
        "south": {
            "uv": [ 10, 4, 11, 6 ],
            "texture": "#all"
        },
        "west": {
            "uv": [ 7, 4, 9, 6 ],
            "texture": "#all"
        },
        "east": {
            "uv": [ 7, 4, 9, 6 ],
            "texture": "#all"
        }
    }
},
{

    "from": [ 5, 9, 5 ],
    "to": [ 10, 13, 10 ],
    "faces": {
        "down": {
            "uv": [ 5, 3, 10, 7 ],
            "texture": "#all"
        },
        "up": {
            "uv": [ 5, 3, 10, 7 ],
            "texture": "#all"
        },
        "north": {
            "uv": [ 5, 3, 10, 7 ],
            "texture": "#all"
        },
        "south": {
            "uv": [ 5, 3, 10, 7 ],
            "texture": "#all"
        },
        "west": {
            "uv": [ 5, 3, 10, 7 ],
            "texture": "#all"
        },
        "east": {
            "uv": [ 5, 3, 10, 7 ],
            "texture": "#all"
        }
    }
},
{

    "from": [ 7, 0, 7 ],
    "to": [ 8, 9, 8 ],
    "faces": {
        "down": {
            "uv": [ 7, 7, 8, 8 ],
            "texture": "#all"
        },
        "up": {
            "uv": [ 7, 7, 8, 8 ],
            "texture": "#all"
        },
        "north": {
            "uv": [ 7, 7, 8, 16 ],
            "texture": "#all"
        },
        "south": {
            "uv": [ 7, 7, 8, 16 ],
            "texture": "#all"
        },
        "west": {
            "uv": [ 7, 7, 8, 16 ],
            "texture": "#all"
        },
        "east": {
            "uv": [ 7, 7, 8, 16 ],
            "texture": "#all"
        }
    }
}
]
}
