{
"__comment": "Designed by Glitcherdotbe with BDcraft Cubik PRO 0.95 Beta - http://bdcraft.net",
"textures": {
    "particle": "blocks/bed_feet_top",
    "texture2": "blocks/bed_head_side",
    "texture3": "blocks/bed_head_end",
    "texture4": "blocks/planks_oak",
    "texture1": "blocks/bed_head_top"
},
"elements": [ 
{
    "__comment": "Leg",
    "from": [ 13, 0, 13 ],
    "to": [ 16, 3, 16 ],
    "faces": {
        "down":  { "uv": [ 16, 16, 13, 13 ], "rotation": 270, "texture": "#texture2" },
        "up":    { "uv": [ 13, 13, 16, 16 ], "rotation": 90, "texture": "#texture2" },
        "north": { "uv": [ 0, 13, 3, 16 ], "texture": "#texture3" },
        "south": { "uv": [ 0, 13, 3, 16 ], "texture": "#texture3" },
        "west":  { "uv": [ 13, 13, 16, 16 ], "texture": "#texture2" },
        "east":  { "uv": [ 16, 13, 13, 16 ], "texture": "#texture2" }
    }
},
{
    "__comment": "Leg",
    "from": [ 0, 0, 13 ],
    "to": [ 3, 3, 16 ],
    "faces": {
        "down":  { "uv": [ 16, 16, 13, 13 ], "rotation": 270, "texture": "#texture2" },
        "up":    { "uv": [ 13, 13, 16, 16 ], "rotation": 90, "texture": "#texture2" },
        "north": { "uv": [ 0, 13, 3, 16 ], "texture": "#texture3" },
        "south": { "uv": [ 0, 13, 3, 16 ], "texture": "#texture3" },
        "west":  { "uv": [ 13, 13, 16, 16 ], "texture": "#texture2" },
        "east":  { "uv": [ 13, 13, 16, 16 ], "texture": "#texture2" }
    }
},
{
    "__comment": "Bed",
    "from": [ 0, 3, 0 ],
    "to": [ 16, 9, 16 ],
    "faces": {
        "down":  { "uv": [ 16, 16, 0, 0 ], "rotation": 270, "texture": "#texture4" },
        "up":    { "uv": [ 0, 16, 16, 0 ], "rotation": 90, "texture": "#texture1" },
        "north": { "uv": [ 0, 7, 16, 13 ], "texture": "#particle" },
        "south": { "uv": [ 0, 7, 16, 13 ], "texture": "#texture3" },
        "west":  { "uv": [ 0, 7, 16, 13 ], "texture": "#texture2" },
        "east":  { "uv": [ 16, 7, 0, 13 ], "texture": "#texture2" }
    }
},
{
    "__comment": "Bed",
    "from": [ 0, 9, 2 ],
    "to": [ 16, 9.5, 8 ],
    "faces": {
        "down":  { "uv": [ 14, 16, 8, 0 ], "rotation": 270, "texture": "#texture1" },
        "up":    { "uv": [ 2, 16, 8, 0 ], "rotation": 90, "texture": "#texture1" },
        "north": { "uv": [ 0, 0, 16, 1 ], "texture": "#particle" },
        "south": { "uv": [ 0, 15, 16, 16 ], "texture": "#particle" },
        "west":  { "uv": [ 2, 15, 8, 16 ], "texture": "#texture1" },
        "east":  { "uv": [ 2, 0, 8, 1 ], "texture": "#texture1" }
    }
},
{
    "__comment": "Bed",
    "from": [ -0.5, 5, 2 ],
    "to": [ 0, 9.5, 8 ],
    "faces": {
        "down":  { "uv": [ 2, 15.5, 8, 16 ], "rotation": 270, "texture": "#particle" },
        "up":    { "uv": [ 2, 15.5, 8, 16 ], "rotation": 90, "texture": "#particle" },
        "north": { "uv": [ 15.5, 6, 16, 12.5 ], "texture": "#particle" },
        "south": { "uv": [ 15.5, 6, 16, 12.5 ], "texture": "#particle" },
        "west":  { "uv": [ 2, 7, 8, 11 ], "texture": "#texture2" },
        "east":  { "uv": [ 2, 7, 8, 11 ], "texture": "#texture2" }
    }
},
{
    "__comment": "Bed*",
    "from": [ 16, 5, 2 ],
    "to": [ 16.5, 9.5, 8 ],
    "faces": {
        "down":  { "uv": [ 2, 15.5, 8, 16 ], "rotation": 270, "texture": "#particle" },
        "up":    { "uv": [ 2, 15.5, 8, 16 ], "rotation": 90, "texture": "#particle" },
        "north": { "uv": [ 15.5, 6, 16, 12.5 ], "texture": "#particle" },
        "south": { "uv": [ 15.5, 6, 16, 12.5 ], "texture": "#particle" },
        "west":  { "uv": [ 2, 7, 8, 11 ], "texture": "#texture2" },
        "east":  { "uv": [ 2, 7, 8, 11 ], "texture": "#texture2" }
    }
}
]
}