{
"__comment":"Made by Know2Good, part of the 'Default 3D™' resource pack || Official download page: http://www.planetminecraft.com/texture_pack/default-3d-2985741/ || © 2014 Know2Good. All rights reserved. ",
"textures": {
	"block": "blocks/door_birch_upper",
	"particle":"blocks/door_birch_upper"
},
"elements":[
	{
		"type":"cube", //The inner block
		"from":[0.75,0,0],
		"to":[2.25,16.001,15],
		"rotation": {"origin": [ 8, 1, 8 ], "axis": "y", "angle": 0 },
		"faces": {
			"up":{"uv":[1,1,16,2],"texture":"#block","cullface":"Know2Good","rotation":270},
			"north":{"uv":[15,0,16,16],"texture":"#block","cullface":"Know2Good"},
			"west":{"uv":[16,0,1,16],"texture":"#block","cullface":"Know2Good"},
			"east":{"uv":[1,0,16,16],"texture":"#block","cullface":"Know2Good"}
		}
	},
	{
		"type":"cube", //Bottom hinge
		"from":[-0.25,0,15],
		"to":[3.25,1,16.25],
		"rotation": {"origin": [ 8, 1, 8 ], "axis": "y", "angle": 0 },
		"faces": {
			"up":{"uv":[0,15,1,16],"texture":"#block","cullface":"Know2Good","rotation":270},
			"down":{"uv":[0,15,1,16],"texture":"#block","cullface":"Know2Good","rotation":90},
			"north":{"uv":[0,15,1,16],"texture":"#block","cullface":"Know2Good"},
			"south":{"uv":[0,15,1,16],"texture":"#block","cullface":"Know2Good"},
			"west":{"uv":[1,15,0,16],"texture":"#block","cullface":"Know2Good"},
			"east":{"uv":[0,15,1,16],"texture":"#block","cullface":"Know2Good"}
		}
	},
	{
		"type":"cube", //Top hinge
		"from":[-0.25,10,15],
		"to":[3.25,12,16.25],
		"rotation": {"origin": [ 8, 1, 8 ], "axis": "y", "angle": 0 },
		"faces": {
			"up":{"uv":[0,4,1,5],"texture":"#block","cullface":"Know2Good","rotation":270},
			"down":{"uv":[0,5,1,6],"texture":"#block","cullface":"Know2Good","rotation":90},
			"north":{"uv":[0,4,1,6],"texture":"#block","cullface":"Know2Good"},
			"south":{"uv":[0,4,1,6],"texture":"#block","cullface":"Know2Good"},
			"west":{"uv":[1,4,0,6],"texture":"#block","cullface":"Know2Good"},
			"east":{"uv":[0,4,1,6],"texture":"#block","cullface":"Know2Good"}
		}
	},
	{
		"type":"cube", //Detail 1 left
		"from":[0.50,0,10],
		"to":[2.50,10,11],
		"rotation": {"origin": [ 8, 1, 8 ], "axis": "y", "angle": 0 },
		"faces": {
			"down":{"uv":[5,15,6,16],"texture":"#block","cullface":"Know2Good","rotation":90},
			"north":{"uv":[5,6,6,16],"texture":"#block","cullface":"Know2Good"},
			"south":{"uv":[5,6,6,16],"texture":"#block","cullface":"Know2Good"},
			"west":{"uv":[6,6,5,16],"texture":"#block","cullface":"Know2Good"},
			"east":{"uv":[5,6,6,16],"texture":"#block","cullface":"Know2Good"}
		}
	},
	{
		"type":"cube", //Detail 1 right
		"from":[0.50,0,5],
		"to":[2.50,10,6],
		"rotation": {"origin": [ 8, 1, 8 ], "axis": "y", "angle": 0 },
		"faces": {
			"down":{"uv":[10,15,11,16],"texture":"#block","cullface":"Know2Good","rotation":90},
			"north":{"uv":[10,6,11,16],"texture":"#block","cullface":"Know2Good"},
			"south":{"uv":[10,6,11,16],"texture":"#block","cullface":"Know2Good"},
			"west":{"uv":[11,6,10,16],"texture":"#block","cullface":"Know2Good"},
			"east":{"uv":[10,6,11,16],"texture":"#block","cullface":"Know2Good"}
		}
	},
	{
		"type":"cube", //Detail 2 left
		"from":[0.50,1,11],
		"to":[2.50,2,13],
		"rotation": {"origin": [ 8, 1, 8 ], "axis": "y", "angle": 0 },
		"faces": {
			"up":{"uv":[3,14,5,15],"texture":"#block","cullface":"Know2Good","rotation":270},
			"down":{"uv":[3,14,5,15],"texture":"#block","cullface":"Know2Good","rotation":90},
			"west":{"uv":[5,14,3,15],"texture":"#block","cullface":"Know2Good"},
			"east":{"uv":[3,14,5,15],"texture":"#block","cullface":"Know2Good"}
		}
	},
	{
		"type":"cube", //Detail 2 right
		"from":[0.50,1,3],
		"to":[2.50,2,5],
		"rotation": {"origin": [ 8, 1, 8 ], "axis": "y", "angle": 0 },
		"faces": {
			"up":{"uv":[11,14,13,15],"texture":"#block","cullface":"Know2Good","rotation":270},
			"down":{"uv":[11,14,13,15],"texture":"#block","cullface":"Know2Good","rotation":90},
			"west":{"uv":[11,14,13,15],"texture":"#block","cullface":"Know2Good"},
			"east":{"uv":[11,14,13,15],"texture":"#block","cullface":"Know2Good"}
		}
	},
	{
		"type":"cube", //Detail 3
		"from":[0.499,4,3],
		"to":[2.499,5,13],
		"rotation": {"origin": [ 8, 1, 8 ], "axis": "y", "angle": 0 },
		"faces": {
			"up":{"uv":[3,11,13,12],"texture":"#block","cullface":"Know2Good","rotation":270},
			"down":{"uv":[3,11,13,12],"texture":"#block","cullface":"Know2Good","rotation":90},
			"west":{"uv":[13,11,3,12],"texture":"#block","cullface":"Know2Good"},
			"east":{"uv":[3,11,13,12],"texture":"#block","cullface":"Know2Good"}
		}
	},
	{
		"type":"cube", //Detail 4 left
		"from":[0.50,7,11],
		"to":[2.50,8,13],
		"rotation": {"origin": [ 8, 1, 8 ], "axis": "y", "angle": 0 },
		"faces": {
			"up":{"uv":[3,8,5,9],"texture":"#block","cullface":"Know2Good","rotation":270},
			"down":{"uv":[3,8,5,9],"texture":"#block","cullface":"Know2Good","rotation":90},
			"west":{"uv":[5,8,3,9],"texture":"#block","cullface":"Know2Good"},
			"east":{"uv":[3,8,5,9],"texture":"#block","cullface":"Know2Good"}
		}
	},
	{
		"type":"cube", //Detail 4 right
		"from":[0.50,7,3],
		"to":[2.50,8,5],
		"rotation": {"origin": [ 8, 1, 8 ], "axis": "y", "angle": 0 },
		"faces": {
			"up":{"uv":[11,8,13,9],"texture":"#block","cullface":"Know2Good","rotation":270},
			"down":{"uv":[11,8,13,9],"texture":"#block","cullface":"Know2Good","rotation":90},
			"west":{"uv":[11,8,13,9],"texture":"#block","cullface":"Know2Good"},
			"east":{"uv":[11,8,13,9],"texture":"#block","cullface":"Know2Good"}
		}
	},
	{
		"type":"cube", //Detail 5
		"from":[0.499,10,3],
		"to":[2.499,11,13],
		"rotation": {"origin": [ 8, 1, 8 ], "axis": "y", "angle": 0 },
		"faces": {
			"up":{"uv":[3,5,13,6],"texture":"#block","cullface":"Know2Good","rotation":270},
			"down":{"uv":[3,5,13,6],"texture":"#block","cullface":"Know2Good","rotation":90},
			"west":{"uv":[13,5,3,6],"texture":"#block","cullface":"Know2Good"},
			"east":{"uv":[3,5,13,6],"texture":"#block","cullface":"Know2Good"}
		}
	},
	{
		"type":"cube", //Detail 6
		"from":[0.50,11,7],
		"to":[2.50,13,9],
		"rotation": {"origin": [ 8, 1, 8 ], "axis": "y", "angle": 0 },
		"faces": {
			"north":{"uv":[8,3,9,5],"texture":"#block","cullface":"Know2Good"},
			"south":{"uv":[7,3,8,5],"texture":"#block","cullface":"Know2Good"},
			"west":{"uv":[9,3,7,5],"texture":"#block","cullface":"Know2Good"},
			"east":{"uv":[7,3,9,5],"texture":"#block","cullface":"Know2Good"}
		}
	},
	{
		"type":"cube", //Middle hinge side
		"from":[1,0.001,15],
		"to":[2,15.999,16],
		"rotation": {"origin": [ 8, 1, 8 ], "axis": "y", "angle": 0 },
		"faces": {
			"up":{"uv":[1,0,2,1],"texture":"#block","cullface":"Know2Good"},
			"south":{"uv":[1,0,2,16],"texture":"#block","cullface":"Know2Good"}
		}
	},
	{
		"type":"cube", //Hinge side (east)
		"from":[2,0,13],
		"to":[3,15.999,16],
		"rotation": {"origin": [ 8, 1, 8 ], "axis": "y", "angle": 0 },
		"faces": {
			"up":{"uv":[0,0,3,1],"texture":"#block","cullface":"Know2Good","rotation":270},
			"north":{"uv":[2,0,3,16],"texture":"#block","cullface":"Know2Good"},
			"south":{"uv":[0,0,1,16],"texture":"#block","cullface":"Know2Good"},
			"east":{"uv":[0,0,3,16],"texture":"#block","cullface":"Know2Good"}
		}
	},
	{
		"type":"cube", //Hinge side (west)
		"from":[0,0,13],
		"to":[1,15.999,16],
		"rotation": {"origin": [ 8, 1, 8 ], "axis": "y", "angle": 0 },
		"faces": {
			"up":{"uv":[0,0,3,1],"texture":"#block","cullface":"Know2Good","rotation":270},
			"north":{"uv":[2,0,3,16],"texture":"#block","cullface":"Know2Good"},
			"south":{"uv":[0,0,1,16],"texture":"#block","cullface":"Know2Good"},
			"west":{"uv":[3,0,0,16],"texture":"#block","cullface":"Know2Good"}
		}
	},
	{
		"type":"cube", //Middle
		"from":[0,13,3],
		"to":[3,15.999,13],
		"rotation": {"origin": [ 8, 1, 8 ], "axis": "y", "angle": 0 },
		"faces": {
			"up":{"uv":[3,0,13,1],"texture":"#block","cullface":"Know2Good","rotation":270},
			"down":{"uv":[3,2,13,3],"texture":"#block","cullface":"Know2Good","rotation":90},
			"north":{"uv":[12,0,13,3],"texture":"#block","cullface":"Know2Good"},
			"south":{"uv":[3,0,4,3],"texture":"#block","cullface":"Know2Good"},
			"west":{"uv":[13,0,3,3],"texture":"#block","cullface":"Know2Good"},
			"east":{"uv":[3,0,13,3],"texture":"#block","cullface":"Know2Good"}
		}
	},
	{
		"type":"cube", //Right
		"from":[0,0,1],
		"to":[3,15.999,3],
		"rotation": {"origin": [ 8, 1, 8 ], "axis": "y", "angle": 0 },
		"faces": {
			"up":{"uv":[13,0,15,1],"texture":"#block","cullface":"Know2Good","rotation":270},
			"down":{"uv":[13,15,15,16],"texture":"#block","cullface":"Know2Good","rotation":90},
			"north":{"uv":[14,0,15,16],"texture":"#block","cullface":"Know2Good"},
			"south":{"uv":[13,0,14,16],"texture":"#block","cullface":"Know2Good"},
			"west":{"uv":[15,0,13,16],"texture":"#block","cullface":"Know2Good"},
			"east":{"uv":[13,0,15,16],"texture":"#block","cullface":"Know2Good"}
		}
	},
	{
		"type":"cube", //Handle
		"from":[-0.75,0,1],
		"to":[3.75,2,2],
		"rotation": {"origin": [ 8, 1, 8 ], "axis": "y", "angle": 0 },
		"faces": {
			"up":{"uv":[14,14,15,15],"texture":"#block","cullface":"Know2Good","rotation":270},
			"down":{"uv":[14,15,15,16],"texture":"#block","cullface":"Know2Good","rotation":90},
			"north":{"uv":[14,14,15,16],"texture":"#block","cullface":"Know2Good"},
			"south":{"uv":[14,14,15,16],"texture":"#block","cullface":"Know2Good"},
			"west":{"uv":[15,14,14,16],"texture":"#block","cullface":"Know2Good"},
			"east":{"uv":[14,14,15,16],"texture":"#block","cullface":"Know2Good"}
		}
	},
	{
		"type":"cube", //Prevent handle
		"from":[0,0,0.999],
		"to":[3,2,1.001],
		"rotation": {"origin": [ 8, 1, 8 ], "axis": "y", "angle": 0 },
		"faces": {
			"north":{"uv":[14,6,15,8],"texture":"#block","cullface":"Know2Good"}
		}
	}
],
"display": {
	"thirdperson": {
		"rotation": [ 0, 45, 1 ],
		"translation": [ 0, 0.5, 0 ],
		"scale": [ 1.1, 1.1, 1.1 ]
	},
	"firstperson": {
		"rotation": [ 0, 0, 0 ],
		"translation": [ 0, 0, 0 ],
		"scale": [ 1, 1, 1 ]
	},
	"gui": {
		"rotation": [ 0, 0, 0 ],
		"translation": [ 0, 0, 0 ],
		"scale": [ 1, 1, 1 ]
	}
}
}