{
"__comment":"Made by Know2Good, part of the 'Default 3D™' resource pack || Official download page: http://www.planetminecraft.com/texture_pack/default-3d-2985741/ || © 2014 Know2Good. All rights reserved. ",
"textures": {
	"block": "blocks/door_birch_lower",
	"particle":"blocks/door_birch_lower"
},
"elements":[
	{
		"type":"cube", //The inner block
		"from":[0.75,0,0],
		"to":[2.25,16,15],
		"rotation": {"origin": [ 8, 1, 8 ], "axis": "y", "angle": 0 },
		"faces": {
			"down":{"uv":[1,15,16,16],"texture":"#block","cullface":"Know2Good","rotation":90},
			"north":{"uv":[15,0,16,16],"texture":"#block","cullface":"Know2Good"},
			"west":{"uv":[16,0,1,16],"texture":"#block","cullface":"Know2Good"},
			"east":{"uv":[1,0,16,16],"texture":"#block","cullface":"Know2Good"}
		}
	},
	{
		"type":"cube", //Bottom hinge
		"from":[-0.25,4,15],
		"to":[3.25,6,16.25],
		"rotation": {"origin": [ 8, 1, 8 ], "axis": "y", "angle": 0 },
		"faces": {
			"up":{"uv":[0,10,1,11],"texture":"#block","cullface":"Know2Good","rotation":270},
			"down":{"uv":[0,11,1,12],"texture":"#block","cullface":"Know2Good","rotation":90},
			"north":{"uv":[0,10,1,12],"texture":"#block","cullface":"Know2Good"},
			"south":{"uv":[0,10,1,12],"texture":"#block","cullface":"Know2Good"},
			"west":{"uv":[1,10,0,12],"texture":"#block","cullface":"Know2Good"},
			"east":{"uv":[0,10,1,12],"texture":"#block","cullface":"Know2Good"}
		}
	},
	{
		"type":"cube", //Top hinge
		"from":[-0.25,15,15],
		"to":[3.25,16,16.25],
		"rotation": {"origin": [ 8, 1, 8 ], "axis": "y", "angle": 0 },
		"faces": {
			"up":{"uv":[0,0,1,0],"texture":"#block","cullface":"Know2Good","rotation":270},
			"down":{"uv":[0,0,1,1],"texture":"#block","cullface":"Know2Good","rotation":90},
			"north":{"uv":[0,0,1,1],"texture":"#block","cullface":"Know2Good"},
			"south":{"uv":[0,0,1,1],"texture":"#block","cullface":"Know2Good"},
			"west":{"uv":[1,0,0,1],"texture":"#block","cullface":"Know2Good"},
			"east":{"uv":[0,0,1,1],"texture":"#block","cullface":"Know2Good"}
		}
	},
	{
		"type":"cube", //Detail 1
		"from":[0.50,12,7],
		"to":[2.50,14,9],
		"rotation": {"origin": [ 8, 1, 8 ], "axis": "y", "angle": 0 },
		"faces": {
			"north":{"uv":[8,2,9,4],"texture":"#block","cullface":"Know2Good"},
			"south":{"uv":[7,2,8,4],"texture":"#block","cullface":"Know2Good"},
			"west":{"uv":[9,2,7,4],"texture":"#block","cullface":"Know2Good"},
			"east":{"uv":[7,2,9,4],"texture":"#block","cullface":"Know2Good"}
		}
	},
	{
		"type":"cube", //Detail 2
		"from":[0.50,14,3],
		"to":[2.50,15,13],
		"rotation": {"origin": [ 8, 1, 8 ], "axis": "y", "angle": 0 },
		"faces": {
			"up":{"uv":[3,1,13,2],"texture":"#block","cullface":"Know2Good","rotation":270},
			"down":{"uv":[3,1,13,2],"texture":"#block","cullface":"Know2Good","rotation":90},
			"north":{"uv":[12,1,13,2],"texture":"#block","cullface":"Know2Good"},
			"south":{"uv":[3,1,4,2],"texture":"#block","cullface":"Know2Good"},
			"west":{"uv":[13,1,3,2],"texture":"#block","cullface":"Know2Good"},
			"east":{"uv":[3,1,13,2],"texture":"#block","cullface":"Know2Good"}
		}
	},
	{
		"type":"cube", //Detail 3 left
		"from":[0.50,15,10],
		"to":[2.50,16,11],
		"rotation": {"origin": [ 8, 1, 8 ], "axis": "y", "angle": 0 },
		"faces": {
			"up":{"uv":[5,0,6,1],"texture":"#block","cullface":"Know2Good","rotation":270},
			"north":{"uv":[5,0,6,1],"texture":"#block","cullface":"Know2Good"},
			"south":{"uv":[5,0,6,1],"texture":"#block","cullface":"Know2Good"},
			"west":{"uv":[6,0,5,1],"texture":"#block","cullface":"Know2Good"},
			"east":{"uv":[5,0,6,1],"texture":"#block","cullface":"Know2Good"}
		}
	},
	{
		"type":"cube", //Detail 3 right
		"from":[0.50,15,5],
		"to":[2.50,16,6],
		"rotation": {"origin": [ 8, 1, 8 ], "axis": "y", "angle": 0 },
		"faces": {
			"up":{"uv":[10,0,11,1],"texture":"#block","cullface":"Know2Good","rotation":270},
			"north":{"uv":[10,0,11,1],"texture":"#block","cullface":"Know2Good"},
			"south":{"uv":[10,0,11,1],"texture":"#block","cullface":"Know2Good"},
			"west":{"uv":[10,0,11,1],"texture":"#block","cullface":"Know2Good"},
			"east":{"uv":[10,0,11,1],"texture":"#block","cullface":"Know2Good"}
		}
	},
	{
		"type":"cube", //Middle hinge side
		"from":[1,0.001,15],
		"to":[2,16,16],
		"rotation": {"origin": [ 8, 1, 8 ], "axis": "y", "angle": 0 },
		"faces": {
			"down":{"uv":[1,15,2,16],"texture":"#block","cullface":"down"},
			"south":{"uv":[1,0,2,16],"texture":"#block","cullface":"Know2Good"}
		}
	},
	{
		"type":"cube", //Hinge side (east)
		"from":[2,0.001,13],
		"to":[3,16,16],
		"rotation": {"origin": [ 8, 1, 8 ], "axis": "y", "angle": 0 },
		"faces": {
			"down":{"uv":[0,15,3,16],"texture":"#block","cullface":"Know2Good","rotation":90},
			"north":{"uv":[2,0,3,16],"texture":"#block","cullface":"Know2Good"},
			"south":{"uv":[0,0,1,16],"texture":"#block","cullface":"Know2Good"},
			"east":{"uv":[0,0,3,16],"texture":"#block","cullface":"Know2Good"}
		}
	},
	{
		"type":"cube", //Hinge side (west)
		"from":[0,0.001,13],
		"to":[1,16,16],
		"rotation": {"origin": [ 8, 1, 8 ], "axis": "y", "angle": 0 },
		"faces": {
			"down":{"uv":[0,15,3,16],"texture":"#block","cullface":"Know2Good","rotation":90},
			"north":{"uv":[2,0,3,16],"texture":"#block","cullface":"Know2Good"},
			"south":{"uv":[0,0,1,16],"texture":"#block","cullface":"Know2Good"},
			"west":{"uv":[3,0,0,16],"texture":"#block","cullface":"Know2Good"}
		}
	},
	{
		"type":"cube", //Middle
		"from":[0,0.001,3],
		"to":[3,12,13],
		"rotation": {"origin": [ 8, 1, 8 ], "axis": "y", "angle": 0 },
		"faces": {
			"up":{"uv":[3,4,13,5],"texture":"#block","cullface":"Know2Good","rotation":270},
			"down":{"uv":[3,15,13,16],"texture":"#block","cullface":"Know2Good","rotation":90},
			"north":{"uv":[12,4,13,16],"texture":"#block","cullface":"Know2Good"},
			"south":{"uv":[3,4,4,16],"texture":"#block","cullface":"Know2Good"},
			"west":{"uv":[13,4,3,16],"texture":"#block","cullface":"Know2Good"},
			"east":{"uv":[3,4,13,16],"texture":"#block","cullface":"Know2Good"}
		}
	},
	{
		"type":"cube", //Right
		"from":[0,0.001,1],
		"to":[3,16,3],
		"rotation": {"origin": [ 8, 1, 8 ], "axis": "y", "angle": 0 },
		"faces": {
			"up":{"uv":[13,0,15,1],"texture":"#block","cullface":"Know2Good","rotation":270},
			"down":{"uv":[13,15,15,16],"texture":"#block","cullface":"Know2Good","rotation":90},
			"north":{"uv":[14,0,15,16],"texture":"#block","cullface":"Know2Good"},
			"south":{"uv":[13,0,14,16],"texture":"#block","cullface":"Know2Good"},
			"west":{"uv":[15,0,13,16],"texture":"#block","cullface":"Know2Good"},
			"east":{"uv":[13,0,15,16],"texture":"#block","cullface":"Know2Good"}
		}
	}
],
"display": {
	"thirdperson": {
		"rotation": [ 0, 45, 1 ],
		"translation": [ 0, 0.5, 0 ],
		"scale": [ 1.1, 1.1, 1.1 ]
	},
	"firstperson": {
		"rotation": [ 0, 0, 0 ],
		"translation": [ 0, 0, 0 ],
		"scale": [ 1, 1, 1 ]
	},
	"gui": {
		"rotation": [ 0, 0, 0 ],
		"translation": [ 0, 0, 0 ],
		"scale": [ 1, 1, 1 ]
	}
}
}