{
"__comment":"Made by Know2Good, part of the 'Default 3D™' resource pack || Official download page: http://www.planetminecraft.com/texture_pack/default-3d-2985741/ || © 2014 Know2Good. All rights reserved. ",
"textures": {
	"block": "blocks/brick",
	"particle":"blocks/brick"
},
"elements":[
	{
		"type":"cube", //The inner block 
		"from":[0,0,0],
		"to":[16,8,16],
		"rotation": {"origin": [ 8, 1, 8 ], "axis": "y", "angle": 0 },
		"faces": {
			"down":{"uv":[0,0,16,16],"texture":"#block","cullface":"down"},
			"up":{"uv":[0,0,16,16],"texture":"#block","cullface":"Know2Good"},
			"north":{"uv":[0,8,16,16],"texture":"#block","cullface":"north"},
			"south":{"uv":[0,8,16,16],"texture":"#block","cullface":"south"},
			"west":{"uv":[0,8,16,16],"texture":"#block","cullface":"west"},
			"east":{"uv":[0,8,16,16],"texture":"#block","cullface":"east"}
		}
	},
	{
		"type":"cube", //The inner block 
		"from":[8,8,8],
		"to":[16,16,16],
		"rotation": {"origin": [ 8, 1, 8 ], "axis": "y", "angle": 0 },
		"faces": {
			"up":{"uv":[8,8,16,16],"texture":"#block","cullface":"up"},
			"north":{"uv":[0,0,8,8],"texture":"#block","cullface":"Know2Good"},
			"south":{"uv":[8,0,16,8],"texture":"#block","cullface":"south"},
			"west":{"uv":[8,0,16,8],"texture":"#block","cullface":"Know2Good"},
			"east":{"uv":[8,0,16,8],"texture":"#block","cullface":"east"}
		}
	},
	{
		"type":"cube", //Top brick 1 row 1
		"from":[0.001,8,0.001],
		"to":[3,8.40,3],
		"rotation": {"origin": [ 8, 1, 8 ], "axis": "y", "angle": 0 },
		"faces": {
			"up":{"uv":[0,0,3,3],"texture":"#block","cullface":"Know2Good"},
			"north":{"uv":[0,0,3,1],"texture":"#block","cullface":"Know2Good","rotation":180},
			"south":{"uv":[0,2,3,3],"texture":"#block","cullface":"Know2Good"},
			"west":{"uv":[0,0,1,3],"texture":"#block","cullface":"Know2Good","rotation":270},
			"east":{"uv":[2,0,3,3],"texture":"#block","cullface":"Know2Good","rotation":90}
		}
	},
	{
		"type":"cube", //Top brick 2 row 1
		"from":[4,8,0.001],
		"to":[11,8.40,3],
		"rotation": {"origin": [ 8, 1, 8 ], "axis": "y", "angle": 0 },
		"faces": {
			"up":{"uv":[4,0,11,3],"texture":"#block","cullface":"Know2Good"},
			"north":{"uv":[4,0,11,1],"texture":"#block","cullface":"Know2Good","rotation":180},
			"south":{"uv":[4,2,11,3],"texture":"#block","cullface":"Know2Good"},
			"west":{"uv":[4,0,5,3],"texture":"#block","cullface":"Know2Good","rotation":270},
			"east":{"uv":[10,0,11,3],"texture":"#block","cullface":"Know2Good","rotation":90}
		}
	},
	{
		"type":"cube", //Top brick 3 row 1
		"from":[12,8,0.001],
		"to":[15.999,8.40,3],
		"rotation": {"origin": [ 8, 1, 8 ], "axis": "y", "angle": 0 },
		"faces": {
			"up":{"uv":[12,0,16,3],"texture":"#block","cullface":"Know2Good"},
			"north":{"uv":[12,0,16,1],"texture":"#block","cullface":"Know2Good","rotation":180},
			"south":{"uv":[12,2,16,3],"texture":"#block","cullface":"Know2Good"},
			"west":{"uv":[12,0,13,3],"texture":"#block","cullface":"Know2Good","rotation":270},
			"east":{"uv":[15,0,16,3],"texture":"#block","cullface":"Know2Good","rotation":90}
		}
	},
	{
		"type":"cube", //Top brick 1 row 2
		"from":[0.001,8,4],
		"to":[7,8.40,7],
		"rotation": {"origin": [ 8, 1, 8 ], "axis": "y", "angle": 0 },
		"faces": {
			"up":{"uv":[0,4,7,7],"texture":"#block","cullface":"Know2Good"},
			"north":{"uv":[0,4,7,5],"texture":"#block","cullface":"Know2Good","rotation":180},
			"south":{"uv":[0,6,7,7],"texture":"#block","cullface":"Know2Good"},
			"west":{"uv":[0,4,1,7],"texture":"#block","cullface":"Know2Good","rotation":270},
			"east":{"uv":[6,4,7,7],"texture":"#block","cullface":"Know2Good","rotation":90}
		}
	},
	{
		"type":"cube", //Top brick 2 row 2
		"from":[8,8,4],
		"to":[15,8.40,7],
		"rotation": {"origin": [ 8, 1, 8 ], "axis": "y", "angle": 0 },
		"faces": {
			"up":{"uv":[8,4,15,7],"texture":"#block","cullface":"Know2Good"},
			"north":{"uv":[8,4,15,5],"texture":"#block","cullface":"Know2Good","rotation":180},
			"south":{"uv":[8,6,15,7],"texture":"#block","cullface":"Know2Good"},
			"west":{"uv":[8,4,9,7],"texture":"#block","cullface":"Know2Good","rotation":270},
			"east":{"uv":[14,4,15,7],"texture":"#block","cullface":"Know2Good","rotation":90}
		}
	},
	{
		"type":"cube", //Top brick 1 row 3
		"from":[0.001,8,8],
		"to":[3,8.40,11],
		"rotation": {"origin": [ 8, 1, 8 ], "axis": "y", "angle": 0 },
		"faces": {
			"up":{"uv":[0,8,3,11],"texture":"#block","cullface":"Know2Good"},
			"north":{"uv":[0,8,3,9],"texture":"#block","cullface":"Know2Good","rotation":180},
			"south":{"uv":[0,10,3,11],"texture":"#block","cullface":"Know2Good"},
			"west":{"uv":[0,8,1,11],"texture":"#block","cullface":"Know2Good","rotation":270},
			"east":{"uv":[2,8,3,11],"texture":"#block","cullface":"Know2Good","rotation":90}
		}
	},
	{
		"type":"cube", //Top brick 2.1 row 3
		"from":[4,8,8],
		"to":[8,8.40,11],
		"rotation": {"origin": [ 8, 1, 8 ], "axis": "y", "angle": 0 },
		"faces": {
			"up":{"uv":[4,8,8,11],"texture":"#block","cullface":"Know2Good"},
			"north":{"uv":[4,8,8,9],"texture":"#block","cullface":"Know2Good","rotation":180},
			"south":{"uv":[4,10,8,11],"texture":"#block","cullface":"Know2Good"},
			"west":{"uv":[4,8,5,11],"texture":"#block","cullface":"Know2Good","rotation":270},
			"east":{"uv":[7,8,8,11],"texture":"#block","cullface":"Know2Good","rotation":90}
		}
	},
	{
		"type":"cube", //Top brick 2.2 row 3
		"from":[8,16,8],
		"to":[11,16.40,11],
		"rotation": {"origin": [ 8, 1, 8 ], "axis": "y", "angle": 0 },
		"faces": {
			"up":{"uv":[8,8,11,11],"texture":"#block","cullface":"up"},
			"north":{"uv":[8,8,11,9],"texture":"#block","cullface":"up","rotation":180},
			"south":{"uv":[8,10,11,11],"texture":"#block","cullface":"up"},
			"west":{"uv":[8,8,9,11],"texture":"#block","cullface":"up","rotation":270},
			"east":{"uv":[10,8,11,11],"texture":"#block","cullface":"up","rotation":90}
		}
	},
	{
		"type":"cube", //Top brick 3 row 3
		"from":[12,16,8],
		"to":[15.999,16.40,11],
		"rotation": {"origin": [ 8, 1, 8 ], "axis": "y", "angle": 0 },
		"faces": {
			"up":{"uv":[12,8,16,11],"texture":"#block","cullface":"up"},
			"north":{"uv":[12,8,16,9],"texture":"#block","cullface":"up","rotation":180},
			"south":{"uv":[12,10,16,11],"texture":"#block","cullface":"up"},
			"west":{"uv":[12,8,13,11],"texture":"#block","cullface":"up","rotation":270},
			"east":{"uv":[15,8,16,11],"texture":"#block","cullface":"up","rotation":90}
		}
	},
	{
		"type":"cube", //Top brick 1 row 4
		"from":[0.001,8,12],
		"to":[7,8.40,15],
		"rotation": {"origin": [ 8, 1, 8 ], "axis": "y", "angle": 0 },
		"faces": {
			"up":{"uv":[0,12,7,15],"texture":"#block","cullface":"Know2Good"},
			"north":{"uv":[0,12,7,13],"texture":"#block","cullface":"Know2Good","rotation":180},
			"south":{"uv":[0,14,7,15],"texture":"#block","cullface":"Know2Good"},
			"west":{"uv":[0,12,1,15],"texture":"#block","cullface":"Know2Good","rotation":270},
			"east":{"uv":[6,12,7,15],"texture":"#block","cullface":"Know2Good","rotation":90}
		}
	},
	{
		"type":"cube", //Top brick 2 row 4
		"from":[8,16,12],
		"to":[15,16.40,15],
		"rotation": {"origin": [ 8, 1, 8 ], "axis": "y", "angle": 0 },
		"faces": {
			"up":{"uv":[8,12,15,15],"texture":"#block","cullface":"up"},
			"north":{"uv":[8,12,15,13],"texture":"#block","cullface":"up","rotation":180},
			"south":{"uv":[8,14,15,15],"texture":"#block","cullface":"up"},
			"west":{"uv":[8,12,9,15],"texture":"#block","cullface":"up","rotation":270},
			"east":{"uv":[14,12,15,15],"texture":"#block","cullface":"up","rotation":90}
		}
	},
	{
		"type":"cube", //North brick 1 row 1
		"from":[13,13,7.60],
		"to":[15.999,15.999,8],
		"rotation": {"origin": [ 8, 1, 8 ], "axis": "y", "angle": 0 },
		"faces": {
			"up":{"uv":[0,0,1,3],"texture":"#block","cullface":"Know2Good","rotation":90},
			"down":{"uv":[2,0,3,3],"texture":"#block","cullface":"Know2Good","rotation":90},
			"north":{"uv":[0,0,3,3],"texture":"#block","cullface":"Know2Good"},
			"west":{"uv":[2,0,3,3],"texture":"#block","cullface":"Know2Good"},
			"east":{"uv":[0,0,1,3],"texture":"#block","cullface":"Know2Good"}
		}
	},
	{
		"type":"cube", //North brick 2 row 1
		"from":[8,13,7.60],
		"to":[12,15.999,8],
		"rotation": {"origin": [ 8, 1, 8 ], "axis": "y", "angle": 0 },
		"faces": {
			"up":{"uv":[4,0,8,1],"texture":"#block","cullface":"Know2Good"},
			"down":{"uv":[4,2,8,3],"texture":"#block","cullface":"Know2Good"},
			"north":{"uv":[4,0,8,3],"texture":"#block","cullface":"Know2Good"},
			"west":{"uv":[7,0,8,3],"texture":"#block","cullface":"Know2Good"},
			"east":{"uv":[4,0,5,3],"texture":"#block","cullface":"Know2Good"}
		}
	},
	{
		"type":"cube", //North brick 1 row 2
		"from":[9,9,7.60],
		"to":[15.999,12,8],
		"rotation": {"origin": [ 8, 1, 8 ], "axis": "y", "angle": 0 },
		"faces": {
			"up":{"uv":[0,4,7,5],"texture":"#block","cullface":"Know2Good","rotation":180},
			"down":{"uv":[0,6,7,7],"texture":"#block","cullface":"Know2Good"},
			"north":{"uv":[0,4,7,7],"texture":"#block","cullface":"Know2Good"},
			"west":{"uv":[6,4,7,7],"texture":"#block","cullface":"Know2Good"},
			"east":{"uv":[0,4,1,7],"texture":"#block","cullface":"Know2Good"}
		}
	},
	{
		"type":"cube", //North brick 1 row 3
		"from":[13,5,-0.40],
		"to":[15.999,7.999,0],
		"rotation": {"origin": [ 8, 1, 8 ], "axis": "y", "angle": 0 },
		"faces": {
			"up":{"uv":[0,8,3,9],"texture":"#block","cullface":"north","rotation":180},
			"down":{"uv":[0,10,3,11],"texture":"#block","cullface":"north"},
			"north":{"uv":[0,8,3,11],"texture":"#block","cullface":"north"},
			"west":{"uv":[0,8,1,11],"texture":"#block","cullface":"north"},
			"east":{"uv":[2,8,3,11],"texture":"#block","cullface":"north"}
		}
	},
	{
		"type":"cube", //North brick 2 row 3
		"from":[5,5,-0.40],
		"to":[12,7.999,0],
		"rotation": {"origin": [ 8, 1, 8 ], "axis": "y", "angle": 0 },
		"faces": {
			"up":{"uv":[4,8,11,9],"texture":"#block","cullface":"north"},
			"down":{"uv":[4,10,11,11],"texture":"#block","cullface":"north","rotation":180},
			"north":{"uv":[4,8,11,11],"texture":"#block","cullface":"north"},
			"west":{"uv":[10,8,11,11],"texture":"#block","cullface":"north"},
			"east":{"uv":[4,8,5,11],"texture":"#block","cullface":"north"}
		}
	},
	{
		"type":"cube", //North brick 3 row 3
		"from":[0.001,5,-0.40],
		"to":[4,7.999,0],
		"rotation": {"origin": [ 8, 1, 8 ], "axis": "y", "angle": 0 },
		"faces": {
			"up":{"uv":[12,8,16,9],"texture":"#block","cullface":"north","rotation":180},
			"down":{"uv":[12,10,16,11],"texture":"#block","cullface":"north","rotation":180},
			"north":{"uv":[12,8,16,11],"texture":"#block","cullface":"north"},
			"west":{"uv":[15,8,16,11],"texture":"#block","cullface":"north"},
			"east":{"uv":[12,8,13,11],"texture":"#block","cullface":"north"}
		}
	},
	{
		"type":"cube", //North brick 1 row 4
		"from":[9,1,-0.40],
		"to":[15.999,4,0],
		"rotation": {"origin": [ 8, 1, 8 ], "axis": "y", "angle": 0 },
		"faces": {
			"up":{"uv":[0,12,7,13],"texture":"#block","cullface":"north","rotation":180},
			"down":{"uv":[0,14,7,15],"texture":"#block","cullface":"north","rotation":180},
			"north":{"uv":[0,12,7,15],"texture":"#block","cullface":"north"},
			"west":{"uv":[6,12,7,15],"texture":"#block","cullface":"north"},
			"east":{"uv":[0,12,1,15],"texture":"#block","cullface":"north"}
		}
	},
	{
		"type":"cube", //North brick 2 row 4
		"from":[1,1,-0.40],
		"to":[8,4,0],
		"rotation": {"origin": [ 8, 1, 8 ], "axis": "y", "angle": 0 },
		"faces": {
			"up":{"uv":[8,12,15,13],"texture":"#block","cullface":"north","rotation":180},
			"down":{"uv":[8,14,15,15],"texture":"#block","cullface":"north","rotation":180},
			"north":{"uv":[8,12,15,15],"texture":"#block","cullface":"north"},
			"west":{"uv":[14,12,15,15],"texture":"#block","cullface":"north"},
			"east":{"uv":[8,12,9,15],"texture":"#block","cullface":"north"}
		}
	},
	{
		"type":"cube", //East brick 1 row 1
		"from":[16,13,13],
		"to":[16.40,15.999,15.999],
		"rotation": {"origin": [ 8, 1, 8 ], "axis": "y", "angle": 0 },
		"faces": {
			"up":{"uv":[0,0,3,1],"texture":"#block","cullface":"east","rotation":270},
			"down":{"uv":[0,2,3,3],"texture":"#block","cullface":"east","rotation":90},
			"north":{"uv":[2,0,3,3],"texture":"#block","cullface":"east"},
			"south":{"uv":[0,0,1,3],"texture":"#block","cullface":"east"},
			"east":{"uv":[0,0,3,3],"texture":"#block","cullface":"east"}
		}
	},
	{
		"type":"cube", //East brick 2 row 1
		"from":[16,13,8.001],
		"to":[16.40,15.999,12],
		"rotation": {"origin": [ 8, 1, 8 ], "axis": "y", "angle": 0 },
		"faces": {
			"up":{"uv":[8,0,11,1],"texture":"#block","cullface":"east","rotation":270},
			"down":{"uv":[8,2,11,3],"texture":"#block","cullface":"east","rotation":90},
			"north":{"uv":[10,0,11,3],"texture":"#block","cullface":"east"},
			"south":{"uv":[8,0,9,3],"texture":"#block","cullface":"east"},
			"east":{"uv":[8,0,11,3],"texture":"#block","cullface":"east"}
		}
	},
	{
		"type":"cube", //East brick 1 row 2
		"from":[16,9,9],
		"to":[16.40,12,15.999],
		"rotation": {"origin": [ 8, 1, 8 ], "axis": "y", "angle": 0 },
		"faces": {
			"up":{"uv":[0,4,7,5],"texture":"#block","cullface":"east","rotation":270},
			"down":{"uv":[0,6,7,7],"texture":"#block","cullface":"east","rotation":90},
			"north":{"uv":[6,4,7,7],"texture":"#block","cullface":"east"},
			"south":{"uv":[0,4,1,7],"texture":"#block","cullface":"east"},
			"east":{"uv":[0,4,7,7],"texture":"#block","cullface":"east"}
		}
	},
	{
		"type":"cube", //East brick 1 row 3
		"from":[16,5,13],
		"to":[16.40,7.999,15.999],
		"rotation": {"origin": [ 8, 1, 8 ], "axis": "y", "angle": 0 },
		"faces": {
			"up":{"uv":[0,8,3,9],"texture":"#block","cullface":"east","rotation":270},
			"down":{"uv":[0,10,3,11],"texture":"#block","cullface":"east","rotation":90},
			"north":{"uv":[2,8,3,11],"texture":"#block","cullface":"east"},
			"south":{"uv":[0,8,1,11],"texture":"#block","cullface":"east"},
			"east":{"uv":[0,8,3,11],"texture":"#block","cullface":"east"}
		}
	},
	{
		"type":"cube", //East brick 2 row 3
		"from":[16,5,5],
		"to":[16.40,7.999,12],
		"rotation": {"origin": [ 8, 1, 8 ], "axis": "y", "angle": 0 },
		"faces": {
			"up":{"uv":[4,8,11,9],"texture":"#block","cullface":"east","rotation":270},
			"down":{"uv":[4,10,11,11],"texture":"#block","cullface":"east","rotation":90},
			"north":{"uv":[10,8,11,11],"texture":"#block","cullface":"east"},
			"south":{"uv":[4,8,5,11],"texture":"#block","cullface":"east"},
			"east":{"uv":[4,8,11,11],"texture":"#block","cullface":"east"}
		}
	},
	{
		"type":"cube", //East brick 3 row 3
		"from":[16,5,0.001],
		"to":[16.40,7.999,4],
		"rotation": {"origin": [ 8, 1, 8 ], "axis": "y", "angle": 0 },
		"faces": {
			"up":{"uv":[12,8,16,9],"texture":"#block","cullface":"east","rotation":270},
			"down":{"uv":[12,10,16,11],"texture":"#block","cullface":"east","rotation":90},
			"north":{"uv":[15,8,16,11],"texture":"#block","cullface":"east"},
			"south":{"uv":[12,8,13,11],"texture":"#block","cullface":"east"},
			"east":{"uv":[12,8,16,11],"texture":"#block","cullface":"east"}
		}
	},
	{
		"type":"cube", //East brick 1 row 4
		"from":[16,1,9],
		"to":[16.40,4,15.999],
		"rotation": {"origin": [ 8, 1, 8 ], "axis": "y", "angle": 0 },
		"faces": {
			"up":{"uv":[0,12,7,13],"texture":"#block","cullface":"east","rotation":270},
			"down":{"uv":[0,14,7,15],"texture":"#block","cullface":"east","rotation":90},
			"north":{"uv":[6,12,7,15],"texture":"#block","cullface":"east"},
			"south":{"uv":[0,12,1,15],"texture":"#block","cullface":"east"},
			"east":{"uv":[0,12,7,15],"texture":"#block","cullface":"east"}
		}
	},
	{
		"type":"cube", //East brick 2 row 4
		"from":[16,1,1],
		"to":[16.40,4,8],
		"rotation": {"origin": [ 8, 1, 8 ], "axis": "y", "angle": 0 },
		"faces": {
			"up":{"uv":[8,12,15,13],"texture":"#block","cullface":"east","rotation":270},
			"down":{"uv":[8,14,15,15],"texture":"#block","cullface":"east","rotation":90},
			"north":{"uv":[14,12,15,15],"texture":"#block","cullface":"east"},
			"south":{"uv":[8,12,9,15],"texture":"#block","cullface":"east"},
			"east":{"uv":[8,12,15,15],"texture":"#block","cullface":"east"}
		}
	},
	{
		"type":"cube", //South brick 2 row 1
		"from":[8.001,13,16],
		"to":[11,15.999,16.40],
		"rotation": {"origin": [ 8, 1, 8 ], "axis": "y", "angle": 0 },
		"faces": {
			"up":{"uv":[8,0,11,1],"texture":"#block","cullface":"south"},
			"down":{"uv":[8,2,11,3],"texture":"#block","cullface":"south"},
			"south":{"uv":[8,0,11,3],"texture":"#block","cullface":"south"},
			"west":{"uv":[8,0,9,3],"texture":"#block","cullface":"south"},
			"east":{"uv":[10,0,11,3],"texture":"#block","cullface":"south"}
		}
	},
	{
		"type":"cube", //South brick 3 row 1
		"from":[12,13,16],
		"to":[15.999,15.999,16.40],
		"rotation": {"origin": [ 8, 1, 8 ], "axis": "y", "angle": 0 },
		"faces": {
			"up":{"uv":[12,0,16,1],"texture":"#block","cullface":"south"},
			"down":{"uv":[12,2,16,3],"texture":"#block","cullface":"south"},
			"south":{"uv":[12,0,16,3],"texture":"#block","cullface":"south"},
			"west":{"uv":[12,0,13,3],"texture":"#block","cullface":"south"},
			"east":{"uv":[15,0,16,3],"texture":"#block","cullface":"south"}
		}
	},
	{
		"type":"cube", //South brick 2 row 2
		"from":[8.001,9,16],
		"to":[15,12,16.40],
		"rotation": {"origin": [ 8, 1, 8 ], "axis": "y", "angle": 0 },
		"faces": {
			"up":{"uv":[8,4,15,5],"texture":"#block","cullface":"south"},
			"down":{"uv":[8,6,15,7],"texture":"#block","cullface":"south"},
			"south":{"uv":[8,4,15,7],"texture":"#block","cullface":"south"},
			"west":{"uv":[8,4,9,7],"texture":"#block","cullface":"south"},
			"east":{"uv":[14,4,15,7],"texture":"#block","cullface":"south"}
		}
	},
	{
		"type":"cube", //South brick 1 row 3
		"from":[0.001,5,16],
		"to":[3,7.999,16.40],
		"rotation": {"origin": [ 8, 1, 8 ], "axis": "y", "angle": 0 },
		"faces": {
			"up":{"uv":[0,8,3,9],"texture":"#block","cullface":"south"},
			"down":{"uv":[0,10,3,11],"texture":"#block","cullface":"south"},
			"south":{"uv":[0,8,3,11],"texture":"#block","cullface":"south"},
			"west":{"uv":[0,8,1,11],"texture":"#block","cullface":"south"},
			"east":{"uv":[2,8,3,11],"texture":"#block","cullface":"south"}
		}
	},
	{
		"type":"cube", //South brick 2 row 3
		"from":[4,5,16],
		"to":[11,7.999,16.40],
		"rotation": {"origin": [ 8, 1, 8 ], "axis": "y", "angle": 0 },
		"faces": {
			"up":{"uv":[4,8,11,9],"texture":"#block","cullface":"south"},
			"down":{"uv":[4,10,11,11],"texture":"#block","cullface":"south"},
			"south":{"uv":[4,8,11,11],"texture":"#block","cullface":"south"},
			"west":{"uv":[4,8,5,11],"texture":"#block","cullface":"south"},
			"east":{"uv":[10,8,11,11],"texture":"#block","cullface":"south"}
		}
	},
	{
		"type":"cube", //South brick 3 row 3
		"from":[12,5,16],
		"to":[15.999,7.999,16.40],
		"rotation": {"origin": [ 8, 1, 8 ], "axis": "y", "angle": 0 },
		"faces": {
			"up":{"uv":[12,8,16,9],"texture":"#block","cullface":"south"},
			"down":{"uv":[12,10,16,11],"texture":"#block","cullface":"south"},
			"south":{"uv":[12,8,16,11],"texture":"#block","cullface":"south"},
			"west":{"uv":[12,8,13,11],"texture":"#block","cullface":"south"},
			"east":{"uv":[15,8,16,11],"texture":"#block","cullface":"south"}
		}
	},
	{
		"type":"cube", //South brick 1 row 4
		"from":[0.001,1,16],
		"to":[7,4,16.40],
		"rotation": {"origin": [ 8, 1, 8 ], "axis": "y", "angle": 0 },
		"faces": {
			"up":{"uv":[0,12,7,13],"texture":"#block","cullface":"south"},
			"down":{"uv":[0,14,7,15],"texture":"#block","cullface":"south"},
			"south":{"uv":[0,12,7,15],"texture":"#block","cullface":"south"},
			"west":{"uv":[0,12,1,15],"texture":"#block","cullface":"south"},
			"east":{"uv":[6,12,7,15],"texture":"#block","cullface":"south"}
		}
	},
	{
		"type":"cube", //South brick 2 row 4
		"from":[8,1,16],
		"to":[15,4,16.40],
		"rotation": {"origin": [ 8, 1, 8 ], "axis": "y", "angle": 0 },
		"faces": {
			"up":{"uv":[8,12,15,13],"texture":"#block","cullface":"south"},
			"down":{"uv":[8,14,15,15],"texture":"#block","cullface":"south"},
			"south":{"uv":[8,12,15,15],"texture":"#block","cullface":"south"},
			"west":{"uv":[8,12,9,15],"texture":"#block","cullface":"south"},
			"east":{"uv":[14,12,15,15],"texture":"#block","cullface":"south"}
		}
	},
	{
		"type":"cube", //West brick 2 row 1
		"from":[7.60,13,8],
		"to":[8,15.999,11],
		"rotation": {"origin": [ 8, 1, 8 ], "axis": "y", "angle": 0 },
		"faces": {
			"up":{"uv":[8,0,11,1],"texture":"#block","cullface":"Know2Good","rotation":90},
			"down":{"uv":[8,2,11,3],"texture":"#block","cullface":"Know2Good","rotation":270},
			"north":{"uv":[8,0,9,3],"texture":"#block","cullface":"Know2Good"},
			"south":{"uv":[10,0,11,3],"texture":"#block","cullface":"Know2Good"},
			"west":{"uv":[8,0,11,3],"texture":"#block","cullface":"Know2Good"}
		}
	},
	{
		"type":"cube", //West brick 3 row 1
		"from":[7.60,13,12],
		"to":[8,15.999,15.999],
		"rotation": {"origin": [ 8, 1, 8 ], "axis": "y", "angle": 0 },
		"faces": {
			"up":{"uv":[12,0,16,1],"texture":"#block","cullface":"Know2Good","rotation":90},
			"down":{"uv":[12,2,16,3],"texture":"#block","cullface":"Know2Good","rotation":270},
			"north":{"uv":[12,0,13,3],"texture":"#block","cullface":"Know2Good"},
			"south":{"uv":[15,0,16,3],"texture":"#block","cullface":"Know2Good"},
			"west":{"uv":[12,0,16,3],"texture":"#block","cullface":"Know2Good"}
		}
	},
	{
		"type":"cube", //West brick 2 row 2
		"from":[7.60,9,8],
		"to":[8,12,15],
		"rotation": {"origin": [ 8, 1, 8 ], "axis": "y", "angle": 0 },
		"faces": {
			"up":{"uv":[8,4,15,5],"texture":"#block","cullface":"Know2Good","rotation":90},
			"down":{"uv":[8,6,15,7],"texture":"#block","cullface":"Know2Good","rotation":270},
			"north":{"uv":[8,4,9,7],"texture":"#block","cullface":"Know2Good"},
			"south":{"uv":[14,4,15,7],"texture":"#block","cullface":"Know2Good"},
			"west":{"uv":[8,4,15,7],"texture":"#block","cullface":"Know2Good"}
		}
	},
	{
		"type":"cube", //West brick 1 row 3
		"from":[-0.40,5,0.001],
		"to":[0,7.999,3],
		"rotation": {"origin": [ 8, 1, 8 ], "axis": "y", "angle": 0 },
		"faces": {
			"up":{"uv":[0,8,3,9],"texture":"#block","cullface":"west","rotation":90},
			"down":{"uv":[0,10,3,11],"texture":"#block","cullface":"west","rotation":270},
			"north":{"uv":[0,8,1,11],"texture":"#block","cullface":"west"},
			"south":{"uv":[2,8,3,11],"texture":"#block","cullface":"west"},
			"west":{"uv":[0,8,3,11],"texture":"#block","cullface":"west"}
		}
	},
	{
		"type":"cube", //West brick 2 row 3
		"from":[-0.40,5,4],
		"to":[0,7.999,11],
		"rotation": {"origin": [ 8, 1, 8 ], "axis": "y", "angle": 0 },
		"faces": {
			"up":{"uv":[4,8,11,9],"texture":"#block","cullface":"west","rotation":90},
			"down":{"uv":[4,10,11,11],"texture":"#block","cullface":"west","rotation":270},
			"north":{"uv":[4,8,5,11],"texture":"#block","cullface":"west"},
			"south":{"uv":[10,8,11,11],"texture":"#block","cullface":"west"},
			"west":{"uv":[4,8,11,11],"texture":"#block","cullface":"west"}
		}
	},
	{
		"type":"cube", //West brick 3 row 3
		"from":[-0.40,5,12],
		"to":[0,7.999,15.999],
		"rotation": {"origin": [ 8, 1, 8 ], "axis": "y", "angle": 0 },
		"faces": {
			"up":{"uv":[12,8,16,9],"texture":"#block","cullface":"west","rotation":90},
			"down":{"uv":[12,10,16,11],"texture":"#block","cullface":"west","rotation":270},
			"north":{"uv":[12,8,13,11],"texture":"#block","cullface":"west"},
			"south":{"uv":[15,8,16,11],"texture":"#block","cullface":"west"},
			"west":{"uv":[12,8,16,11],"texture":"#block","cullface":"west"}
		}
	},
	{
		"type":"cube", //West brick 1 row 4
		"from":[-0.40,1,0.001],
		"to":[0,4,7],
		"rotation": {"origin": [ 8, 1, 8 ], "axis": "y", "angle": 0 },
		"faces": {
			"up":{"uv":[0,12,7,13],"texture":"#block","cullface":"west","rotation":90},
			"down":{"uv":[0,14,7,15],"texture":"#block","cullface":"west","rotation":270},
			"north":{"uv":[0,12,1,15],"texture":"#block","cullface":"west"},
			"south":{"uv":[6,12,7,15],"texture":"#block","cullface":"west"},
			"west":{"uv":[0,12,7,15],"texture":"#block","cullface":"west"}
		}
	},
	{
		"type":"cube", //West brick 2 row 4
		"from":[-0.40,1,8],
		"to":[0,4,15],
		"rotation": {"origin": [ 8, 1, 8 ], "axis": "y", "angle": 0 },
		"faces": {
			"up":{"uv":[8,12,15,13],"texture":"#block","cullface":"west","rotation":90},
			"down":{"uv":[8,14,15,15],"texture":"#block","cullface":"west","rotation":270},
			"north":{"uv":[8,12,9,15],"texture":"#block","cullface":"west"},
			"south":{"uv":[14,12,15,15],"texture":"#block","cullface":"west"},
			"west":{"uv":[8,12,15,15],"texture":"#block","cullface":"west"}
		}
	},
	{
		"type":"cube", //Down brick 1 row 1
		"from":[0.001,-0.4,13],
		"to":[3,0,15.999],
		"rotation": {"origin": [ 8, 1, 8 ], "axis": "y", "angle": 0 },
		"faces": {
			"down":{"uv":[0,0,3,3],"texture":"#block","cullface":"down"},
			"north":{"uv":[0,2,3,3],"texture":"#block","cullface":"down","rotation":180},
			"south":{"uv":[0,0,3,1],"texture":"#block","cullface":"down"},
			"west":{"uv":[0,0,1,3],"texture":"#block","cullface":"down","rotation":90},
			"east":{"uv":[2,0,3,3],"texture":"#block","cullface":"down","rotation":270}
		}
	},
	{
		"type":"cube", //Down brick 2 row 1
		"from":[4,-0.4,13],
		"to":[11,0,15.999],
		"rotation": {"origin": [ 8, 1, 8 ], "axis": "y", "angle": 0 },
		"faces": {
			"down":{"uv":[4,0,11,3],"texture":"#block","cullface":"down"},
			"north":{"uv":[4,2,11,3],"texture":"#block","cullface":"down","rotation":180},
			"south":{"uv":[4,0,11,1],"texture":"#block","cullface":"down"},
			"west":{"uv":[4,0,5,3],"texture":"#block","cullface":"down","rotation":90},
			"east":{"uv":[10,0,11,3],"texture":"#block","cullface":"down","rotation":270}
		}
	},
	{
		"type":"cube", //Down brick 3 row 1
		"from":[12,-0.4,13],
		"to":[15.999,0,15.999],
		"rotation": {"origin": [ 8, 1, 8 ], "axis": "y", "angle": 0 },
		"faces": {
			"down":{"uv":[12,0,16,3],"texture":"#block","cullface":"down"},
			"north":{"uv":[12,2,16,3],"texture":"#block","cullface":"down","rotation":180},
			"south":{"uv":[12,0,16,1],"texture":"#block","cullface":"down"},
			"west":{"uv":[12,0,13,3],"texture":"#block","cullface":"down","rotation":90},
			"east":{"uv":[15,0,16,3],"texture":"#block","cullface":"down","rotation":270}
		}
	},
	{
		"type":"cube", //Down brick 1 row 2
		"from":[0.001,-0.4,9],
		"to":[7,0,12],
		"rotation": {"origin": [ 8, 1, 8 ], "axis": "y", "angle": 0 },
		"faces": {
			"down":{"uv":[0,4,7,7],"texture":"#block","cullface":"down"},
			"north":{"uv":[0,6,7,7],"texture":"#block","cullface":"down","rotation":180},
			"south":{"uv":[0,4,7,5],"texture":"#block","cullface":"down"},
			"west":{"uv":[0,4,1,7],"texture":"#block","cullface":"down","rotation":90},
			"east":{"uv":[6,4,7,7],"texture":"#block","cullface":"down","rotation":270}
		}
	},
	{
		"type":"cube", //Down brick 2 row 2
		"from":[8,-0.4,9],
		"to":[15,0,12],
		"rotation": {"origin": [ 8, 1, 8 ], "axis": "y", "angle": 0 },
		"faces": {
			"down":{"uv":[8,4,15,7],"texture":"#block","cullface":"down"},
			"north":{"uv":[8,6,15,7],"texture":"#block","cullface":"down","rotation":180},
			"south":{"uv":[8,4,15,5],"texture":"#block","cullface":"down"},
			"west":{"uv":[8,4,9,7],"texture":"#block","cullface":"down","rotation":90},
			"east":{"uv":[14,4,15,7],"texture":"#block","cullface":"down","rotation":270}
		}
	},
	{
		"type":"cube", //Down brick 1 row 3
		"from":[0.001,-0.4,5],
		"to":[3,0,8],
		"rotation": {"origin": [ 8, 1, 8 ], "axis": "y", "angle": 0 },
		"faces": {
			"down":{"uv":[0,8,3,11],"texture":"#block","cullface":"down"},
			"north":{"uv":[0,10,3,11],"texture":"#block","cullface":"down","rotation":180},
			"south":{"uv":[0,8,3,9],"texture":"#block","cullface":"down"},
			"west":{"uv":[0,8,1,11],"texture":"#block","cullface":"down","rotation":90},
			"east":{"uv":[2,8,3,11],"texture":"#block","cullface":"down","rotation":270}
		}
	},
	{
		"type":"cube", //Down brick 2 row 3
		"from":[4,-0.4,5],
		"to":[11,0,8],
		"rotation": {"origin": [ 8, 1, 8 ], "axis": "y", "angle": 0 },
		"faces": {
			"down":{"uv":[4,8,11,11],"texture":"#block","cullface":"down"},
			"north":{"uv":[4,10,11,11],"texture":"#block","cullface":"down","rotation":180},
			"south":{"uv":[4,8,11,9],"texture":"#block","cullface":"down"},
			"west":{"uv":[4,8,5,11],"texture":"#block","cullface":"down","rotation":90},
			"east":{"uv":[10,8,11,11],"texture":"#block","cullface":"down","rotation":270}
		}
	},
	{
		"type":"cube", //Down brick 3 row 3
		"from":[12,-0.4,5],
		"to":[15.999,0,8],
		"rotation": {"origin": [ 8, 1, 8 ], "axis": "y", "angle": 0 },
		"faces": {
			"down":{"uv":[12,8,16,11],"texture":"#block","cullface":"down"},
			"north":{"uv":[12,10,16,11],"texture":"#block","cullface":"down","rotation":180},
			"south":{"uv":[12,8,16,9],"texture":"#block","cullface":"down"},
			"west":{"uv":[12,8,13,11],"texture":"#block","cullface":"down","rotation":90},
			"east":{"uv":[15,8,16,11],"texture":"#block","cullface":"down","rotation":270}
		}
	},
	{
		"type":"cube", //Down brick 1 row 4
		"from":[0.001,-0.4,1],
		"to":[7,0,4],
		"rotation": {"origin": [ 8, 1, 8 ], "axis": "y", "angle": 0 },
		"faces": {
			"down":{"uv":[0,12,7,15],"texture":"#block","cullface":"down"},
			"north":{"uv":[0,14,7,15],"texture":"#block","cullface":"down","rotation":180},
			"south":{"uv":[0,12,7,13],"texture":"#block","cullface":"down"},
			"west":{"uv":[0,12,1,15],"texture":"#block","cullface":"down","rotation":90},
			"east":{"uv":[6,12,7,15],"texture":"#block","cullface":"down","rotation":270}
		}
	},
	{
		"type":"cube", //Down brick 2 row 4
		"from":[8,-0.4,1],
		"to":[15,0,4],
		"rotation": {"origin": [ 8, 1, 8 ], "axis": "y", "angle": 0 },
		"faces": {
			"down":{"uv":[8,12,15,15],"texture":"#block","cullface":"down"},
			"north":{"uv":[8,14,15,15],"texture":"#block","cullface":"down","rotation":180},
			"south":{"uv":[8,12,15,13],"texture":"#block","cullface":"down"},
			"west":{"uv":[8,12,9,15],"texture":"#block","cullface":"down","rotation":90},
			"east":{"uv":[14,12,15,15],"texture":"#block","cullface":"down","rotation":270}
		}
	}
],
"display": {
	"thirdperson": {
		"rotation": [ 0, 45, 1 ],
		"translation": [ 0, 0.5, 0 ],
		"scale": [ 1.1, 1.1, 1.1 ]
	},
	"firstperson": {
		"rotation": [ 0, 0, 0 ],
		"translation": [ 0, 0, 0 ],
		"scale": [ 1, 1, 1 ]
	},
	"gui": {
		"rotation": [ 0, 0, 0 ],
		"translation": [ 0, 0, 0 ],
		"scale": [ 1, 1, 1 ]
	}
}
}