{
    "__comment": "Fair warning, this format is highly likely to change even more in the future!",
    "textures": {
        "crop": "blocks/carrots_stage_1",
		"particle": "blocks/carrots_stage_1"
    },
	"elements": [ 
{
    
    "from": [ 13, -1, 3 ],
    "to": [ 14, 0, 4 ],
    "faces": {
        "down": {
            "uv": [ 13, 15, 14, 16 ],
            "texture": "#crop"
        },
        "up": {
            "uv": [ 13, 15, 14, 16 ],
            "texture": "#crop"
        },
        "north": {
            "uv": [ 13, 15, 14, 16 ],
            "texture": "#crop"
        },
        "south": {
            "uv": [ 13, 15, 14, 16 ],
            "texture": "#crop"
        },
        "west": {
            "uv": [ 13, 15, 14, 16 ],
            "texture": "#crop"
        },
        "east": {
            "uv": [ 13, 15, 14, 16 ],
            "texture": "#crop"
        }
    }
},
{
    
    "from": [ 12, -1, 3 ],
    "to": [ 13, 2, 4 ],
    "faces": {
        "down": {
            "uv": [ 12, 15, 13, 16 ],
            "texture": "#crop"
        },
        "up": {
            "uv": [ 12, 13, 13, 14 ],
            "texture": "#crop"
        },
        "north": {
            "uv": [ 12, 13, 13, 16 ],
            "texture": "#crop"
        },
        "south": {
            "uv": [ 12, 13, 13, 16 ],
            "texture": "#crop"
        },
        "west": {
            "uv": [ 12, 13, 13, 16 ],
            "texture": "#crop"
        },
        "east": {
            "uv": [ 12, 13, 13, 16 ],
            "texture": "#crop"
        }
    }
},
{
    
    "from": [ 11, -1, 3 ],
    "to": [ 12, 0, 4 ],
    "faces": {
        "down": {
            "uv": [ 11, 15, 12, 16 ],
            "texture": "#crop"
        },
        "up": {
            "uv": [ 11, 15, 12, 16 ],
            "texture": "#crop"
        },
        "north": {
            "uv": [ 11, 15, 12, 16 ],
            "texture": "#crop"
        },
        "south": {
            "uv": [ 11, 15, 12, 16 ],
            "texture": "#crop"
        },
        "west": {
            "uv": [ 11, 15, 12, 16 ],
            "texture": "#crop"
        },
        "east": {
            "uv": [ 11, 15, 12, 16 ],
            "texture": "#crop"
        }
    }
},
{
    
    "from": [ 9, 1, 3 ],
    "to": [ 10, 3, 4 ],
    "faces": {
        "down": {
            "uv": [ 9, 13, 10, 14 ],
            "texture": "#crop"
        },
        "up": {
            "uv": [ 9, 12, 10, 13 ],
            "texture": "#crop"
        },
        "north": {
            "uv": [ 9, 12, 10, 14 ],
            "texture": "#crop"
        },
        "south": {
            "uv": [ 9, 12, 10, 14 ],
            "texture": "#crop"
        },
        "west": {
            "uv": [ 9, 12, 10, 14 ],
            "texture": "#crop"
        },
        "east": {
            "uv": [ 9, 12, 10, 14 ],
            "texture": "#crop"
        }
    }
},
{
    
    "from": [ 8, -1, 3 ],
    "to": [ 9, 1, 4 ],
    "faces": {
        "down": {
            "uv": [ 8, 15, 9, 16 ],
            "texture": "#crop"
        },
        "up": {
            "uv": [ 8, 14, 9, 15 ],
            "texture": "#crop"
        },
        "north": {
            "uv": [ 8, 14, 9, 16 ],
            "texture": "#crop"
        },
        "south": {
            "uv": [ 8, 14, 9, 16 ],
            "texture": "#crop"
        },
        "west": {
            "uv": [ 8, 14, 9, 16 ],
            "texture": "#crop"
        },
        "east": {
            "uv": [ 8, 14, 9, 16 ],
            "texture": "#crop"
        }
    }
},
{
    
    "from": [ 7, -1, 3 ],
    "to": [ 8, 4, 4 ],
    "faces": {
        "down": {
            "uv": [ 7, 15, 8, 16 ],
            "texture": "#crop"
        },
        "up": {
            "uv": [ 7, 11, 8, 12 ],
            "texture": "#crop"
        },
        "north": {
            "uv": [ 7, 11, 8, 16 ],
            "texture": "#crop"
        },
        "south": {
            "uv": [ 7, 11, 8, 16 ],
            "texture": "#crop"
        },
        "west": {
            "uv": [ 7, 11, 8, 16 ],
            "texture": "#crop"
        },
        "east": {
            "uv": [ 7, 11, 8, 16 ],
            "texture": "#crop"
        }
    }
},
{
    
    "from": [ 6, -1, 3 ],
    "to": [ 7, 1, 4 ],
    "faces": {
        "down": {
            "uv": [ 6, 15, 7, 16 ],
            "texture": "#crop"
        },
        "up": {
            "uv": [ 6, 14, 7, 15 ],
            "texture": "#crop"
        },
        "north": {
            "uv": [ 6, 14, 7, 16 ],
            "texture": "#crop"
        },
        "south": {
            "uv": [ 6, 14, 7, 16 ],
            "texture": "#crop"
        },
        "west": {
            "uv": [ 6, 14, 7, 16 ],
            "texture": "#crop"
        },
        "east": {
            "uv": [ 6, 14, 7, 16 ],
            "texture": "#crop"
        }
    }
},
{
    
    "from": [ 3, -1, 3 ],
    "to": [ 4, 1, 4 ],
    "faces": {
        "down": {
            "uv": [ 3, 15, 4, 16 ],
            "texture": "#crop"
        },
        "up": {
            "uv": [ 3, 14, 4, 15 ],
            "texture": "#crop"
        },
        "north": {
            "uv": [ 3, 14, 4, 16 ],
            "texture": "#crop"
        },
        "south": {
            "uv": [ 3, 14, 4, 16 ],
            "texture": "#crop"
        },
        "west": {
            "uv": [ 3, 14, 4, 16 ],
            "texture": "#crop"
        },
        "east": {
            "uv": [ 3, 14, 4, 16 ],
            "texture": "#crop"
        }
    }
},
{
    
    "from": [ 2, -1, 3 ],
    "to": [ 3, 3, 4 ],
    "faces": {
        "down": {
            "uv": [ 2, 15, 3, 16 ],
            "texture": "#crop"
        },
        "up": {
            "uv": [ 2, 12, 3, 13 ],
            "texture": "#crop"
        },
        "north": {
            "uv": [ 2, 12, 3, 16 ],
            "texture": "#crop"
        },
        "south": {
            "uv": [ 2, 12, 3, 16 ],
            "texture": "#crop"
        },
        "west": {
            "uv": [ 2, 12, 3, 16 ],
            "texture": "#crop"
        },
        "east": {
            "uv": [ 2, 12, 3, 16 ],
            "texture": "#crop"
        }
    }
},
{
    
    "from": [ 1, -1, 3 ],
    "to": [ 2, 0, 4 ],
    "faces": {
        "down": {
            "uv": [ 1, 15, 2, 16 ],
            "texture": "#crop"
        },
        "up": {
            "uv": [ 1, 15, 2, 16 ],
            "texture": "#crop"
        },
        "north": {
            "uv": [ 1, 15, 2, 16 ],
            "texture": "#crop"
        },
        "south": {
            "uv": [ 1, 15, 2, 16 ],
            "texture": "#crop"
        },
        "west": {
            "uv": [ 1, 15, 2, 16 ],
            "texture": "#crop"
        },
        "east": {
            "uv": [ 1, 15, 2, 16 ],
            "texture": "#crop"
        }
    }
},
{
    
    "from": [ 1, 1, 3 ],
    "to": [ 2, 2, 4 ],
    "faces": {
        "down": {
            "uv": [ 1, 13, 2, 14 ],
            "texture": "#crop"
        },
        "up": {
            "uv": [ 1, 13, 2, 14 ],
            "texture": "#crop"
        },
        "north": {
            "uv": [ 1, 13, 2, 14 ],
            "texture": "#crop"
        },
        "south": {
            "uv": [ 1, 13, 2, 14 ],
            "texture": "#crop"
        },
        "west": {
            "uv": [ 1, 13, 2, 14 ],
            "texture": "#crop"
        },
        "east": {
            "uv": [ 1, 13, 2, 14 ],
            "texture": "#crop"
        }
    }
},
{
    
    "from": [ 12, -1, 13 ],
    "to": [ 13, 0, 14 ],
    "faces": {
        "down": {
            "uv": [ 13, 15, 14, 16 ],
            "texture": "#crop"
        },
        "up": {
            "uv": [ 13, 15, 14, 16 ],
            "texture": "#crop"
        },
        "north": {
            "uv": [ 13, 15, 14, 16 ],
            "texture": "#crop"
        },
        "south": {
            "uv": [ 13, 15, 14, 16 ],
            "texture": "#crop"
        },
        "west": {
            "uv": [ 13, 15, 14, 16 ],
            "texture": "#crop"
        },
        "east": {
            "uv": [ 13, 15, 14, 16 ],
            "texture": "#crop"
        }
    }
},
{
    
    "from": [ 12, -1, 12 ],
    "to": [ 13, 2, 13 ],
    "faces": {
        "down": {
            "uv": [ 12, 15, 13, 16 ],
            "texture": "#crop"
        },
        "up": {
            "uv": [ 12, 13, 13, 14 ],
            "texture": "#crop"
        },
        "north": {
            "uv": [ 12, 13, 13, 16 ],
            "texture": "#crop"
        },
        "south": {
            "uv": [ 12, 13, 13, 16 ],
            "texture": "#crop"
        },
        "west": {
            "uv": [ 12, 13, 13, 16 ],
            "texture": "#crop"
        },
        "east": {
            "uv": [ 12, 13, 13, 16 ],
            "texture": "#crop"
        }
    }
},
{
    
    "from": [ 12, -1, 11 ],
    "to": [ 13, 0, 12 ],
    "faces": {
        "down": {
            "uv": [ 11, 15, 12, 16 ],
            "texture": "#crop"
        },
        "up": {
            "uv": [ 11, 15, 12, 16 ],
            "texture": "#crop"
        },
        "north": {
            "uv": [ 11, 15, 12, 16 ],
            "texture": "#crop"
        },
        "south": {
            "uv": [ 11, 15, 12, 16 ],
            "texture": "#crop"
        },
        "west": {
            "uv": [ 11, 15, 12, 16 ],
            "texture": "#crop"
        },
        "east": {
            "uv": [ 11, 15, 12, 16 ],
            "texture": "#crop"
        }
    }
},
{
    
    "from": [ 12, 1, 9 ],
    "to": [ 13, 3, 10 ],
    "faces": {
        "down": {
            "uv": [ 9, 13, 10, 14 ],
            "texture": "#crop"
        },
        "up": {
            "uv": [ 9, 12, 10, 13 ],
            "texture": "#crop"
        },
        "north": {
            "uv": [ 9, 12, 10, 14 ],
            "texture": "#crop"
        },
        "south": {
            "uv": [ 9, 12, 10, 14 ],
            "texture": "#crop"
        },
        "west": {
            "uv": [ 9, 12, 10, 14 ],
            "texture": "#crop"
        },
        "east": {
            "uv": [ 9, 12, 10, 14 ],
            "texture": "#crop"
        }
    }
},
{
    
    "from": [ 12, -1, 8 ],
    "to": [ 13, 1, 9 ],
    "faces": {
        "down": {
            "uv": [ 8, 15, 9, 16 ],
            "texture": "#crop"
        },
        "up": {
            "uv": [ 8, 14, 9, 15 ],
            "texture": "#crop"
        },
        "north": {
            "uv": [ 8, 14, 9, 16 ],
            "texture": "#crop"
        },
        "south": {
            "uv": [ 8, 14, 9, 16 ],
            "texture": "#crop"
        },
        "west": {
            "uv": [ 8, 14, 9, 16 ],
            "texture": "#crop"
        },
        "east": {
            "uv": [ 8, 14, 9, 16 ],
            "texture": "#crop"
        }
    }
},
{
    
    "from": [ 12, -1, 7 ],
    "to": [ 13, 4, 8 ],
    "faces": {
        "down": {
            "uv": [ 7, 15, 8, 16 ],
            "texture": "#crop"
        },
        "up": {
            "uv": [ 7, 11, 8, 12 ],
            "texture": "#crop"
        },
        "north": {
            "uv": [ 7, 11, 8, 16 ],
            "texture": "#crop"
        },
        "south": {
            "uv": [ 7, 11, 8, 16 ],
            "texture": "#crop"
        },
        "west": {
            "uv": [ 7, 11, 8, 16 ],
            "texture": "#crop"
        },
        "east": {
            "uv": [ 7, 11, 8, 16 ],
            "texture": "#crop"
        }
    }
},
{
    
    "from": [ 12, -1, 6 ],
    "to": [ 13, 1, 7 ],
    "faces": {
        "down": {
            "uv": [ 6, 15, 7, 16 ],
            "texture": "#crop"
        },
        "up": {
            "uv": [ 6, 14, 7, 15 ],
            "texture": "#crop"
        },
        "north": {
            "uv": [ 6, 14, 7, 16 ],
            "texture": "#crop"
        },
        "south": {
            "uv": [ 6, 14, 7, 16 ],
            "texture": "#crop"
        },
        "west": {
            "uv": [ 6, 14, 7, 16 ],
            "texture": "#crop"
        },
        "east": {
            "uv": [ 6, 14, 7, 16 ],
            "texture": "#crop"
        }
    }
},
{
    
    "from": [ 12, -1, 3 ],
    "to": [ 13, 1, 4 ],
    "faces": {
        "down": {
            "uv": [ 3, 15, 4, 16 ],
            "texture": "#crop"
        },
        "up": {
            "uv": [ 3, 14, 4, 15 ],
            "texture": "#crop"
        },
        "north": {
            "uv": [ 3, 14, 4, 16 ],
            "texture": "#crop"
        },
        "south": {
            "uv": [ 3, 14, 4, 16 ],
            "texture": "#crop"
        },
        "west": {
            "uv": [ 3, 14, 4, 16 ],
            "texture": "#crop"
        },
        "east": {
            "uv": [ 3, 14, 4, 16 ],
            "texture": "#crop"
        }
    }
},
{
    
    "from": [ 12, -1, 2 ],
    "to": [ 13, 3, 3 ],
    "faces": {
        "down": {
            "uv": [ 2, 15, 3, 16 ],
            "texture": "#crop"
        },
        "up": {
            "uv": [ 2, 12, 3, 13 ],
            "texture": "#crop"
        },
        "north": {
            "uv": [ 2, 12, 3, 16 ],
            "texture": "#crop"
        },
        "south": {
            "uv": [ 2, 12, 3, 16 ],
            "texture": "#crop"
        },
        "west": {
            "uv": [ 2, 12, 3, 16 ],
            "texture": "#crop"
        },
        "east": {
            "uv": [ 2, 12, 3, 16 ],
            "texture": "#crop"
        }
    }
},
{
    
    "from": [ 12, -1, 1 ],
    "to": [ 13, 0, 2 ],
    "faces": {
        "down": {
            "uv": [ 1, 15, 2, 16 ],
            "texture": "#crop"
        },
        "up": {
            "uv": [ 1, 15, 2, 16 ],
            "texture": "#crop"
        },
        "north": {
            "uv": [ 1, 15, 2, 16 ],
            "texture": "#crop"
        },
        "south": {
            "uv": [ 1, 15, 2, 16 ],
            "texture": "#crop"
        },
        "west": {
            "uv": [ 1, 15, 2, 16 ],
            "texture": "#crop"
        },
        "east": {
            "uv": [ 1, 15, 2, 16 ],
            "texture": "#crop"
        }
    }
},
{
    
    "from": [ 12, 1, 1 ],
    "to": [ 13, 2, 2 ],
    "faces": {
        "down": {
            "uv": [ 1, 13, 2, 14 ],
            "texture": "#crop"
        },
        "up": {
            "uv": [ 1, 13, 2, 14 ],
            "texture": "#crop"
        },
        "north": {
            "uv": [ 1, 13, 2, 14 ],
            "texture": "#crop"
        },
        "south": {
            "uv": [ 1, 13, 2, 14 ],
            "texture": "#crop"
        },
        "west": {
            "uv": [ 1, 13, 2, 14 ],
            "texture": "#crop"
        },
        "east": {
            "uv": [ 1, 13, 2, 14 ],
            "texture": "#crop"
        }
    }
},
{
    
    "from": [ 2, -1, 12 ],
    "to": [ 3, 0, 13 ],
    "faces": {
        "down": {
            "uv": [ 13, 15, 14, 16 ],
            "texture": "#crop"
        },
        "up": {
            "uv": [ 13, 15, 14, 16 ],
            "texture": "#crop"
        },
        "north": {
            "uv": [ 13, 15, 14, 16 ],
            "texture": "#crop"
        },
        "south": {
            "uv": [ 13, 15, 14, 16 ],
            "texture": "#crop"
        },
        "west": {
            "uv": [ 13, 15, 14, 16 ],
            "texture": "#crop"
        },
        "east": {
            "uv": [ 13, 15, 14, 16 ],
            "texture": "#crop"
        }
    }
},
{
    
    "from": [ 3, -1, 12 ],
    "to": [ 4, 2, 13 ],
    "faces": {
        "down": {
            "uv": [ 12, 15, 13, 16 ],
            "texture": "#crop"
        },
        "up": {
            "uv": [ 12, 13, 13, 14 ],
            "texture": "#crop"
        },
        "north": {
            "uv": [ 12, 13, 13, 16 ],
            "texture": "#crop"
        },
        "south": {
            "uv": [ 12, 13, 13, 16 ],
            "texture": "#crop"
        },
        "west": {
            "uv": [ 12, 13, 13, 16 ],
            "texture": "#crop"
        },
        "east": {
            "uv": [ 12, 13, 13, 16 ],
            "texture": "#crop"
        }
    }
},
{
    
    "from": [ 4, -1, 12 ],
    "to": [ 5, 0, 13 ],
    "faces": {
        "down": {
            "uv": [ 11, 15, 12, 16 ],
            "texture": "#crop"
        },
        "up": {
            "uv": [ 11, 15, 12, 16 ],
            "texture": "#crop"
        },
        "north": {
            "uv": [ 11, 15, 12, 16 ],
            "texture": "#crop"
        },
        "south": {
            "uv": [ 11, 15, 12, 16 ],
            "texture": "#crop"
        },
        "west": {
            "uv": [ 11, 15, 12, 16 ],
            "texture": "#crop"
        },
        "east": {
            "uv": [ 11, 15, 12, 16 ],
            "texture": "#crop"
        }
    }
},
{
    
    "from": [ 6, 1, 12 ],
    "to": [ 7, 3, 13 ],
    "faces": {
        "down": {
            "uv": [ 9, 13, 10, 14 ],
            "texture": "#crop"
        },
        "up": {
            "uv": [ 9, 12, 10, 13 ],
            "texture": "#crop"
        },
        "north": {
            "uv": [ 9, 12, 10, 14 ],
            "texture": "#crop"
        },
        "south": {
            "uv": [ 9, 12, 10, 14 ],
            "texture": "#crop"
        },
        "west": {
            "uv": [ 9, 12, 10, 14 ],
            "texture": "#crop"
        },
        "east": {
            "uv": [ 9, 12, 10, 14 ],
            "texture": "#crop"
        }
    }
},
{
    
    "from": [ 7, -1, 12 ],
    "to": [ 8, 1, 13 ],
    "faces": {
        "down": {
            "uv": [ 8, 15, 9, 16 ],
            "texture": "#crop"
        },
        "up": {
            "uv": [ 8, 14, 9, 15 ],
            "texture": "#crop"
        },
        "north": {
            "uv": [ 8, 14, 9, 16 ],
            "texture": "#crop"
        },
        "south": {
            "uv": [ 8, 14, 9, 16 ],
            "texture": "#crop"
        },
        "west": {
            "uv": [ 8, 14, 9, 16 ],
            "texture": "#crop"
        },
        "east": {
            "uv": [ 8, 14, 9, 16 ],
            "texture": "#crop"
        }
    }
},
{
    
    "from": [ 8, -1, 12 ],
    "to": [ 9, 4, 13 ],
    "faces": {
        "down": {
            "uv": [ 7, 15, 8, 16 ],
            "texture": "#crop"
        },
        "up": {
            "uv": [ 7, 11, 8, 12 ],
            "texture": "#crop"
        },
        "north": {
            "uv": [ 7, 11, 8, 16 ],
            "texture": "#crop"
        },
        "south": {
            "uv": [ 7, 11, 8, 16 ],
            "texture": "#crop"
        },
        "west": {
            "uv": [ 7, 11, 8, 16 ],
            "texture": "#crop"
        },
        "east": {
            "uv": [ 7, 11, 8, 16 ],
            "texture": "#crop"
        }
    }
},
{
    
    "from": [ 9, -1, 12 ],
    "to": [ 10, 1, 13 ],
    "faces": {
        "down": {
            "uv": [ 6, 15, 7, 16 ],
            "texture": "#crop"
        },
        "up": {
            "uv": [ 6, 14, 7, 15 ],
            "texture": "#crop"
        },
        "north": {
            "uv": [ 6, 14, 7, 16 ],
            "texture": "#crop"
        },
        "south": {
            "uv": [ 6, 14, 7, 16 ],
            "texture": "#crop"
        },
        "west": {
            "uv": [ 6, 14, 7, 16 ],
            "texture": "#crop"
        },
        "east": {
            "uv": [ 6, 14, 7, 16 ],
            "texture": "#crop"
        }
    }
},
{
    
    "from": [ 12, -1, 12 ],
    "to": [ 13, 1, 13 ],
    "faces": {
        "down": {
            "uv": [ 3, 15, 4, 16 ],
            "texture": "#crop"
        },
        "up": {
            "uv": [ 3, 14, 4, 15 ],
            "texture": "#crop"
        },
        "north": {
            "uv": [ 3, 14, 4, 16 ],
            "texture": "#crop"
        },
        "south": {
            "uv": [ 3, 14, 4, 16 ],
            "texture": "#crop"
        },
        "west": {
            "uv": [ 3, 14, 4, 16 ],
            "texture": "#crop"
        },
        "east": {
            "uv": [ 3, 14, 4, 16 ],
            "texture": "#crop"
        }
    }
},
{
    
    "from": [ 13, -1, 12 ],
    "to": [ 14, 3, 13 ],
    "faces": {
        "down": {
            "uv": [ 2, 15, 3, 16 ],
            "texture": "#crop"
        },
        "up": {
            "uv": [ 2, 12, 3, 13 ],
            "texture": "#crop"
        },
        "north": {
            "uv": [ 2, 12, 3, 16 ],
            "texture": "#crop"
        },
        "south": {
            "uv": [ 2, 12, 3, 16 ],
            "texture": "#crop"
        },
        "west": {
            "uv": [ 2, 12, 3, 16 ],
            "texture": "#crop"
        },
        "east": {
            "uv": [ 2, 12, 3, 16 ],
            "texture": "#crop"
        }
    }
},
{
    
    "from": [ 14, -1, 12 ],
    "to": [ 15, 0, 13 ],
    "faces": {
        "down": {
            "uv": [ 1, 15, 2, 16 ],
            "texture": "#crop"
        },
        "up": {
            "uv": [ 1, 15, 2, 16 ],
            "texture": "#crop"
        },
        "north": {
            "uv": [ 1, 15, 2, 16 ],
            "texture": "#crop"
        },
        "south": {
            "uv": [ 1, 15, 2, 16 ],
            "texture": "#crop"
        },
        "west": {
            "uv": [ 1, 15, 2, 16 ],
            "texture": "#crop"
        },
        "east": {
            "uv": [ 1, 15, 2, 16 ],
            "texture": "#crop"
        }
    }
},
{
    
    "from": [ 14, 1, 12 ],
    "to": [ 15, 2, 13 ],
    "faces": {
        "down": {
            "uv": [ 1, 13, 2, 14 ],
            "texture": "#crop"
        },
        "up": {
            "uv": [ 1, 13, 2, 14 ],
            "texture": "#crop"
        },
        "north": {
            "uv": [ 1, 13, 2, 14 ],
            "texture": "#crop"
        },
        "south": {
            "uv": [ 1, 13, 2, 14 ],
            "texture": "#crop"
        },
        "west": {
            "uv": [ 1, 13, 2, 14 ],
            "texture": "#crop"
        },
        "east": {
            "uv": [ 1, 13, 2, 14 ],
            "texture": "#crop"
        }
    }
},
{
    
    "from": [ 3, -1, 2 ],
    "to": [ 4, 0, 3 ],
    "faces": {
        "down": {
            "uv": [ 13, 15, 14, 16 ],
            "texture": "#crop"
        },
        "up": {
            "uv": [ 13, 15, 14, 16 ],
            "texture": "#crop"
        },
        "north": {
            "uv": [ 13, 15, 14, 16 ],
            "texture": "#crop"
        },
        "south": {
            "uv": [ 13, 15, 14, 16 ],
            "texture": "#crop"
        },
        "west": {
            "uv": [ 13, 15, 14, 16 ],
            "texture": "#crop"
        },
        "east": {
            "uv": [ 13, 15, 14, 16 ],
            "texture": "#crop"
        }
    }
},
{
    
    "from": [ 3, -1, 3 ],
    "to": [ 4, 2, 4 ],
    "faces": {
        "down": {
            "uv": [ 12, 15, 13, 16 ],
            "texture": "#crop"
        },
        "up": {
            "uv": [ 12, 13, 13, 14 ],
            "texture": "#crop"
        },
        "north": {
            "uv": [ 12, 13, 13, 16 ],
            "texture": "#crop"
        },
        "south": {
            "uv": [ 12, 13, 13, 16 ],
            "texture": "#crop"
        },
        "west": {
            "uv": [ 12, 13, 13, 16 ],
            "texture": "#crop"
        },
        "east": {
            "uv": [ 12, 13, 13, 16 ],
            "texture": "#crop"
        }
    }
},
{
    
    "from": [ 3, -1, 4 ],
    "to": [ 4, 0, 5 ],
    "faces": {
        "down": {
            "uv": [ 11, 15, 12, 16 ],
            "texture": "#crop"
        },
        "up": {
            "uv": [ 11, 15, 12, 16 ],
            "texture": "#crop"
        },
        "north": {
            "uv": [ 11, 15, 12, 16 ],
            "texture": "#crop"
        },
        "south": {
            "uv": [ 11, 15, 12, 16 ],
            "texture": "#crop"
        },
        "west": {
            "uv": [ 11, 15, 12, 16 ],
            "texture": "#crop"
        },
        "east": {
            "uv": [ 11, 15, 12, 16 ],
            "texture": "#crop"
        }
    }
},
{
    
    "from": [ 3, 1, 6 ],
    "to": [ 4, 3, 7 ],
    "faces": {
        "down": {
            "uv": [ 9, 13, 10, 14 ],
            "texture": "#crop"
        },
        "up": {
            "uv": [ 9, 12, 10, 13 ],
            "texture": "#crop"
        },
        "north": {
            "uv": [ 9, 12, 10, 14 ],
            "texture": "#crop"
        },
        "south": {
            "uv": [ 9, 12, 10, 14 ],
            "texture": "#crop"
        },
        "west": {
            "uv": [ 9, 12, 10, 14 ],
            "texture": "#crop"
        },
        "east": {
            "uv": [ 9, 12, 10, 14 ],
            "texture": "#crop"
        }
    }
},
{
    
    "from": [ 3, -1, 7 ],
    "to": [ 4, 1, 8 ],
    "faces": {
        "down": {
            "uv": [ 8, 15, 9, 16 ],
            "texture": "#crop"
        },
        "up": {
            "uv": [ 8, 14, 9, 15 ],
            "texture": "#crop"
        },
        "north": {
            "uv": [ 8, 14, 9, 16 ],
            "texture": "#crop"
        },
        "south": {
            "uv": [ 8, 14, 9, 16 ],
            "texture": "#crop"
        },
        "west": {
            "uv": [ 8, 14, 9, 16 ],
            "texture": "#crop"
        },
        "east": {
            "uv": [ 8, 14, 9, 16 ],
            "texture": "#crop"
        }
    }
},
{
    
    "from": [ 3, -1, 8 ],
    "to": [ 4, 4, 9 ],
    "faces": {
        "down": {
            "uv": [ 7, 15, 8, 16 ],
            "texture": "#crop"
        },
        "up": {
            "uv": [ 7, 11, 8, 12 ],
            "texture": "#crop"
        },
        "north": {
            "uv": [ 7, 11, 8, 16 ],
            "texture": "#crop"
        },
        "south": {
            "uv": [ 7, 11, 8, 16 ],
            "texture": "#crop"
        },
        "west": {
            "uv": [ 7, 11, 8, 16 ],
            "texture": "#crop"
        },
        "east": {
            "uv": [ 7, 11, 8, 16 ],
            "texture": "#crop"
        }
    }
},
{
    
    "from": [ 3, -1, 9 ],
    "to": [ 4, 1, 10 ],
    "faces": {
        "down": {
            "uv": [ 6, 15, 7, 16 ],
            "texture": "#crop"
        },
        "up": {
            "uv": [ 6, 14, 7, 15 ],
            "texture": "#crop"
        },
        "north": {
            "uv": [ 6, 14, 7, 16 ],
            "texture": "#crop"
        },
        "south": {
            "uv": [ 6, 14, 7, 16 ],
            "texture": "#crop"
        },
        "west": {
            "uv": [ 6, 14, 7, 16 ],
            "texture": "#crop"
        },
        "east": {
            "uv": [ 6, 14, 7, 16 ],
            "texture": "#crop"
        }
    }
},
{
    
    "from": [ 3, -1, 12 ],
    "to": [ 4, 1, 13 ],
    "faces": {
        "down": {
            "uv": [ 3, 15, 4, 16 ],
            "texture": "#crop"
        },
        "up": {
            "uv": [ 3, 14, 4, 15 ],
            "texture": "#crop"
        },
        "north": {
            "uv": [ 3, 14, 4, 16 ],
            "texture": "#crop"
        },
        "south": {
            "uv": [ 3, 14, 4, 16 ],
            "texture": "#crop"
        },
        "west": {
            "uv": [ 3, 14, 4, 16 ],
            "texture": "#crop"
        },
        "east": {
            "uv": [ 3, 14, 4, 16 ],
            "texture": "#crop"
        }
    }
},
{
    
    "from": [ 3, -1, 13 ],
    "to": [ 4, 3, 14 ],
    "faces": {
        "down": {
            "uv": [ 2, 15, 3, 16 ],
            "texture": "#crop"
        },
        "up": {
            "uv": [ 2, 12, 3, 13 ],
            "texture": "#crop"
        },
        "north": {
            "uv": [ 2, 12, 3, 16 ],
            "texture": "#crop"
        },
        "south": {
            "uv": [ 2, 12, 3, 16 ],
            "texture": "#crop"
        },
        "west": {
            "uv": [ 2, 12, 3, 16 ],
            "texture": "#crop"
        },
        "east": {
            "uv": [ 2, 12, 3, 16 ],
            "texture": "#crop"
        }
    }
},
{
    
    "from": [ 3, -1, 14 ],
    "to": [ 4, 0, 15 ],
    "faces": {
        "down": {
            "uv": [ 1, 15, 2, 16 ],
            "texture": "#crop"
        },
        "up": {
            "uv": [ 1, 15, 2, 16 ],
            "texture": "#crop"
        },
        "north": {
            "uv": [ 1, 15, 2, 16 ],
            "texture": "#crop"
        },
        "south": {
            "uv": [ 1, 15, 2, 16 ],
            "texture": "#crop"
        },
        "west": {
            "uv": [ 1, 15, 2, 16 ],
            "texture": "#crop"
        },
        "east": {
            "uv": [ 1, 15, 2, 16 ],
            "texture": "#crop"
        }
    }
},
{
    
    "from": [ 3, 1, 14 ],
    "to": [ 4, 2, 15 ],
    "faces": {
        "down": {
            "uv": [ 1, 13, 2, 14 ],
            "texture": "#crop"
        },
        "up": {
            "uv": [ 1, 13, 2, 14 ],
            "texture": "#crop"
        },
        "north": {
            "uv": [ 1, 13, 2, 14 ],
            "texture": "#crop"
        },
        "south": {
            "uv": [ 1, 13, 2, 14 ],
            "texture": "#crop"
        },
        "west": {
            "uv": [ 1, 13, 2, 14 ],
            "texture": "#crop"
        },
        "east": {
            "uv": [ 1, 13, 2, 14 ],
            "texture": "#crop"
        }
    }
}
]
}
