{
    "__comment": "Fair warning, this format is highly likely to change even more in the future!",
    "textures": {
        "crop": "blocks/carrots_stage_3",
		"particle": "blocks/carrots_stage_3"
    },
	"elements": [ 
{
    
    "from": [ 15, 9, 3 ],
    "to": [ 16, 10, 4 ],
    "faces": {
        "down": {
            "uv": [ 15, 5, 16, 6 ],
            "texture": "#crop"
        },
        "up": {
            "uv": [ 15, 5, 16, 6 ],
            "texture": "#crop"
        },
        "north": {
            "uv": [ 15, 5, 16, 6 ],
            "texture": "#crop"
        },
        "south": {
            "uv": [ 15, 5, 16, 6 ],
            "texture": "#crop"
        },
        "west": {
            "uv": [ 15, 5, 16, 6 ],
            "texture": "#crop"
        },
        "east": {
            "uv": [ 15, 5, 16, 6 ],
            "texture": "#crop"
        }
    }
},
{
    
    "from": [ 14, 7, 3 ],
    "to": [ 15, 9, 4 ],
    "faces": {
        "down": {
            "uv": [ 14, 7, 15, 8 ],
            "texture": "#crop"
        },
        "up": {
            "uv": [ 14, 6, 15, 7 ],
            "texture": "#crop"
        },
        "north": {
            "uv": [ 14, 6, 15, 8 ],
            "texture": "#crop"
        },
        "south": {
            "uv": [ 14, 6, 15, 8 ],
            "texture": "#crop"
        },
        "west": {
            "uv": [ 14, 6, 15, 8 ],
            "texture": "#crop"
        },
        "east": {
            "uv": [ 14, 6, 15, 8 ],
            "texture": "#crop"
        }
    }
},
{
    
    "from": [ 13, -1, 3 ],
    "to": [ 14, 1, 4 ],
    "faces": {
        "down": {
            "uv": [ 13, 15, 14, 16 ],
            "texture": "#crop"
        },
        "up": {
            "uv": [ 13, 14, 14, 15 ],
            "texture": "#crop"
        },
        "north": {
            "uv": [ 13, 14, 14, 16 ],
            "texture": "#crop"
        },
        "south": {
            "uv": [ 13, 14, 14, 16 ],
            "texture": "#crop"
        },
        "west": {
            "uv": [ 13, 14, 14, 16 ],
            "texture": "#crop"
        },
        "east": {
            "uv": [ 13, 14, 14, 16 ],
            "texture": "#crop"
        }
    }
},
{
    
    "from": [ 13, 5, 3 ],
    "to": [ 14, 7, 4 ],
    "faces": {
        "down": {
            "uv": [ 13, 9, 14, 10 ],
            "texture": "#crop"
        },
        "up": {
            "uv": [ 13, 8, 14, 9 ],
            "texture": "#crop"
        },
        "north": {
            "uv": [ 13, 8, 14, 10 ],
            "texture": "#crop"
        },
        "south": {
            "uv": [ 13, 8, 14, 10 ],
            "texture": "#crop"
        },
        "west": {
            "uv": [ 13, 8, 14, 10 ],
            "texture": "#crop"
        },
        "east": {
            "uv": [ 13, 8, 14, 10 ],
            "texture": "#crop"
        }
    }
},
{
    
    "from": [ 13, 8, 3 ],
    "to": [ 14, 10, 4 ],
    "faces": {
        "down": {
            "uv": [ 13, 6, 14, 7 ],
            "texture": "#crop"
        },
        "up": {
            "uv": [ 13, 5, 14, 6 ],
            "texture": "#crop"
        },
        "north": {
            "uv": [ 13, 5, 14, 7 ],
            "texture": "#crop"
        },
        "south": {
            "uv": [ 13, 5, 14, 7 ],
            "texture": "#crop"
        },
        "west": {
            "uv": [ 13, 5, 14, 7 ],
            "texture": "#crop"
        },
        "east": {
            "uv": [ 13, 5, 14, 7 ],
            "texture": "#crop"
        }
    }
},
{
    
    "from": [ 12, -1, 3 ],
    "to": [ 13, 6, 4 ],
    "faces": {
        "down": {
            "uv": [ 12, 15, 13, 16 ],
            "texture": "#crop"
        },
        "up": {
            "uv": [ 12, 9, 13, 10 ],
            "texture": "#crop"
        },
        "north": {
            "uv": [ 12, 9, 13, 16 ],
            "texture": "#crop"
        },
        "south": {
            "uv": [ 12, 9, 13, 16 ],
            "texture": "#crop"
        },
        "west": {
            "uv": [ 12, 9, 13, 16 ],
            "texture": "#crop"
        },
        "east": {
            "uv": [ 12, 9, 13, 16 ],
            "texture": "#crop"
        }
    }
},
{
    
    "from": [ 12, 7, 3 ],
    "to": [ 13, 9, 4 ],
    "faces": {
        "down": {
            "uv": [ 12, 7, 13, 8 ],
            "texture": "#crop"
        },
        "up": {
            "uv": [ 12, 6, 13, 7 ],
            "texture": "#crop"
        },
        "north": {
            "uv": [ 12, 6, 13, 8 ],
            "texture": "#crop"
        },
        "south": {
            "uv": [ 12, 6, 13, 8 ],
            "texture": "#crop"
        },
        "west": {
            "uv": [ 12, 6, 13, 8 ],
            "texture": "#crop"
        },
        "east": {
            "uv": [ 12, 6, 13, 8 ],
            "texture": "#crop"
        }
    }
},
{
    
    "from": [ 11, -1, 3 ],
    "to": [ 12, 10, 4 ],
    "faces": {
        "down": {
            "uv": [ 11, 15, 12, 16 ],
            "texture": "#crop"
        },
        "up": {
            "uv": [ 11, 5, 12, 6 ],
            "texture": "#crop"
        },
        "north": {
            "uv": [ 11, 5, 12, 16 ],
            "texture": "#crop"
        },
        "south": {
            "uv": [ 11, 5, 12, 16 ],
            "texture": "#crop"
        },
        "west": {
            "uv": [ 11, 5, 12, 16 ],
            "texture": "#crop"
        },
        "east": {
            "uv": [ 11, 5, 12, 16 ],
            "texture": "#crop"
        }
    }
},
{
    
    "from": [ 10, -1, 3 ],
    "to": [ 11, 2, 4 ],
    "faces": {
        "down": {
            "uv": [ 10, 15, 11, 16 ],
            "texture": "#crop"
        },
        "up": {
            "uv": [ 10, 13, 11, 14 ],
            "texture": "#crop"
        },
        "north": {
            "uv": [ 10, 13, 11, 16 ],
            "texture": "#crop"
        },
        "south": {
            "uv": [ 10, 13, 11, 16 ],
            "texture": "#crop"
        },
        "west": {
            "uv": [ 10, 13, 11, 16 ],
            "texture": "#crop"
        },
        "east": {
            "uv": [ 10, 13, 11, 16 ],
            "texture": "#crop"
        }
    }
},
{
    
    "from": [ 10, 5, 3 ],
    "to": [ 11, 10, 4 ],
    "faces": {
        "down": {
            "uv": [ 10, 9, 11, 10 ],
            "texture": "#crop"
        },
        "up": {
            "uv": [ 10, 5, 11, 6 ],
            "texture": "#crop"
        },
        "north": {
            "uv": [ 10, 5, 11, 10 ],
            "texture": "#crop"
        },
        "south": {
            "uv": [ 10, 5, 11, 10 ],
            "texture": "#crop"
        },
        "west": {
            "uv": [ 10, 5, 11, 10 ],
            "texture": "#crop"
        },
        "east": {
            "uv": [ 10, 5, 11, 10 ],
            "texture": "#crop"
        }
    }
},
{
    
    "from": [ 9, -1, 3 ],
    "to": [ 10, 0, 4 ],
    "faces": {
        "down": {
            "uv": [ 9, 15, 10, 16 ],
            "texture": "#crop"
        },
        "up": {
            "uv": [ 9, 15, 10, 16 ],
            "texture": "#crop"
        },
        "north": {
            "uv": [ 9, 15, 10, 16 ],
            "texture": "#crop"
        },
        "south": {
            "uv": [ 9, 15, 10, 16 ],
            "texture": "#crop"
        },
        "west": {
            "uv": [ 9, 15, 10, 16 ],
            "texture": "#crop"
        },
        "east": {
            "uv": [ 9, 15, 10, 16 ],
            "texture": "#crop"
        }
    }
},
{
    
    "from": [ 9, 1, 3 ],
    "to": [ 10, 4, 4 ],
    "faces": {
        "down": {
            "uv": [ 9, 13, 10, 14 ],
            "texture": "#crop"
        },
        "up": {
            "uv": [ 9, 11, 10, 12 ],
            "texture": "#crop"
        },
        "north": {
            "uv": [ 9, 11, 10, 14 ],
            "texture": "#crop"
        },
        "south": {
            "uv": [ 9, 11, 10, 14 ],
            "texture": "#crop"
        },
        "west": {
            "uv": [ 9, 11, 10, 14 ],
            "texture": "#crop"
        },
        "east": {
            "uv": [ 9, 11, 10, 14 ],
            "texture": "#crop"
        }
    }
},
{
    
    "from": [ 9, 6, 3 ],
    "to": [ 10, 7, 4 ],
    "faces": {
        "down": {
            "uv": [ 9, 8, 10, 9 ],
            "texture": "#crop"
        },
        "up": {
            "uv": [ 9, 8, 10, 9 ],
            "texture": "#crop"
        },
        "north": {
            "uv": [ 9, 8, 10, 9 ],
            "texture": "#crop"
        },
        "south": {
            "uv": [ 9, 8, 10, 9 ],
            "texture": "#crop"
        },
        "west": {
            "uv": [ 9, 8, 10, 9 ],
            "texture": "#crop"
        },
        "east": {
            "uv": [ 9, 8, 10, 9 ],
            "texture": "#crop"
        }
    }
},
{
    
    "from": [ 9, 9, 3 ],
    "to": [ 10, 10, 4 ],
    "faces": {
        "down": {
            "uv": [ 9, 5, 10, 6 ],
            "texture": "#crop"
        },
        "up": {
            "uv": [ 9, 5, 10, 6 ],
            "texture": "#crop"
        },
        "north": {
            "uv": [ 9, 5, 10, 6 ],
            "texture": "#crop"
        },
        "south": {
            "uv": [ 9, 5, 10, 6 ],
            "texture": "#crop"
        },
        "west": {
            "uv": [ 9, 5, 10, 6 ],
            "texture": "#crop"
        },
        "east": {
            "uv": [ 9, 5, 10, 6 ],
            "texture": "#crop"
        }
    }
},
{
    
    "from": [ 8, -1, 3 ],
    "to": [ 9, 8, 4 ],
    "faces": {
        "down": {
            "uv": [ 8, 15, 9, 16 ],
            "texture": "#crop"
        },
        "up": {
            "uv": [ 8, 7, 9, 8 ],
            "texture": "#crop"
        },
        "north": {
            "uv": [ 8, 7, 9, 16 ],
            "texture": "#crop"
        },
        "south": {
            "uv": [ 8, 7, 9, 16 ],
            "texture": "#crop"
        },
        "west": {
            "uv": [ 8, 7, 9, 16 ],
            "texture": "#crop"
        },
        "east": {
            "uv": [ 8, 7, 9, 16 ],
            "texture": "#crop"
        }
    }
},
{
    
    "from": [ 7, -1, 3 ],
    "to": [ 8, 9, 4 ],
    "faces": {
        "down": {
            "uv": [ 7, 15, 8, 16 ],
            "texture": "#crop"
        },
        "up": {
            "uv": [ 7, 6, 8, 7 ],
            "texture": "#crop"
        },
        "north": {
            "uv": [ 7, 6, 8, 16 ],
            "texture": "#crop"
        },
        "south": {
            "uv": [ 7, 6, 8, 16 ],
            "texture": "#crop"
        },
        "west": {
            "uv": [ 6, 6, 7, 16 ],
            "texture": "#crop"
        },
        "east": {
            "uv": [ 6, 6, 7, 16 ],
            "texture": "#crop"
        }
    }
},
{
    
    "from": [ 6, -1, 3 ],
    "to": [ 7, 3, 4 ],
    "faces": {
        "down": {
            "uv": [ 6, 15, 7, 16 ],
            "texture": "#crop"
        },
        "up": {
            "uv": [ 6, 12, 7, 13 ],
            "texture": "#crop"
        },
        "north": {
            "uv": [ 6, 12, 7, 16 ],
            "texture": "#crop"
        },
        "south": {
            "uv": [ 6, 12, 7, 16 ],
            "texture": "#crop"
        },
        "west": {
            "uv": [ 6, 12, 7, 16 ],
            "texture": "#crop"
        },
        "east": {
            "uv": [ 6, 12, 7, 16 ],
            "texture": "#crop"
        }
    }
},
{
    
    "from": [ 6, 5, 3 ],
    "to": [ 7, 9, 4 ],
    "faces": {
        "down": {
            "uv": [ 6, 9, 7, 10 ],
            "texture": "#crop"
        },
        "up": {
            "uv": [ 6, 6, 7, 7 ],
            "texture": "#crop"
        },
        "north": {
            "uv": [ 6, 6, 7, 10 ],
            "texture": "#crop"
        },
        "south": {
            "uv": [ 6, 6, 7, 10 ],
            "texture": "#crop"
        },
        "west": {
            "uv": [ 6, 6, 7, 10 ],
            "texture": "#crop"
        },
        "east": {
            "uv": [ 6, 6, 7, 10 ],
            "texture": "#crop"
        }
    }
},
{
    
    "from": [ 5, -1, 3 ],
    "to": [ 6, 5, 4 ],
    "faces": {
        "down": {
            "uv": [ 5, 15, 6, 16 ],
            "texture": "#crop"
        },
        "up": {
            "uv": [ 5, 10, 6, 11 ],
            "texture": "#crop"
        },
        "north": {
            "uv": [ 5, 10, 6, 16 ],
            "texture": "#crop"
        },
        "south": {
            "uv": [ 5, 10, 6, 16 ],
            "texture": "#crop"
        },
        "west": {
            "uv": [ 5, 10, 6, 16 ],
            "texture": "#crop"
        },
        "east": {
            "uv": [ 5, 10, 6, 16 ],
            "texture": "#crop"
        }
    }
},
{
    
    "from": [ 5, 7, 3 ],
    "to": [ 6, 8, 4 ],
    "faces": {
        "down": {
            "uv": [ 5, 5, 6, 6 ],
            "texture": "#crop"
        },
        "up": {
            "uv": [ 5, 4, 6, 5 ],
            "texture": "#crop"
        },
        "north": {
            "uv": [ 5, 7, 6, 8 ],
            "texture": "#crop"
        },
        "south": {
            "uv": [ 5, 7, 6, 8 ],
            "texture": "#crop"
        },
        "west": {
            "uv": [ 5, 7, 6, 8 ],
            "texture": "#crop"
        },
        "east": {
            "uv": [ 5, 7, 6, 8 ],
            "texture": "#crop"
        }
    }
},
{
    
    "from": [ 5, 9, 3 ],
    "to": [ 6, 11, 4 ],
    "faces": {
        "down": {
            "uv": [ 5, 5, 6, 6 ],
            "texture": "#crop"
        },
        "up": {
            "uv": [ 5, 4, 6, 5 ],
            "texture": "#crop"
        },
        "north": {
            "uv": [ 5, 4, 6, 6 ],
            "texture": "#crop"
        },
        "south": {
            "uv": [ 5, 4, 6, 6 ],
            "texture": "#crop"
        },
        "west": {
            "uv": [ 5, 4, 6, 6 ],
            "texture": "#crop"
        },
        "east": {
            "uv": [ 5, 4, 6, 6 ],
            "texture": "#crop"
        }
    }
},
{
    
    "from": [ 4, -1, 3 ],
    "to": [ 5, 10, 4 ],
    "faces": {
        "down": {
            "uv": [ 4, 15, 5, 16 ],
            "texture": "#crop"
        },
        "up": {
            "uv": [ 4, 5, 5, 6 ],
            "texture": "#crop"
        },
        "north": {
            "uv": [ 4, 5, 5, 16 ],
            "texture": "#crop"
        },
        "south": {
            "uv": [ 4, 5, 5, 16 ],
            "texture": "#crop"
        },
        "west": {
            "uv": [ 4, 5, 5, 16 ],
            "texture": "#crop"
        },
        "east": {
            "uv": [ 4, 5, 5, 16 ],
            "texture": "#crop"
        }
    }
},
{
    
    "from": [ 3, -1, 3 ],
    "to": [ 4, 9, 4 ],
    "faces": {
        "down": {
            "uv": [ 3, 15, 4, 16 ],
            "texture": "#crop"
        },
        "up": {
            "uv": [ 3, 6, 4, 7 ],
            "texture": "#crop"
        },
        "north": {
            "uv": [ 3, 6, 4, 16 ],
            "texture": "#crop"
        },
        "south": {
            "uv": [ 3, 6, 4, 16 ],
            "texture": "#crop"
        },
        "west": {
            "uv": [ 3, 6, 4, 16 ],
            "texture": "#crop"
        },
        "east": {
            "uv": [ 3, 6, 4, 16 ],
            "texture": "#crop"
        }
    }
},
{
    
    "from": [ 2, 4, 3 ],
    "to": [ 3, 10, 4 ],
    "faces": {
        "down": {
            "uv": [ 2, 10, 3, 11 ],
            "texture": "#crop"
        },
        "up": {
            "uv": [ 2, 5, 3, 6 ],
            "texture": "#crop"
        },
        "north": {
            "uv": [ 2, 5, 3, 11 ],
            "texture": "#crop"
        },
        "south": {
            "uv": [ 2, 5, 3, 11 ],
            "texture": "#crop"
        },
        "west": {
            "uv": [ 2, 5, 3, 11 ],
            "texture": "#crop"
        },
        "east": {
            "uv": [ 2, 5, 3, 11 ],
            "texture": "#crop"
        }
    }
},
{
    
    "from": [ 2, -1, 3 ],
    "to": [ 3, 0, 4 ],
    "faces": {
        "down": {
            "uv": [ 2, 15, 3, 16 ],
            "texture": "#crop"
        },
        "up": {
            "uv": [ 2, 15, 3, 16 ],
            "texture": "#crop"
        },
        "north": {
            "uv": [ 2, 15, 3, 16 ],
            "texture": "#crop"
        },
        "south": {
            "uv": [ 2, 15, 3, 16 ],
            "texture": "#crop"
        },
        "west": {
            "uv": [ 2, 15, 3, 16 ],
            "texture": "#crop"
        },
        "east": {
            "uv": [ 2, 15, 3, 16 ],
            "texture": "#crop"
        }
    }
},
{
    
    "from": [ 2, 1, 3 ],
    "to": [ 3, 2, 4 ],
    "faces": {
        "down": {
            "uv": [ 2, 13, 3, 14 ],
            "texture": "#crop"
        },
        "up": {
            "uv": [ 2, 13, 3, 14 ],
            "texture": "#crop"
        },
        "north": {
            "uv": [ 2, 13, 3, 14 ],
            "texture": "#crop"
        },
        "south": {
            "uv": [ 2, 13, 3, 14 ],
            "texture": "#crop"
        },
        "west": {
            "uv": [ 2, 13, 3, 14 ],
            "texture": "#crop"
        },
        "east": {
            "uv": [ 2, 13, 3, 14 ],
            "texture": "#crop"
        }
    }
},
{
    
    "from": [ 1, 7, 3 ],
    "to": [ 2, 9, 4 ],
    "faces": {
        "down": {
            "uv": [ 1, 7, 2, 8 ],
            "texture": "#crop"
        },
        "up": {
            "uv": [ 1, 6, 2, 7 ],
            "texture": "#crop"
        },
        "north": {
            "uv": [ 1, 6, 2, 8 ],
            "texture": "#crop"
        },
        "south": {
            "uv": [ 1, 6, 2, 8 ],
            "texture": "#crop"
        },
        "west": {
            "uv": [ 1, 6, 2, 8 ],
            "texture": "#crop"
        },
        "east": {
            "uv": [ 1, 6, 2, 8 ],
            "texture": "#crop"
        }
    }
},
{
    
    "from": [ 0, 9, 3 ],
    "to": [ 1, 11, 4 ],
    "faces": {
        "down": {
            "uv": [ 0, 5, 1, 6 ],
            "texture": "#crop"
        },
        "up": {
            "uv": [ 0, 4, 1, 5 ],
            "texture": "#crop"
        },
        "north": {
            "uv": [ 0, 4, 1, 6 ],
            "texture": "#crop"
        },
        "south": {
            "uv": [ 0, 4, 1, 6 ],
            "texture": "#crop"
        },
        "west": {
            "uv": [ 0, 4, 1, 6 ],
            "texture": "#crop"
        },
        "east": {
            "uv": [ 0, 4, 1, 6 ],
            "texture": "#crop"
        }
    }
},
{
    
    "from": [ 12, 9, 15 ],
    "to": [ 13, 10, 16 ],
    "faces": {
        "down": {
            "uv": [ 15, 5, 16, 6 ],
            "texture": "#crop"
        },
        "up": {
            "uv": [ 15, 5, 16, 6 ],
            "texture": "#crop"
        },
        "north": {
            "uv": [ 15, 5, 16, 6 ],
            "texture": "#crop"
        },
        "south": {
            "uv": [ 15, 5, 16, 6 ],
            "texture": "#crop"
        },
        "west": {
            "uv": [ 15, 5, 16, 6 ],
            "texture": "#crop"
        },
        "east": {
            "uv": [ 15, 5, 16, 6 ],
            "texture": "#crop"
        }
    }
},
{
    
    "from": [ 12, 7, 14 ],
    "to": [ 13, 9, 15 ],
    "faces": {
        "down": {
            "uv": [ 14, 7, 15, 8 ],
            "texture": "#crop"
        },
        "up": {
            "uv": [ 14, 6, 15, 7 ],
            "texture": "#crop"
        },
        "north": {
            "uv": [ 14, 6, 15, 8 ],
            "texture": "#crop"
        },
        "south": {
            "uv": [ 14, 6, 15, 8 ],
            "texture": "#crop"
        },
        "west": {
            "uv": [ 14, 6, 15, 8 ],
            "texture": "#crop"
        },
        "east": {
            "uv": [ 14, 6, 15, 8 ],
            "texture": "#crop"
        }
    }
},
{
    
    "from": [ 12, -1, 13 ],
    "to": [ 13, 1, 14 ],
    "faces": {
        "down": {
            "uv": [ 13, 15, 14, 16 ],
            "texture": "#crop"
        },
        "up": {
            "uv": [ 13, 14, 14, 15 ],
            "texture": "#crop"
        },
        "north": {
            "uv": [ 13, 14, 14, 16 ],
            "texture": "#crop"
        },
        "south": {
            "uv": [ 13, 14, 14, 16 ],
            "texture": "#crop"
        },
        "west": {
            "uv": [ 13, 14, 14, 16 ],
            "texture": "#crop"
        },
        "east": {
            "uv": [ 13, 14, 14, 16 ],
            "texture": "#crop"
        }
    }
},
{
    
    "from": [ 12, 5, 13 ],
    "to": [ 13, 7, 14 ],
    "faces": {
        "down": {
            "uv": [ 13, 9, 14, 10 ],
            "texture": "#crop"
        },
        "up": {
            "uv": [ 13, 8, 14, 9 ],
            "texture": "#crop"
        },
        "north": {
            "uv": [ 13, 8, 14, 10 ],
            "texture": "#crop"
        },
        "south": {
            "uv": [ 13, 8, 14, 10 ],
            "texture": "#crop"
        },
        "west": {
            "uv": [ 13, 8, 14, 10 ],
            "texture": "#crop"
        },
        "east": {
            "uv": [ 13, 8, 14, 10 ],
            "texture": "#crop"
        }
    }
},
{
    
    "from": [ 12, 8, 13 ],
    "to": [ 13, 10, 14 ],
    "faces": {
        "down": {
            "uv": [ 13, 6, 14, 7 ],
            "texture": "#crop"
        },
        "up": {
            "uv": [ 13, 5, 14, 6 ],
            "texture": "#crop"
        },
        "north": {
            "uv": [ 13, 5, 14, 7 ],
            "texture": "#crop"
        },
        "south": {
            "uv": [ 13, 5, 14, 7 ],
            "texture": "#crop"
        },
        "west": {
            "uv": [ 13, 5, 14, 7 ],
            "texture": "#crop"
        },
        "east": {
            "uv": [ 13, 5, 14, 7 ],
            "texture": "#crop"
        }
    }
},
{
    
    "from": [ 12, -1, 12 ],
    "to": [ 13, 6, 13 ],
    "faces": {
        "down": {
            "uv": [ 12, 15, 13, 16 ],
            "texture": "#crop"
        },
        "up": {
            "uv": [ 12, 9, 13, 10 ],
            "texture": "#crop"
        },
        "north": {
            "uv": [ 12, 9, 13, 16 ],
            "texture": "#crop"
        },
        "south": {
            "uv": [ 12, 9, 13, 16 ],
            "texture": "#crop"
        },
        "west": {
            "uv": [ 12, 9, 13, 16 ],
            "texture": "#crop"
        },
        "east": {
            "uv": [ 12, 9, 13, 16 ],
            "texture": "#crop"
        }
    }
},
{
    
    "from": [ 12, 7, 12 ],
    "to": [ 13, 9, 13 ],
    "faces": {
        "down": {
            "uv": [ 12, 7, 13, 8 ],
            "texture": "#crop"
        },
        "up": {
            "uv": [ 12, 6, 13, 7 ],
            "texture": "#crop"
        },
        "north": {
            "uv": [ 12, 6, 13, 8 ],
            "texture": "#crop"
        },
        "south": {
            "uv": [ 12, 6, 13, 8 ],
            "texture": "#crop"
        },
        "west": {
            "uv": [ 12, 6, 13, 8 ],
            "texture": "#crop"
        },
        "east": {
            "uv": [ 12, 6, 13, 8 ],
            "texture": "#crop"
        }
    }
},
{
    
    "from": [ 12, -1, 11 ],
    "to": [ 13, 10, 12 ],
    "faces": {
        "down": {
            "uv": [ 11, 15, 12, 16 ],
            "texture": "#crop"
        },
        "up": {
            "uv": [ 11, 5, 12, 6 ],
            "texture": "#crop"
        },
        "north": {
            "uv": [ 11, 5, 12, 16 ],
            "texture": "#crop"
        },
        "south": {
            "uv": [ 11, 5, 12, 16 ],
            "texture": "#crop"
        },
        "west": {
            "uv": [ 11, 5, 12, 16 ],
            "texture": "#crop"
        },
        "east": {
            "uv": [ 11, 5, 12, 16 ],
            "texture": "#crop"
        }
    }
},
{
    
    "from": [ 12, -1, 10 ],
    "to": [ 13, 2, 11 ],
    "faces": {
        "down": {
            "uv": [ 10, 15, 11, 16 ],
            "texture": "#crop"
        },
        "up": {
            "uv": [ 10, 13, 11, 14 ],
            "texture": "#crop"
        },
        "north": {
            "uv": [ 10, 13, 11, 16 ],
            "texture": "#crop"
        },
        "south": {
            "uv": [ 10, 13, 11, 16 ],
            "texture": "#crop"
        },
        "west": {
            "uv": [ 10, 13, 11, 16 ],
            "texture": "#crop"
        },
        "east": {
            "uv": [ 10, 13, 11, 16 ],
            "texture": "#crop"
        }
    }
},
{
    
    "from": [ 12, 5, 10 ],
    "to": [ 13, 10, 11 ],
    "faces": {
        "down": {
            "uv": [ 10, 9, 11, 10 ],
            "texture": "#crop"
        },
        "up": {
            "uv": [ 10, 5, 11, 6 ],
            "texture": "#crop"
        },
        "north": {
            "uv": [ 10, 5, 11, 10 ],
            "texture": "#crop"
        },
        "south": {
            "uv": [ 10, 5, 11, 10 ],
            "texture": "#crop"
        },
        "west": {
            "uv": [ 10, 5, 11, 10 ],
            "texture": "#crop"
        },
        "east": {
            "uv": [ 10, 5, 11, 10 ],
            "texture": "#crop"
        }
    }
},
{
    
    "from": [ 12, -1, 9 ],
    "to": [ 13, 0, 10 ],
    "faces": {
        "down": {
            "uv": [ 9, 15, 10, 16 ],
            "texture": "#crop"
        },
        "up": {
            "uv": [ 9, 15, 10, 16 ],
            "texture": "#crop"
        },
        "north": {
            "uv": [ 9, 15, 10, 16 ],
            "texture": "#crop"
        },
        "south": {
            "uv": [ 9, 15, 10, 16 ],
            "texture": "#crop"
        },
        "west": {
            "uv": [ 9, 15, 10, 16 ],
            "texture": "#crop"
        },
        "east": {
            "uv": [ 9, 15, 10, 16 ],
            "texture": "#crop"
        }
    }
},
{
    
    "from": [ 12, 1, 9 ],
    "to": [ 13, 4, 10 ],
    "faces": {
        "down": {
            "uv": [ 9, 13, 10, 14 ],
            "texture": "#crop"
        },
        "up": {
            "uv": [ 9, 11, 10, 12 ],
            "texture": "#crop"
        },
        "north": {
            "uv": [ 9, 11, 10, 14 ],
            "texture": "#crop"
        },
        "south": {
            "uv": [ 9, 11, 10, 14 ],
            "texture": "#crop"
        },
        "west": {
            "uv": [ 9, 11, 10, 14 ],
            "texture": "#crop"
        },
        "east": {
            "uv": [ 9, 11, 10, 14 ],
            "texture": "#crop"
        }
    }
},
{
    
    "from": [ 12, 6, 9 ],
    "to": [ 13, 7, 10 ],
    "faces": {
        "down": {
            "uv": [ 9, 8, 10, 9 ],
            "texture": "#crop"
        },
        "up": {
            "uv": [ 9, 8, 10, 9 ],
            "texture": "#crop"
        },
        "north": {
            "uv": [ 9, 8, 10, 9 ],
            "texture": "#crop"
        },
        "south": {
            "uv": [ 9, 8, 10, 9 ],
            "texture": "#crop"
        },
        "west": {
            "uv": [ 9, 8, 10, 9 ],
            "texture": "#crop"
        },
        "east": {
            "uv": [ 9, 8, 10, 9 ],
            "texture": "#crop"
        }
    }
},
{
    
    "from": [ 12, 9, 9 ],
    "to": [ 13, 10, 10 ],
    "faces": {
        "down": {
            "uv": [ 9, 5, 10, 6 ],
            "texture": "#crop"
        },
        "up": {
            "uv": [ 9, 5, 10, 6 ],
            "texture": "#crop"
        },
        "north": {
            "uv": [ 9, 5, 10, 6 ],
            "texture": "#crop"
        },
        "south": {
            "uv": [ 9, 5, 10, 6 ],
            "texture": "#crop"
        },
        "west": {
            "uv": [ 9, 5, 10, 6 ],
            "texture": "#crop"
        },
        "east": {
            "uv": [ 9, 5, 10, 6 ],
            "texture": "#crop"
        }
    }
},
{
    
    "from": [ 12, -1, 8 ],
    "to": [ 13, 8, 9 ],
    "faces": {
        "down": {
            "uv": [ 8, 15, 9, 16 ],
            "texture": "#crop"
        },
        "up": {
            "uv": [ 8, 7, 9, 8 ],
            "texture": "#crop"
        },
        "north": {
            "uv": [ 8, 7, 9, 16 ],
            "texture": "#crop"
        },
        "south": {
            "uv": [ 8, 7, 9, 16 ],
            "texture": "#crop"
        },
        "west": {
            "uv": [ 8, 7, 9, 16 ],
            "texture": "#crop"
        },
        "east": {
            "uv": [ 8, 7, 9, 16 ],
            "texture": "#crop"
        }
    }
},
{
    
    "from": [ 12, -1, 7 ],
    "to": [ 13, 9, 8 ],
    "faces": {
        "down": {
            "uv": [ 7, 15, 8, 16 ],
            "texture": "#crop"
        },
        "up": {
            "uv": [ 7, 6, 8, 7 ],
            "texture": "#crop"
        },
        "north": {
            "uv": [ 7, 6, 8, 16 ],
            "texture": "#crop"
        },
        "south": {
            "uv": [ 7, 6, 8, 16 ],
            "texture": "#crop"
        },
        "west": {
            "uv": [ 7, 6, 8, 16 ],
            "texture": "#crop"
        },
        "east": {
            "uv": [ 7, 6, 8, 16 ],
            "texture": "#crop"
        }
    }
},
{
    
    "from": [ 12, -1, 6 ],
    "to": [ 13, 3, 7 ],
    "faces": {
        "down": {
            "uv": [ 6, 15, 7, 16 ],
            "texture": "#crop"
        },
        "up": {
            "uv": [ 6, 12, 7, 13 ],
            "texture": "#crop"
        },
        "north": {
            "uv": [ 6, 12, 7, 16 ],
            "texture": "#crop"
        },
        "south": {
            "uv": [ 6, 12, 7, 16 ],
            "texture": "#crop"
        },
        "west": {
            "uv": [ 6, 12, 7, 16 ],
            "texture": "#crop"
        },
        "east": {
            "uv": [ 6, 12, 7, 16 ],
            "texture": "#crop"
        }
    }
},
{
    
    "from": [ 12, 5, 6 ],
    "to": [ 13, 9, 7 ],
    "faces": {
        "down": {
            "uv": [ 6, 9, 7, 10 ],
            "texture": "#crop"
        },
        "up": {
            "uv": [ 6, 6, 7, 7 ],
            "texture": "#crop"
        },
        "north": {
            "uv": [ 6, 6, 7, 10 ],
            "texture": "#crop"
        },
        "south": {
            "uv": [ 6, 6, 7, 10 ],
            "texture": "#crop"
        },
        "west": {
            "uv": [ 6, 6, 7, 10 ],
            "texture": "#crop"
        },
        "east": {
            "uv": [ 6, 6, 7, 10 ],
            "texture": "#crop"
        }
    }
},
{
    
    "from": [ 12, -1, 5 ],
    "to": [ 13, 5, 6 ],
    "faces": {
        "down": {
            "uv": [ 5, 15, 6, 16 ],
            "texture": "#crop"
        },
        "up": {
            "uv": [ 5, 10, 6, 11 ],
            "texture": "#crop"
        },
        "north": {
            "uv": [ 5, 10, 6, 16 ],
            "texture": "#crop"
        },
        "south": {
            "uv": [ 5, 10, 6, 16 ],
            "texture": "#crop"
        },
        "west": {
            "uv": [ 5, 10, 6, 16 ],
            "texture": "#crop"
        },
        "east": {
            "uv": [ 5, 10, 6, 16 ],
            "texture": "#crop"
        }
    }
},
{
    
    "from": [ 12, 7, 5 ],
    "to": [ 13, 8, 6 ],
    "faces": {
        "down": {
            "uv": [ 5, 7, 6, 8 ],
            "texture": "#crop"
        },
        "up": {
            "uv": [ 5, 7, 6, 8 ],
            "texture": "#crop"
        },
        "north": {
            "uv": [ 5, 7, 6, 8 ],
            "texture": "#crop"
        },
        "south": {
            "uv": [ 5, 7, 6, 8 ],
            "texture": "#crop"
        },
        "west": {
            "uv": [ 5, 7, 6, 8 ],
            "texture": "#crop"
        },
        "east": {
            "uv": [ 5, 7, 6, 8 ],
            "texture": "#crop"
        }
    }
},
{
    
    "from": [ 12, 9, 5 ],
    "to": [ 13, 11, 6 ],
    "faces": {
        "down": {
            "uv": [ 5, 5, 6, 6 ],
            "texture": "#crop"
        },
        "up": {
            "uv": [ 5, 4, 6, 5 ],
            "texture": "#crop"
        },
        "north": {
            "uv": [ 5, 4, 6, 6 ],
            "texture": "#crop"
        },
        "south": {
            "uv": [ 5, 4, 6, 6 ],
            "texture": "#crop"
        },
        "west": {
            "uv": [ 5, 4, 6, 6 ],
            "texture": "#crop"
        },
        "east": {
            "uv": [ 5, 4, 6, 6 ],
            "texture": "#crop"
        }
    }
},
{
    
    "from": [ 12, -1, 4 ],
    "to": [ 13, 10, 5 ],
    "faces": {
        "down": {
            "uv": [ 4, 15, 5, 16 ],
            "texture": "#crop"
        },
        "up": {
            "uv": [ 4, 5, 5, 6 ],
            "texture": "#crop"
        },
        "north": {
            "uv": [ 4, 5, 5, 16 ],
            "texture": "#crop"
        },
        "south": {
            "uv": [ 4, 5, 5, 16 ],
            "texture": "#crop"
        },
        "west": {
            "uv": [ 4, 5, 5, 16 ],
            "texture": "#crop"
        },
        "east": {
            "uv": [ 4, 5, 5, 16 ],
            "texture": "#crop"
        }
    }
},
{
    
    "from": [ 12, -1, 3 ],
    "to": [ 13, 9, 4 ],
    "faces": {
        "down": {
            "uv": [ 3, 15, 4, 16 ],
            "texture": "#crop"
        },
        "up": {
            "uv": [ 3, 6, 4, 7 ],
            "texture": "#crop"
        },
        "north": {
            "uv": [ 3, 6, 4, 16 ],
            "texture": "#crop"
        },
        "south": {
            "uv": [ 3, 6, 4, 16 ],
            "texture": "#crop"
        },
        "west": {
            "uv": [ 3, 6, 4, 16 ],
            "texture": "#crop"
        },
        "east": {
            "uv": [ 3, 6, 4, 16 ],
            "texture": "#crop"
        }
    }
},
{
    
    "from": [ 12, -1, 2 ],
    "to": [ 13, 0, 3 ],
    "faces": {
        "down": {
            "uv": [ 2, 15, 3, 16 ],
            "texture": "#crop"
        },
        "up": {
            "uv": [ 2, 15, 3, 16 ],
            "texture": "#crop"
        },
        "north": {
            "uv": [ 2, 15, 3, 16 ],
            "texture": "#crop"
        },
        "south": {
            "uv": [ 2, 15, 3, 16 ],
            "texture": "#crop"
        },
        "west": {
            "uv": [ 2, 15, 3, 16 ],
            "texture": "#crop"
        },
        "east": {
            "uv": [ 2, 15, 3, 16 ],
            "texture": "#crop"
        }
    }
},
{
    
    "from": [ 12, 1, 2 ],
    "to": [ 13, 2, 3 ],
    "faces": {
        "down": {
            "uv": [ 2, 13, 3, 14 ],
            "texture": "#crop"
        },
        "up": {
            "uv": [ 2, 13, 3, 14 ],
            "texture": "#crop"
        },
        "north": {
            "uv": [ 2, 13, 3, 14 ],
            "texture": "#crop"
        },
        "south": {
            "uv": [ 2, 13, 3, 14 ],
            "texture": "#crop"
        },
        "west": {
            "uv": [ 2, 13, 3, 14 ],
            "texture": "#crop"
        },
        "east": {
            "uv": [ 2, 13, 3, 14 ],
            "texture": "#crop"
        }
    }
},
{
    
    "from": [ 12, 4, 2 ],
    "to": [ 13, 10, 3 ],
    "faces": {
        "down": {
            "uv": [ 2, 10, 3, 11 ],
            "texture": "#crop"
        },
        "up": {
            "uv": [ 2, 5, 3, 6 ],
            "texture": "#crop"
        },
        "north": {
            "uv": [ 2, 5, 3, 11 ],
            "texture": "#crop"
        },
        "south": {
            "uv": [ 2, 5, 3, 11 ],
            "texture": "#crop"
        },
        "west": {
            "uv": [ 2, 5, 3, 11 ],
            "texture": "#crop"
        },
        "east": {
            "uv": [ 2, 5, 3, 11 ],
            "texture": "#crop"
        }
    }
},
{
    
    "from": [ 12, 7, 1 ],
    "to": [ 13, 9, 2 ],
    "faces": {
        "down": {
            "uv": [ 1, 7, 2, 8 ],
            "texture": "#crop"
        },
        "up": {
            "uv": [ 1, 6, 2, 7 ],
            "texture": "#crop"
        },
        "north": {
            "uv": [ 1, 6, 2, 8 ],
            "texture": "#crop"
        },
        "south": {
            "uv": [ 1, 6, 2, 8 ],
            "texture": "#crop"
        },
        "west": {
            "uv": [ 1, 6, 2, 8 ],
            "texture": "#crop"
        },
        "east": {
            "uv": [ 1, 6, 2, 8 ],
            "texture": "#crop"
        }
    }
},
{
    
    "from": [ 12, 9, 0 ],
    "to": [ 13, 11, 1 ],
    "faces": {
        "down": {
            "uv": [ 0, 5, 1, 6 ],
            "texture": "#crop"
        },
        "up": {
            "uv": [ 0, 4, 1, 5 ],
            "texture": "#crop"
        },
        "north": {
            "uv": [ 0, 4, 1, 6 ],
            "texture": "#crop"
        },
        "south": {
            "uv": [ 0, 4, 1, 6 ],
            "texture": "#crop"
        },
        "west": {
            "uv": [ 0, 4, 1, 6 ],
            "texture": "#crop"
        },
        "east": {
            "uv": [ 0, 4, 1, 6 ],
            "texture": "#crop"
        }
    }
},
{
    
    "from": [ 0, 9, 12 ],
    "to": [ 1, 10, 13 ],
    "faces": {
        "down": {
            "uv": [ 15, 5, 16, 6 ],
            "texture": "#crop"
        },
        "up": {
            "uv": [ 15, 5, 16, 6 ],
            "texture": "#crop"
        },
        "north": {
            "uv": [ 15, 5, 16, 6 ],
            "texture": "#crop"
        },
        "south": {
            "uv": [ 15, 5, 16, 6 ],
            "texture": "#crop"
        },
        "west": {
            "uv": [ 15, 5, 16, 6 ],
            "texture": "#crop"
        },
        "east": {
            "uv": [ 15, 5, 16, 6 ],
            "texture": "#crop"
        }
    }
},
{
    
    "from": [ 1, 7, 12 ],
    "to": [ 2, 9, 13 ],
    "faces": {
        "down": {
            "uv": [ 14, 7, 15, 8 ],
            "texture": "#crop"
        },
        "up": {
            "uv": [ 14, 6, 15, 7 ],
            "texture": "#crop"
        },
        "north": {
            "uv": [ 14, 6, 15, 8 ],
            "texture": "#crop"
        },
        "south": {
            "uv": [ 14, 6, 15, 8 ],
            "texture": "#crop"
        },
        "west": {
            "uv": [ 14, 6, 15, 8 ],
            "texture": "#crop"
        },
        "east": {
            "uv": [ 14, 6, 15, 8 ],
            "texture": "#crop"
        }
    }
},
{
    
    "from": [ 2, -1, 12 ],
    "to": [ 3, 1, 13 ],
    "faces": {
        "down": {
            "uv": [ 13, 15, 14, 16 ],
            "texture": "#crop"
        },
        "up": {
            "uv": [ 13, 14, 14, 15 ],
            "texture": "#crop"
        },
        "north": {
            "uv": [ 13, 14, 14, 16 ],
            "texture": "#crop"
        },
        "south": {
            "uv": [ 13, 14, 14, 16 ],
            "texture": "#crop"
        },
        "west": {
            "uv": [ 13, 14, 14, 16 ],
            "texture": "#crop"
        },
        "east": {
            "uv": [ 13, 14, 14, 16 ],
            "texture": "#crop"
        }
    }
},
{
    
    "from": [ 2, 5, 12 ],
    "to": [ 3, 7, 13 ],
    "faces": {
        "down": {
            "uv": [ 13, 9, 14, 10 ],
            "texture": "#crop"
        },
        "up": {
            "uv": [ 13, 8, 14, 9 ],
            "texture": "#crop"
        },
        "north": {
            "uv": [ 13, 8, 14, 10 ],
            "texture": "#crop"
        },
        "south": {
            "uv": [ 13, 8, 14, 10 ],
            "texture": "#crop"
        },
        "west": {
            "uv": [ 13, 8, 14, 10 ],
            "texture": "#crop"
        },
        "east": {
            "uv": [ 13, 8, 14, 10 ],
            "texture": "#crop"
        }
    }
},
{
    
    "from": [ 2, 8, 12 ],
    "to": [ 3, 10, 13 ],
    "faces": {
        "down": {
            "uv": [ 13, 6, 14, 7 ],
            "texture": "#crop"
        },
        "up": {
            "uv": [ 13, 5, 14, 6 ],
            "texture": "#crop"
        },
        "north": {
            "uv": [ 13, 5, 14, 7 ],
            "texture": "#crop"
        },
        "south": {
            "uv": [ 13, 5, 14, 7 ],
            "texture": "#crop"
        },
        "west": {
            "uv": [ 13, 5, 14, 7 ],
            "texture": "#crop"
        },
        "east": {
            "uv": [ 13, 5, 14, 7 ],
            "texture": "#crop"
        }
    }
},
{
    
    "from": [ 3, -1, 12 ],
    "to": [ 4, 6, 13 ],
    "faces": {
        "down": {
            "uv": [ 12, 15, 13, 16 ],
            "texture": "#crop"
        },
        "up": {
            "uv": [ 12, 9, 13, 10 ],
            "texture": "#crop"
        },
        "north": {
            "uv": [ 12, 9, 13, 16 ],
            "texture": "#crop"
        },
        "south": {
            "uv": [ 12, 9, 13, 16 ],
            "texture": "#crop"
        },
        "west": {
            "uv": [ 12, 9, 13, 16 ],
            "texture": "#crop"
        },
        "east": {
            "uv": [ 12, 9, 13, 16 ],
            "texture": "#crop"
        }
    }
},
{
    
    "from": [ 3, 7, 12 ],
    "to": [ 4, 9, 13 ],
    "faces": {
        "down": {
            "uv": [ 12, 7, 13, 8 ],
            "texture": "#crop"
        },
        "up": {
            "uv": [ 12, 6, 13, 7 ],
            "texture": "#crop"
        },
        "north": {
            "uv": [ 12, 6, 13, 8 ],
            "texture": "#crop"
        },
        "south": {
            "uv": [ 12, 6, 13, 8 ],
            "texture": "#crop"
        },
        "west": {
            "uv": [ 12, 6, 13, 8 ],
            "texture": "#crop"
        },
        "east": {
            "uv": [ 12, 6, 13, 8 ],
            "texture": "#crop"
        }
    }
},
{
    
    "from": [ 4, -1, 12 ],
    "to": [ 5, 10, 13 ],
    "faces": {
        "down": {
            "uv": [ 11, 15, 12, 16 ],
            "texture": "#crop"
        },
        "up": {
            "uv": [ 11, 5, 12, 6 ],
            "texture": "#crop"
        },
        "north": {
            "uv": [ 11, 5, 12, 16 ],
            "texture": "#crop"
        },
        "south": {
            "uv": [ 11, 5, 12, 16 ],
            "texture": "#crop"
        },
        "west": {
            "uv": [ 11, 5, 12, 16 ],
            "texture": "#crop"
        },
        "east": {
            "uv": [ 11, 5, 12, 16 ],
            "texture": "#crop"
        }
    }
},
{
    
    "from": [ 5, -1, 12 ],
    "to": [ 6, 2, 13 ],
    "faces": {
        "down": {
            "uv": [ 10, 15, 11, 16 ],
            "texture": "#crop"
        },
        "up": {
            "uv": [ 10, 13, 11, 14 ],
            "texture": "#crop"
        },
        "north": {
            "uv": [ 10, 13, 11, 16 ],
            "texture": "#crop"
        },
        "south": {
            "uv": [ 10, 13, 11, 16 ],
            "texture": "#crop"
        },
        "west": {
            "uv": [ 10, 13, 11, 16 ],
            "texture": "#crop"
        },
        "east": {
            "uv": [ 10, 13, 11, 16 ],
            "texture": "#crop"
        }
    }
},
{
    
    "from": [ 5, 5, 12 ],
    "to": [ 6, 10, 13 ],
    "faces": {
        "down": {
            "uv": [ 10, 9, 11, 10 ],
            "texture": "#crop"
        },
        "up": {
            "uv": [ 10, 5, 11, 6 ],
            "texture": "#crop"
        },
        "north": {
            "uv": [ 10, 5, 11, 10 ],
            "texture": "#crop"
        },
        "south": {
            "uv": [ 10, 5, 11, 10 ],
            "texture": "#crop"
        },
        "west": {
            "uv": [ 10, 5, 11, 10 ],
            "texture": "#crop"
        },
        "east": {
            "uv": [ 10, 5, 11, 10 ],
            "texture": "#crop"
        }
    }
},
{
    
    "from": [ 6, -1, 12 ],
    "to": [ 7, 0, 13 ],
    "faces": {
        "down": {
            "uv": [ 9, 15, 10, 16 ],
            "texture": "#crop"
        },
        "up": {
            "uv": [ 9, 15, 10, 16 ],
            "texture": "#crop"
        },
        "north": {
            "uv": [ 9, 15, 10, 16 ],
            "texture": "#crop"
        },
        "south": {
            "uv": [ 9, 15, 10, 16 ],
            "texture": "#crop"
        },
        "west": {
            "uv": [ 9, 15, 10, 16 ],
            "texture": "#crop"
        },
        "east": {
            "uv": [ 9, 15, 10, 16 ],
            "texture": "#crop"
        }
    }
},
{
    
    "from": [ 6, 1, 12 ],
    "to": [ 7, 4, 13 ],
    "faces": {
        "down": {
            "uv": [ 9, 13, 10, 14 ],
            "texture": "#crop"
        },
        "up": {
            "uv": [ 9, 11, 10, 12 ],
            "texture": "#crop"
        },
        "north": {
            "uv": [ 9, 11, 10, 14 ],
            "texture": "#crop"
        },
        "south": {
            "uv": [ 9, 11, 10, 14 ],
            "texture": "#crop"
        },
        "west": {
            "uv": [ 9, 11, 10, 14 ],
            "texture": "#crop"
        },
        "east": {
            "uv": [ 9, 11, 10, 14 ],
            "texture": "#crop"
        }
    }
},
{
    
    "from": [ 6, 6, 12 ],
    "to": [ 7, 7, 13 ],
    "faces": {
        "down": {
            "uv": [ 9, 8, 10, 9 ],
            "texture": "#crop"
        },
        "up": {
            "uv": [ 9, 8, 10, 9 ],
            "texture": "#crop"
        },
        "north": {
            "uv": [ 9, 8, 10, 9 ],
            "texture": "#crop"
        },
        "south": {
            "uv": [ 9, 8, 10, 9 ],
            "texture": "#crop"
        },
        "west": {
            "uv": [ 9, 8, 10, 9 ],
            "texture": "#crop"
        },
        "east": {
            "uv": [ 9, 8, 10, 9 ],
            "texture": "#crop"
        }
    }
},
{
    
    "from": [ 6, 9, 12 ],
    "to": [ 7, 10, 13 ],
    "faces": {
        "down": {
            "uv": [ 9, 5, 10, 6 ],
            "texture": "#crop"
        },
        "up": {
            "uv": [ 9, 5, 10, 6 ],
            "texture": "#crop"
        },
        "north": {
            "uv": [ 9, 5, 10, 6 ],
            "texture": "#crop"
        },
        "south": {
            "uv": [ 9, 5, 10, 6 ],
            "texture": "#crop"
        },
        "west": {
            "uv": [ 9, 5, 10, 6 ],
            "texture": "#crop"
        },
        "east": {
            "uv": [ 9, 5, 10, 6 ],
            "texture": "#crop"
        }
    }
},
{
    
    "from": [ 7, -1, 12 ],
    "to": [ 8, 8, 13 ],
    "faces": {
        "down": {
            "uv": [ 8, 15, 9, 16 ],
            "texture": "#crop"
        },
        "up": {
            "uv": [ 8, 7, 9, 8 ],
            "texture": "#crop"
        },
        "north": {
            "uv": [ 8, 7, 9, 16 ],
            "texture": "#crop"
        },
        "south": {
            "uv": [ 8, 7, 9, 16 ],
            "texture": "#crop"
        },
        "west": {
            "uv": [ 8, 7, 9, 16 ],
            "texture": "#crop"
        },
        "east": {
            "uv": [ 8, 7, 9, 16 ],
            "texture": "#crop"
        }
    }
},
{
    
    "from": [ 8, -1, 12 ],
    "to": [ 9, 9, 13 ],
    "faces": {
        "down": {
            "uv": [ 7, 15, 8, 16 ],
            "texture": "#crop"
        },
        "up": {
            "uv": [ 7, 6, 8, 7 ],
            "texture": "#crop"
        },
        "north": {
            "uv": [ 7, 6, 8, 16 ],
            "texture": "#crop"
        },
        "south": {
            "uv": [ 7, 6, 8, 16 ],
            "texture": "#crop"
        },
        "west": {
            "uv": [ 7, 6, 8, 16 ],
            "texture": "#crop"
        },
        "east": {
            "uv": [ 7, 6, 8, 16 ],
            "texture": "#crop"
        }
    }
},
{
    
    "from": [ 9, -1, 12 ],
    "to": [ 10, 3, 13 ],
    "faces": {
        "down": {
            "uv": [ 6, 15, 7, 16 ],
            "texture": "#crop"
        },
        "up": {
            "uv": [ 6, 12, 7, 13 ],
            "texture": "#crop"
        },
        "north": {
            "uv": [ 6, 12, 7, 16 ],
            "texture": "#crop"
        },
        "south": {
            "uv": [ 6, 12, 7, 16 ],
            "texture": "#crop"
        },
        "west": {
            "uv": [ 6, 12, 7, 16 ],
            "texture": "#crop"
        },
        "east": {
            "uv": [ 6, 12, 7, 16 ],
            "texture": "#crop"
        }
    }
},
{
    
    "from": [ 9, 5, 12 ],
    "to": [ 10, 9, 13 ],
    "faces": {
        "down": {
            "uv": [ 6, 9, 7, 10 ],
            "texture": "#crop"
        },
        "up": {
            "uv": [ 6, 6, 7, 7 ],
            "texture": "#crop"
        },
        "north": {
            "uv": [ 6, 6, 7, 10 ],
            "texture": "#crop"
        },
        "south": {
            "uv": [ 6, 6, 7, 10 ],
            "texture": "#crop"
        },
        "west": {
            "uv": [ 6, 6, 7, 10 ],
            "texture": "#crop"
        },
        "east": {
            "uv": [ 6, 6, 7, 10 ],
            "texture": "#crop"
        }
    }
},
{
    
    "from": [ 10, -1, 12 ],
    "to": [ 11, 5, 13 ],
    "faces": {
        "down": {
            "uv": [ 5, 15, 6, 16 ],
            "texture": "#crop"
        },
        "up": {
            "uv": [ 5, 10, 6, 11 ],
            "texture": "#crop"
        },
        "north": {
            "uv": [ 5, 10, 6, 16 ],
            "texture": "#crop"
        },
        "south": {
            "uv": [ 5, 10, 6, 16 ],
            "texture": "#crop"
        },
        "west": {
            "uv": [ 5, 10, 6, 16 ],
            "texture": "#crop"
        },
        "east": {
            "uv": [ 5, 10, 6, 16 ],
            "texture": "#crop"
        }
    }
},
{
    
    "from": [ 10, 7, 12 ],
    "to": [ 11, 8, 13 ],
    "faces": {
        "down": {
            "uv": [ 5, 7, 6, 8 ],
            "texture": "#crop"
        },
        "up": {
            "uv": [ 5, 7, 6, 8 ],
            "texture": "#crop"
        },
        "north": {
            "uv": [ 5, 7, 6, 8 ],
            "texture": "#crop"
        },
        "south": {
            "uv": [ 5, 7, 6, 8 ],
            "texture": "#crop"
        },
        "west": {
            "uv": [ 5, 7, 6, 8 ],
            "texture": "#crop"
        },
        "east": {
            "uv": [ 5, 7, 6, 8 ],
            "texture": "#crop"
        }
    }
},
{
    
    "from": [ 10, 9, 12 ],
    "to": [ 11, 11, 13 ],
    "faces": {
        "down": {
            "uv": [ 5, 5, 6, 6 ],
            "texture": "#crop"
        },
        "up": {
            "uv": [ 5, 4, 6, 5 ],
            "texture": "#crop"
        },
        "north": {
            "uv": [ 5, 4, 6, 6 ],
            "texture": "#crop"
        },
        "south": {
            "uv": [ 5, 4, 6, 6 ],
            "texture": "#crop"
        },
        "west": {
            "uv": [ 5, 4, 6, 6 ],
            "texture": "#crop"
        },
        "east": {
            "uv": [ 5, 4, 6, 6 ],
            "texture": "#crop"
        }
    }
},
{
    
    "from": [ 11, -1, 12 ],
    "to": [ 12, 10, 13 ],
    "faces": {
        "down": {
            "uv": [ 4, 15, 5, 16 ],
            "texture": "#crop"
        },
        "up": {
            "uv": [ 4, 5, 5, 6 ],
            "texture": "#crop"
        },
        "north": {
            "uv": [ 4, 5, 5, 16 ],
            "texture": "#crop"
        },
        "south": {
            "uv": [ 4, 5, 5, 16 ],
            "texture": "#crop"
        },
        "west": {
            "uv": [ 4, 5, 5, 16 ],
            "texture": "#crop"
        },
        "east": {
            "uv": [ 4, 5, 5, 16 ],
            "texture": "#crop"
        }
    }
},
{
    
    "from": [ 12, -1, 12 ],
    "to": [ 13, 9, 13 ],
    "faces": {
        "down": {
            "uv": [ 3, 15, 4, 16 ],
            "texture": "#crop"
        },
        "up": {
            "uv": [ 3, 6, 4, 7 ],
            "texture": "#crop"
        },
        "north": {
            "uv": [ 3, 6, 4, 16 ],
            "texture": "#crop"
        },
        "south": {
            "uv": [ 3, 6, 4, 16 ],
            "texture": "#crop"
        },
        "west": {
            "uv": [ 3, 6, 4, 16 ],
            "texture": "#crop"
        },
        "east": {
            "uv": [ 3, 6, 4, 16 ],
            "texture": "#crop"
        }
    }
},
{
    
    "from": [ 13, -1, 12 ],
    "to": [ 14, 0, 13 ],
    "faces": {
        "down": {
            "uv": [ 2, 15, 3, 16 ],
            "texture": "#crop"
        },
        "up": {
            "uv": [ 2, 15, 3, 16 ],
            "texture": "#crop"
        },
        "north": {
            "uv": [ 2, 15, 3, 16 ],
            "texture": "#crop"
        },
        "south": {
            "uv": [ 2, 15, 3, 16 ],
            "texture": "#crop"
        },
        "west": {
            "uv": [ 3, 15, 4, 16 ],
            "texture": "#crop"
        },
        "east": {
            "uv": [ 3, 15, 4, 16 ],
            "texture": "#crop"
        }
    }
},
{
    
    "from": [ 13, 1, 12 ],
    "to": [ 14, 2, 13 ],
    "faces": {
        "down": {
            "uv": [ 2, 13, 3, 14 ],
            "texture": "#crop"
        },
        "up": {
            "uv": [ 2, 13, 3, 14 ],
            "texture": "#crop"
        },
        "north": {
            "uv": [ 2, 13, 3, 14 ],
            "texture": "#crop"
        },
        "south": {
            "uv": [ 2, 13, 3, 14 ],
            "texture": "#crop"
        },
        "west": {
            "uv": [ 3, 13, 4, 14 ],
            "texture": "#crop"
        },
        "east": {
            "uv": [ 3, 13, 4, 14 ],
            "texture": "#crop"
        }
    }
},
{
    
    "from": [ 13, 4, 12 ],
    "to": [ 14, 10, 13 ],
    "faces": {
        "down": {
            "uv": [ 2, 10, 3, 11 ],
            "texture": "#crop"
        },
        "up": {
            "uv": [ 2, 5, 3, 6 ],
            "texture": "#crop"
        },
        "north": {
            "uv": [ 2, 5, 3, 11 ],
            "texture": "#crop"
        },
        "south": {
            "uv": [ 2, 5, 3, 11 ],
            "texture": "#crop"
        },
        "west": {
            "uv": [ 2, 5, 3, 11 ],
            "texture": "#crop"
        },
        "east": {
            "uv": [ 2, 5, 3, 11 ],
            "texture": "#crop"
        }
    }
},
{
    
    "from": [ 14, 7, 12 ],
    "to": [ 15, 9, 13 ],
    "faces": {
        "down": {
            "uv": [ 1, 7, 2, 8 ],
            "texture": "#crop"
        },
        "up": {
            "uv": [ 1, 6, 2, 7 ],
            "texture": "#crop"
        },
        "north": {
            "uv": [ 1, 6, 2, 8 ],
            "texture": "#crop"
        },
        "south": {
            "uv": [ 1, 6, 2, 8 ],
            "texture": "#crop"
        },
        "west": {
            "uv": [ 1, 6, 2, 8 ],
            "texture": "#crop"
        },
        "east": {
            "uv": [ 1, 6, 2, 8 ],
            "texture": "#crop"
        }
    }
},
{
    
    "from": [ 15, 9, 12 ],
    "to": [ 16, 11, 13 ],
    "faces": {
        "down": {
            "uv": [ 0, 5, 1, 6 ],
            "texture": "#crop"
        },
        "up": {
            "uv": [ 0, 4, 1, 5 ],
            "texture": "#crop"
        },
        "north": {
            "uv": [ 0, 4, 1, 6 ],
            "texture": "#crop"
        },
        "south": {
            "uv": [ 0, 4, 1, 6 ],
            "texture": "#crop"
        },
        "west": {
            "uv": [ 0, 4, 1, 6 ],
            "texture": "#crop"
        },
        "east": {
            "uv": [ 0, 4, 1, 6 ],
            "texture": "#crop"
        }
    }
},
{
    
    "from": [ 3, 9, 15 ],
    "to": [ 4, 11, 16 ],
    "faces": {
        "down": {
            "uv": [ 0, 5, 1, 6 ],
            "texture": "#crop"
        },
        "up": {
            "uv": [ 0, 4, 1, 5 ],
            "texture": "#crop"
        },
        "north": {
            "uv": [ 0, 4, 1, 6 ],
            "texture": "#crop"
        },
        "south": {
            "uv": [ 0, 4, 1, 6 ],
            "texture": "#crop"
        },
        "west": {
            "uv": [ 0, 4, 1, 6 ],
            "texture": "#crop"
        },
        "east": {
            "uv": [ 0, 4, 1, 6 ],
            "texture": "#crop"
        }
    }
},
{
    
    "from": [ 3, 7, 14 ],
    "to": [ 4, 9, 15 ],
    "faces": {
        "down": {
            "uv": [ 1, 7, 2, 8 ],
            "texture": "#crop"
        },
        "up": {
            "uv": [ 1, 6, 2, 7 ],
            "texture": "#crop"
        },
        "north": {
            "uv": [ 1, 6, 2, 8 ],
            "texture": "#crop"
        },
        "south": {
            "uv": [ 1, 6, 2, 8 ],
            "texture": "#crop"
        },
        "west": {
            "uv": [ 1, 6, 2, 8 ],
            "texture": "#crop"
        },
        "east": {
            "uv": [ 1, 6, 2, 8 ],
            "texture": "#crop"
        }
    }
},
{
    
    "from": [ 3, 4, 13 ],
    "to": [ 4, 10, 14 ],
    "faces": {
        "down": {
            "uv": [ 2, 10, 3, 11 ],
            "texture": "#crop"
        },
        "up": {
            "uv": [ 2, 5, 3, 6 ],
            "texture": "#crop"
        },
        "north": {
            "uv": [ 2, 5, 3, 11 ],
            "texture": "#crop"
        },
        "south": {
            "uv": [ 2, 5, 3, 11 ],
            "texture": "#crop"
        },
        "west": {
            "uv": [ 2, 5, 3, 11 ],
            "texture": "#crop"
        },
        "east": {
            "uv": [ 2, 5, 3, 11 ],
            "texture": "#crop"
        }
    }
},
{
    
    "from": [ 3, 1, 13 ],
    "to": [ 4, 2, 14 ],
    "faces": {
        "down": {
            "uv": [ 2, 13, 3, 14 ],
            "texture": "#crop"
        },
        "up": {
            "uv": [ 2, 13, 3, 14 ],
            "texture": "#crop"
        },
        "north": {
            "uv": [ 2, 13, 3, 14 ],
            "texture": "#crop"
        },
        "south": {
            "uv": [ 2, 13, 3, 14 ],
            "texture": "#crop"
        },
        "west": {
            "uv": [ 2, 13, 3, 14 ],
            "texture": "#crop"
        },
        "east": {
            "uv": [ 2, 13, 3, 14 ],
            "texture": "#crop"
        }
    }
},
{
    
    "from": [ 3, -1, 13 ],
    "to": [ 4, 0, 14 ],
    "faces": {
        "down": {
            "uv": [ 2, 15, 3, 16 ],
            "texture": "#crop"
        },
        "up": {
            "uv": [ 2, 15, 3, 16 ],
            "texture": "#crop"
        },
        "north": {
            "uv": [ 2, 15, 3, 16 ],
            "texture": "#crop"
        },
        "south": {
            "uv": [ 2, 15, 3, 16 ],
            "texture": "#crop"
        },
        "west": {
            "uv": [ 2, 15, 3, 16 ],
            "texture": "#crop"
        },
        "east": {
            "uv": [ 2, 15, 3, 16 ],
            "texture": "#crop"
        }
    }
},
{
    
    "from": [ 3, -1, 12 ],
    "to": [ 4, 9, 13 ],
    "faces": {
        "down": {
            "uv": [ 3, 15, 4, 16 ],
            "texture": "#crop"
        },
        "up": {
            "uv": [ 3, 6, 4, 7 ],
            "texture": "#crop"
        },
        "north": {
            "uv": [ 3, 6, 4, 16 ],
            "texture": "#crop"
        },
        "south": {
            "uv": [ 3, 6, 4, 16 ],
            "texture": "#crop"
        },
        "west": {
            "uv": [ 3, 6, 4, 16 ],
            "texture": "#crop"
        },
        "east": {
            "uv": [ 3, 6, 4, 16 ],
            "texture": "#crop"
        }
    }
},
{
    
    "from": [ 3, -1, 11 ],
    "to": [ 4, 10, 12 ],
    "faces": {
        "down": {
            "uv": [ 4, 15, 5, 16 ],
            "texture": "#crop"
        },
        "up": {
            "uv": [ 4, 5, 5, 6 ],
            "texture": "#crop"
        },
        "north": {
            "uv": [ 4, 5, 5, 16 ],
            "texture": "#crop"
        },
        "south": {
            "uv": [ 4, 5, 5, 16 ],
            "texture": "#crop"
        },
        "west": {
            "uv": [ 4, 5, 5, 16 ],
            "texture": "#crop"
        },
        "east": {
            "uv": [ 4, 5, 5, 16 ],
            "texture": "#crop"
        }
    }
},
{
    
    "from": [ 3, 9, 10 ],
    "to": [ 4, 11, 11 ],
    "faces": {
        "down": {
            "uv": [ 5, 5, 6, 6 ],
            "texture": "#crop"
        },
        "up": {
            "uv": [ 5, 4, 6, 5 ],
            "texture": "#crop"
        },
        "north": {
            "uv": [ 5, 4, 6, 6 ],
            "texture": "#crop"
        },
        "south": {
            "uv": [ 5, 4, 6, 6 ],
            "texture": "#crop"
        },
        "west": {
            "uv": [ 5, 4, 6, 6 ],
            "texture": "#crop"
        },
        "east": {
            "uv": [ 5, 4, 6, 6 ],
            "texture": "#crop"
        }
    }
},
{
    
    "from": [ 3, 7, 10 ],
    "to": [ 4, 8, 11 ],
    "faces": {
        "down": {
            "uv": [ 5, 7, 6, 8 ],
            "texture": "#crop"
        },
        "up": {
            "uv": [ 5, 7, 6, 8 ],
            "texture": "#crop"
        },
        "north": {
            "uv": [ 5, 7, 6, 8 ],
            "texture": "#crop"
        },
        "south": {
            "uv": [ 5, 7, 6, 8 ],
            "texture": "#crop"
        },
        "west": {
            "uv": [ 5, 7, 6, 8 ],
            "texture": "#crop"
        },
        "east": {
            "uv": [ 5, 7, 6, 8 ],
            "texture": "#crop"
        }
    }
},
{
    
    "from": [ 3, -1, 10 ],
    "to": [ 4, 5, 11 ],
    "faces": {
        "down": {
            "uv": [ 5, 15, 6, 16 ],
            "texture": "#crop"
        },
        "up": {
            "uv": [ 5, 10, 6, 11 ],
            "texture": "#crop"
        },
        "north": {
            "uv": [ 5, 10, 6, 16 ],
            "texture": "#crop"
        },
        "south": {
            "uv": [ 5, 10, 6, 16 ],
            "texture": "#crop"
        },
        "west": {
            "uv": [ 5, 10, 6, 16 ],
            "texture": "#crop"
        },
        "east": {
            "uv": [ 5, 10, 6, 16 ],
            "texture": "#crop"
        }
    }
},
{
    
    "from": [ 3, 5, 9 ],
    "to": [ 4, 9, 10 ],
    "faces": {
        "down": {
            "uv": [ 6, 9, 7, 10 ],
            "texture": "#crop"
        },
        "up": {
            "uv": [ 6, 6, 7, 7 ],
            "texture": "#crop"
        },
        "north": {
            "uv": [ 6, 6, 7, 10 ],
            "texture": "#crop"
        },
        "south": {
            "uv": [ 6, 6, 7, 10 ],
            "texture": "#crop"
        },
        "west": {
            "uv": [ 6, 6, 7, 10 ],
            "texture": "#crop"
        },
        "east": {
            "uv": [ 6, 6, 7, 10 ],
            "texture": "#crop"
        }
    }
},
{
    
    "from": [ 3, -1, 9 ],
    "to": [ 4, 3, 10 ],
    "faces": {
        "down": {
            "uv": [ 6, 15, 7, 16 ],
            "texture": "#crop"
        },
        "up": {
            "uv": [ 6, 12, 7, 13 ],
            "texture": "#crop"
        },
        "north": {
            "uv": [ 6, 12, 7, 16 ],
            "texture": "#crop"
        },
        "south": {
            "uv": [ 6, 12, 7, 16 ],
            "texture": "#crop"
        },
        "west": {
            "uv": [ 6, 12, 7, 16 ],
            "texture": "#crop"
        },
        "east": {
            "uv": [ 6, 12, 7, 16 ],
            "texture": "#crop"
        }
    }
},
{
    
    "from": [ 3, -1, 8 ],
    "to": [ 4, 9, 9 ],
    "faces": {
        "down": {
            "uv": [ 7, 15, 8, 16 ],
            "texture": "#crop"
        },
        "up": {
            "uv": [ 7, 6, 8, 7 ],
            "texture": "#crop"
        },
        "north": {
            "uv": [ 7, 6, 8, 16 ],
            "texture": "#crop"
        },
        "south": {
            "uv": [ 7, 6, 8, 16 ],
            "texture": "#crop"
        },
        "west": {
            "uv": [ 7, 6, 8, 16 ],
            "texture": "#crop"
        },
        "east": {
            "uv": [ 7, 6, 8, 16 ],
            "texture": "#crop"
        }
    }
},
{
    
    "from": [ 3, -1, 7 ],
    "to": [ 4, 8, 8 ],
    "faces": {
        "down": {
            "uv": [ 8, 15, 9, 16 ],
            "texture": "#crop"
        },
        "up": {
            "uv": [ 8, 7, 9, 8 ],
            "texture": "#crop"
        },
        "north": {
            "uv": [ 8, 7, 9, 16 ],
            "texture": "#crop"
        },
        "south": {
            "uv": [ 8, 7, 9, 16 ],
            "texture": "#crop"
        },
        "west": {
            "uv": [ 8, 7, 9, 16 ],
            "texture": "#crop"
        },
        "east": {
            "uv": [ 8, 7, 9, 16 ],
            "texture": "#crop"
        }
    }
},
{
    
    "from": [ 3, 9, 6 ],
    "to": [ 4, 10, 7 ],
    "faces": {
        "down": {
            "uv": [ 9, 5, 10, 6 ],
            "texture": "#crop"
        },
        "up": {
            "uv": [ 9, 5, 10, 6 ],
            "texture": "#crop"
        },
        "north": {
            "uv": [ 9, 5, 10, 6 ],
            "texture": "#crop"
        },
        "south": {
            "uv": [ 9, 5, 10, 6 ],
            "texture": "#crop"
        },
        "west": {
            "uv": [ 9, 5, 10, 6 ],
            "texture": "#crop"
        },
        "east": {
            "uv": [ 9, 5, 10, 6 ],
            "texture": "#crop"
        }
    }
},
{
    
    "from": [ 3, 6, 6 ],
    "to": [ 4, 7, 7 ],
    "faces": {
        "down": {
            "uv": [ 9, 8, 10, 9 ],
            "texture": "#crop"
        },
        "up": {
            "uv": [ 9, 8, 10, 9 ],
            "texture": "#crop"
        },
        "north": {
            "uv": [ 9, 8, 10, 9 ],
            "texture": "#crop"
        },
        "south": {
            "uv": [ 9, 8, 10, 9 ],
            "texture": "#crop"
        },
        "west": {
            "uv": [ 9, 8, 10, 9 ],
            "texture": "#crop"
        },
        "east": {
            "uv": [ 9, 8, 10, 9 ],
            "texture": "#crop"
        }
    }
},
{
    
    "from": [ 3, 1, 6 ],
    "to": [ 4, 4, 7 ],
    "faces": {
        "down": {
            "uv": [ 9, 13, 10, 14 ],
            "texture": "#crop"
        },
        "up": {
            "uv": [ 9, 11, 10, 12 ],
            "texture": "#crop"
        },
        "north": {
            "uv": [ 9, 11, 10, 14 ],
            "texture": "#crop"
        },
        "south": {
            "uv": [ 9, 11, 10, 14 ],
            "texture": "#crop"
        },
        "west": {
            "uv": [ 9, 11, 10, 14 ],
            "texture": "#crop"
        },
        "east": {
            "uv": [ 9, 11, 10, 14 ],
            "texture": "#crop"
        }
    }
},
{
    
    "from": [ 3, -1, 6 ],
    "to": [ 4, 0, 7 ],
    "faces": {
        "down": {
            "uv": [ 9, 15, 10, 16 ],
            "texture": "#crop"
        },
        "up": {
            "uv": [ 9, 15, 10, 16 ],
            "texture": "#crop"
        },
        "north": {
            "uv": [ 9, 15, 10, 16 ],
            "texture": "#crop"
        },
        "south": {
            "uv": [ 9, 15, 10, 16 ],
            "texture": "#crop"
        },
        "west": {
            "uv": [ 9, 15, 10, 16 ],
            "texture": "#crop"
        },
        "east": {
            "uv": [ 9, 15, 10, 16 ],
            "texture": "#crop"
        }
    }
},
{
    
    "from": [ 3, 5, 5 ],
    "to": [ 4, 10, 6 ],
    "faces": {
        "down": {
            "uv": [ 10, 9, 11, 10 ],
            "texture": "#crop"
        },
        "up": {
            "uv": [ 10, 5, 11, 6 ],
            "texture": "#crop"
        },
        "north": {
            "uv": [ 10, 5, 11, 10 ],
            "texture": "#crop"
        },
        "south": {
            "uv": [ 10, 5, 11, 10 ],
            "texture": "#crop"
        },
        "west": {
            "uv": [ 10, 5, 11, 10 ],
            "texture": "#crop"
        },
        "east": {
            "uv": [ 10, 5, 11, 10 ],
            "texture": "#crop"
        }
    }
},
{
    
    "from": [ 3, -1, 5 ],
    "to": [ 4, 2, 6 ],
    "faces": {
        "down": {
            "uv": [ 10, 15, 11, 16 ],
            "texture": "#crop"
        },
        "up": {
            "uv": [ 10, 13, 11, 14 ],
            "texture": "#crop"
        },
        "north": {
            "uv": [ 10, 13, 11, 16 ],
            "texture": "#crop"
        },
        "south": {
            "uv": [ 10, 13, 11, 16 ],
            "texture": "#crop"
        },
        "west": {
            "uv": [ 10, 13, 11, 16 ],
            "texture": "#crop"
        },
        "east": {
            "uv": [ 10, 13, 11, 16 ],
            "texture": "#crop"
        }
    }
},
{
    
    "from": [ 3, -1, 4 ],
    "to": [ 4, 10, 5 ],
    "faces": {
        "down": {
            "uv": [ 11, 15, 12, 16 ],
            "texture": "#crop"
        },
        "up": {
            "uv": [ 11, 5, 12, 6 ],
            "texture": "#crop"
        },
        "north": {
            "uv": [ 11, 5, 12, 16 ],
            "texture": "#crop"
        },
        "south": {
            "uv": [ 11, 5, 12, 16 ],
            "texture": "#crop"
        },
        "west": {
            "uv": [ 11, 5, 12, 16 ],
            "texture": "#crop"
        },
        "east": {
            "uv": [ 11, 5, 12, 16 ],
            "texture": "#crop"
        }
    }
},
{
    
    "from": [ 3, 7, 3 ],
    "to": [ 4, 9, 4 ],
    "faces": {
        "down": {
            "uv": [ 12, 7, 13, 8 ],
            "texture": "#crop"
        },
        "up": {
            "uv": [ 12, 6, 13, 7 ],
            "texture": "#crop"
        },
        "north": {
            "uv": [ 12, 6, 13, 8 ],
            "texture": "#crop"
        },
        "south": {
            "uv": [ 12, 6, 13, 8 ],
            "texture": "#crop"
        },
        "west": {
            "uv": [ 12, 6, 13, 8 ],
            "texture": "#crop"
        },
        "east": {
            "uv": [ 12, 6, 13, 8 ],
            "texture": "#crop"
        }
    }
},
{
    
    "from": [ 3, -1, 3 ],
    "to": [ 4, 6, 4 ],
    "faces": {
        "down": {
            "uv": [ 12, 15, 13, 16 ],
            "texture": "#crop"
        },
        "up": {
            "uv": [ 12, 9, 13, 10 ],
            "texture": "#crop"
        },
        "north": {
            "uv": [ 12, 9, 13, 16 ],
            "texture": "#crop"
        },
        "south": {
            "uv": [ 12, 9, 13, 16 ],
            "texture": "#crop"
        },
        "west": {
            "uv": [ 12, 9, 13, 16 ],
            "texture": "#crop"
        },
        "east": {
            "uv": [ 12, 9, 13, 16 ],
            "texture": "#crop"
        }
    }
},
{
    
    "from": [ 3, 8, 2 ],
    "to": [ 4, 10, 3 ],
    "faces": {
        "down": {
            "uv": [ 13, 6, 14, 7 ],
            "texture": "#crop"
        },
        "up": {
            "uv": [ 13, 5, 14, 6 ],
            "texture": "#crop"
        },
        "north": {
            "uv": [ 13, 5, 14, 7 ],
            "texture": "#crop"
        },
        "south": {
            "uv": [ 13, 5, 14, 7 ],
            "texture": "#crop"
        },
        "west": {
            "uv": [ 13, 5, 14, 7 ],
            "texture": "#crop"
        },
        "east": {
            "uv": [ 13, 5, 14, 7 ],
            "texture": "#crop"
        }
    }
},
{
    
    "from": [ 3, 5, 2 ],
    "to": [ 4, 7, 3 ],
    "faces": {
        "down": {
            "uv": [ 13, 9, 14, 10 ],
            "texture": "#crop"
        },
        "up": {
            "uv": [ 13, 8, 14, 9 ],
            "texture": "#crop"
        },
        "north": {
            "uv": [ 13, 8, 14, 10 ],
            "texture": "#crop"
        },
        "south": {
            "uv": [ 13, 8, 14, 10 ],
            "texture": "#crop"
        },
        "west": {
            "uv": [ 13, 8, 14, 10 ],
            "texture": "#crop"
        },
        "east": {
            "uv": [ 13, 8, 14, 10 ],
            "texture": "#crop"
        }
    }
},
{
    
    "from": [ 3, -1, 2 ],
    "to": [ 4, 1, 3 ],
    "faces": {
        "down": {
            "uv": [ 13, 15, 14, 16 ],
            "texture": "#crop"
        },
        "up": {
            "uv": [ 13, 14, 14, 15 ],
            "texture": "#crop"
        },
        "north": {
            "uv": [ 13, 14, 14, 16 ],
            "texture": "#crop"
        },
        "south": {
            "uv": [ 13, 14, 14, 16 ],
            "texture": "#crop"
        },
        "west": {
            "uv": [ 13, 14, 14, 16 ],
            "texture": "#crop"
        },
        "east": {
            "uv": [ 13, 14, 14, 16 ],
            "texture": "#crop"
        }
    }
},
{
    
    "from": [ 3, 7, 1 ],
    "to": [ 4, 9, 2 ],
    "faces": {
        "down": {
            "uv": [ 14, 7, 15, 8 ],
            "texture": "#crop"
        },
        "up": {
            "uv": [ 14, 6, 15, 7 ],
            "texture": "#crop"
        },
        "north": {
            "uv": [ 14, 6, 15, 8 ],
            "texture": "#crop"
        },
        "south": {
            "uv": [ 14, 6, 15, 8 ],
            "texture": "#crop"
        },
        "west": {
            "uv": [ 14, 6, 15, 8 ],
            "texture": "#crop"
        },
        "east": {
            "uv": [ 14, 6, 15, 8 ],
            "texture": "#crop"
        }
    }
},
{
    
    "from": [ 3, 9, 0 ],
    "to": [ 4, 10, 1 ],
    "faces": {
        "down": {
            "uv": [ 15, 5, 16, 6 ],
            "texture": "#crop"
        },
        "up": {
            "uv": [ 15, 5, 16, 6 ],
            "texture": "#crop"
        },
        "north": {
            "uv": [ 15, 5, 16, 6 ],
            "texture": "#crop"
        },
        "south": {
            "uv": [ 15, 5, 16, 6 ],
            "texture": "#crop"
        },
        "west": {
            "uv": [ 15, 5, 16, 6 ],
            "texture": "#crop"
        },
        "east": {
            "uv": [ 15, 5, 16, 6 ],
            "texture": "#crop"
        }
    }
}
]
}
