{
    "__comment": "Fair warning, this format is highly likely to change even more in the future!",
    "textures": {
        "crop": "blocks/carrots_stage_2",
		"particle": "blocks/carrots_stage_2"
    },
	"elements": [ 
{
    
    "from": [ 14, 5, 3 ],
    "to": [ 15, 7, 4 ],
    "faces": {
        "down": {
            "uv": [ 14, 9, 15, 10 ],
            "texture": "#crop"
        },
        "up": {
            "uv": [ 14, 8, 15, 9 ],
            "texture": "#crop"
        },
        "north": {
            "uv": [ 14, 8, 15, 10 ],
            "texture": "#crop"
        },
        "south": {
            "uv": [ 14, 8, 15, 10 ],
            "texture": "#crop"
        },
        "west": {
            "uv": [ 14, 8, 15, 10 ],
            "texture": "#crop"
        },
        "east": {
            "uv": [ 14, 8, 15, 10 ],
            "texture": "#crop"
        }
    }
},
{
    
    "from": [ 13, -1, 3 ],
    "to": [ 14, 2, 4 ],
    "faces": {
        "down": {
            "uv": [ 13, 15, 14, 16 ],
            "texture": "#crop"
        },
        "up": {
            "uv": [ 13, 13, 14, 14 ],
            "texture": "#crop"
        },
        "north": {
            "uv": [ 13, 13, 14, 16 ],
            "texture": "#crop"
        },
        "south": {
            "uv": [ 13, 13, 14, 16 ],
            "texture": "#crop"
        },
        "west": {
            "uv": [ 13, 13, 14, 16 ],
            "texture": "#crop"
        },
        "east": {
            "uv": [ 13, 13, 14, 16 ],
            "texture": "#crop"
        }
    }
},
{
    
    "from": [ 13, 4, 3 ],
    "to": [ 14, 6, 4 ],
    "faces": {
        "down": {
            "uv": [ 13, 10, 14, 11 ],
            "texture": "#crop"
        },
        "up": {
            "uv": [ 13, 9, 14, 10 ],
            "texture": "#crop"
        },
        "north": {
            "uv": [ 13, 9, 14, 11 ],
            "texture": "#crop"
        },
        "south": {
            "uv": [ 13, 9, 14, 11 ],
            "texture": "#crop"
        },
        "west": {
            "uv": [ 13, 9, 14, 11 ],
            "texture": "#crop"
        },
        "east": {
            "uv": [ 13, 9, 14, 11 ],
            "texture": "#crop"
        }
    }
},
{
    
    "from": [ 12, -1, 3 ],
    "to": [ 13, 5, 4 ],
    "faces": {
        "down": {
            "uv": [ 12, 15, 13, 16 ],
            "texture": "#crop"
        },
        "up": {
            "uv": [ 12, 10, 13, 11 ],
            "texture": "#crop"
        },
        "north": {
            "uv": [ 12, 10, 13, 16 ],
            "texture": "#crop"
        },
        "south": {
            "uv": [ 12, 10, 13, 16 ],
            "texture": "#crop"
        },
        "west": {
            "uv": [ 12, 10, 13, 16 ],
            "texture": "#crop"
        },
        "east": {
            "uv": [ 12, 10, 13, 16 ],
            "texture": "#crop"
        }
    }
},
{
    
    "from": [ 11, -1, 3 ],
    "to": [ 12, 0, 4 ],
    "faces": {
        "down": {
            "uv": [ 11, 15, 12, 16 ],
            "texture": "#crop"
        },
        "up": {
            "uv": [ 11, 15, 12, 16 ],
            "texture": "#crop"
        },
        "north": {
            "uv": [ 11, 15, 12, 16 ],
            "texture": "#crop"
        },
        "south": {
            "uv": [ 11, 15, 12, 16 ],
            "texture": "#crop"
        },
        "west": {
            "uv": [ 11, 15, 12, 16 ],
            "texture": "#crop"
        },
        "east": {
            "uv": [ 11, 15, 12, 16 ],
            "texture": "#crop"
        }
    }
},
{
    
    "from": [ 11, 5, 3 ],
    "to": [ 12, 7, 4 ],
    "faces": {
        "down": {
            "uv": [ 11, 9, 12, 10 ],
            "texture": "#crop"
        },
        "up": {
            "uv": [ 11, 8, 12, 9 ],
            "texture": "#crop"
        },
        "north": {
            "uv": [ 11, 8, 12, 10 ],
            "texture": "#crop"
        },
        "south": {
            "uv": [ 11, 8, 12, 10 ],
            "texture": "#crop"
        },
        "west": {
            "uv": [ 11, 8, 12, 10 ],
            "texture": "#crop"
        },
        "east": {
            "uv": [ 11, 8, 12, 10 ],
            "texture": "#crop"
        }
    }
},
{
    
    "from": [ 9, 1, 3 ],
    "to": [ 10, 3, 4 ],
    "faces": {
        "down": {
            "uv": [ 9, 13, 10, 14 ],
            "texture": "#crop"
        },
        "up": {
            "uv": [ 9, 12, 10, 13 ],
            "texture": "#crop"
        },
        "north": {
            "uv": [ 9, 12, 10, 14 ],
            "texture": "#crop"
        },
        "south": {
            "uv": [ 9, 12, 10, 14 ],
            "texture": "#crop"
        },
        "west": {
            "uv": [ 9, 12, 10, 14 ],
            "texture": "#crop"
        },
        "east": {
            "uv": [ 9, 12, 10, 14 ],
            "texture": "#crop"
        }
    }
},
{
    
    "from": [ 9, 6, 3 ],
    "to": [ 10, 7, 4 ],
    "faces": {
        "down": {
            "uv": [ 9, 8, 10, 9 ],
            "texture": "#crop"
        },
        "up": {
            "uv": [ 9, 8, 10, 9 ],
            "texture": "#crop"
        },
        "north": {
            "uv": [ 9, 8, 10, 9 ],
            "texture": "#crop"
        },
        "south": {
            "uv": [ 9, 8, 10, 9 ],
            "texture": "#crop"
        },
        "west": {
            "uv": [ 9, 8, 10, 9 ],
            "texture": "#crop"
        },
        "east": {
            "uv": [ 9, 8, 10, 9 ],
            "texture": "#crop"
        }
    }
},
{
    
    "from": [ 8, -1, 3 ],
    "to": [ 9, 1, 4 ],
    "faces": {
        "down": {
            "uv": [ 8, 15, 9, 16 ],
            "texture": "#crop"
        },
        "up": {
            "uv": [ 8, 14, 9, 15 ],
            "texture": "#crop"
        },
        "north": {
            "uv": [ 8, 14, 9, 16 ],
            "texture": "#crop"
        },
        "south": {
            "uv": [ 8, 14, 9, 16 ],
            "texture": "#crop"
        },
        "west": {
            "uv": [ 8, 14, 9, 16 ],
            "texture": "#crop"
        },
        "east": {
            "uv": [ 8, 14, 9, 16 ],
            "texture": "#crop"
        }
    }
},
{
    
    "from": [ 8, 4, 3 ],
    "to": [ 9, 7, 4 ],
    "faces": {
        "down": {
            "uv": [ 8, 10, 9, 11 ],
            "texture": "#crop"
        },
        "up": {
            "uv": [ 8, 8, 9, 9 ],
            "texture": "#crop"
        },
        "north": {
            "uv": [ 8, 8, 9, 11 ],
            "texture": "#crop"
        },
        "south": {
            "uv": [ 8, 8, 9, 11 ],
            "texture": "#crop"
        },
        "west": {
            "uv": [ 8, 8, 9, 11 ],
            "texture": "#crop"
        },
        "east": {
            "uv": [ 8, 8, 9, 11 ],
            "texture": "#crop"
        }
    }
},
{
    
    "from": [ 7, -1, 3 ],
    "to": [ 8, 5, 4 ],
    "faces": {
        "down": {
            "uv": [ 7, 15, 8, 16 ],
            "texture": "#crop"
        },
        "up": {
            "uv": [ 7, 10, 8, 11 ],
            "texture": "#crop"
        },
        "north": {
            "uv": [ 7, 10, 8, 16 ],
            "texture": "#crop"
        },
        "south": {
            "uv": [ 7, 10, 8, 16 ],
            "texture": "#crop"
        },
        "west": {
            "uv": [ 7, 10, 8, 16 ],
            "texture": "#crop"
        },
        "east": {
            "uv": [ 7, 10, 8, 16 ],
            "texture": "#crop"
        }
    }
},
{
    
    "from": [ 6, -1, 3 ],
    "to": [ 7, 3, 4 ],
    "faces": {
        "down": {
            "uv": [ 6, 15, 7, 16 ],
            "texture": "#crop"
        },
        "up": {
            "uv": [ 6, 12, 7, 13 ],
            "texture": "#crop"
        },
        "north": {
            "uv": [ 6, 12, 7, 16 ],
            "texture": "#crop"
        },
        "south": {
            "uv": [ 6, 12, 7, 16 ],
            "texture": "#crop"
        },
        "west": {
            "uv": [ 6, 12, 7, 16 ],
            "texture": "#crop"
        },
        "east": {
            "uv": [ 6, 12, 7, 16 ],
            "texture": "#crop"
        }
    }
},
{
    
    "from": [ 6, 5, 3 ],
    "to": [ 7, 6, 4 ],
    "faces": {
        "down": {
            "uv": [ 6, 9, 7, 10 ],
            "texture": "#crop"
        },
        "up": {
            "uv": [ 6, 9, 7, 10 ],
            "texture": "#crop"
        },
        "north": {
            "uv": [ 6, 9, 7, 10 ],
            "texture": "#crop"
        },
        "south": {
            "uv": [ 6, 9, 7, 10 ],
            "texture": "#crop"
        },
        "west": {
            "uv": [ 6, 9, 7, 10 ],
            "texture": "#crop"
        },
        "east": {
            "uv": [ 6, 9, 7, 10 ],
            "texture": "#crop"
        }
    }
},
{
    
    "from": [ 5, 8, 3 ],
    "to": [ 6, 9, 4 ],
    "faces": {
        "down": {
            "uv": [ 5, 6, 6, 7 ],
            "texture": "#crop"
        },
        "up": {
            "uv": [ 5, 6, 6, 7 ],
            "texture": "#crop"
        },
        "north": {
            "uv": [ 5.5, 6, 6.5, 7 ],
            "texture": "#crop"
        },
        "south": {
            "uv": [ 5.5, 6, 6.5, 7 ],
            "texture": "#crop"
        },
        "west": {
            "uv": [ 5, 6, 6, 7 ],
            "texture": "#crop"
        },
        "east": {
            "uv": [ 5, 6, 6, 7 ],
            "texture": "#crop"
        }
    }
},
{
    
    "from": [ 4, 7, 3 ],
    "to": [ 5, 8, 4 ],
    "faces": {
        "down": {
            "uv": [ 4, 7, 5, 8 ],
            "texture": "#crop"
        },
        "up": {
            "uv": [ 4, 7, 5, 8 ],
            "texture": "#crop"
        },
        "north": {
            "uv": [ 4, 7, 5, 8 ],
            "texture": "#crop"
        },
        "south": {
            "uv": [ 4, 7, 5, 8 ],
            "texture": "#crop"
        },
        "west": {
            "uv": [ 4, 7, 5, 8 ],
            "texture": "#crop"
        },
        "east": {
            "uv": [ 4, 7, 5, 8 ],
            "texture": "#crop"
        }
    }
},
{
    
    "from": [ 3, -1, 3 ],
    "to": [ 4, 1, 4 ],
    "faces": {
        "down": {
            "uv": [ 3, 15, 4, 16 ],
            "texture": "#crop"
        },
        "up": {
            "uv": [ 3, 14, 4, 15 ],
            "texture": "#crop"
        },
        "north": {
            "uv": [ 3, 14, 4, 16 ],
            "texture": "#crop"
        },
        "south": {
            "uv": [ 3, 14, 4, 16 ],
            "texture": "#crop"
        },
        "west": {
            "uv": [ 3, 14, 4, 16 ],
            "texture": "#crop"
        },
        "east": {
            "uv": [ 3, 14, 4, 16 ],
            "texture": "#crop"
        }
    }
},
{
    
    "from": [ 3, 5, 3 ],
    "to": [ 4, 7, 4 ],
    "faces": {
        "down": {
            "uv": [ 3, 9, 4, 10 ],
            "texture": "#crop"
        },
        "up": {
            "uv": [ 3, 8, 4, 9 ],
            "texture": "#crop"
        },
        "north": {
            "uv": [ 3, 8, 4, 10 ],
            "texture": "#crop"
        },
        "south": {
            "uv": [ 3, 8, 4, 10 ],
            "texture": "#crop"
        },
        "west": {
            "uv": [ 3, 8, 4, 10 ],
            "texture": "#crop"
        },
        "east": {
            "uv": [ 3, 8, 4, 10 ],
            "texture": "#crop"
        }
    }
},
{
    
    "from": [ 2, -1, 3 ],
    "to": [ 3, 8, 4 ],
    "faces": {
        "down": {
            "uv": [ 2, 15, 3, 16 ],
            "texture": "#crop"
        },
        "up": {
            "uv": [ 2, 7, 3, 8 ],
            "texture": "#crop"
        },
        "north": {
            "uv": [ 2, 7, 3, 16 ],
            "texture": "#crop"
        },
        "south": {
            "uv": [ 2, 7, 3, 16 ],
            "texture": "#crop"
        },
        "west": {
            "uv": [ 2, 7, 3, 16 ],
            "texture": "#crop"
        },
        "east": {
            "uv": [ 2, 7, 3, 16 ],
            "texture": "#crop"
        }
    }
},
{
    
    "from": [ 1, -1, 3 ],
    "to": [ 2, 0, 4 ],
    "faces": {
        "down": {
            "uv": [ 1, 15, 2, 16 ],
            "texture": "#crop"
        },
        "up": {
            "uv": [ 1, 15, 2, 16 ],
            "texture": "#crop"
        },
        "north": {
            "uv": [ 1, 15, 2, 16 ],
            "texture": "#crop"
        },
        "south": {
            "uv": [ 1, 15, 2, 16 ],
            "texture": "#crop"
        },
        "west": {
            "uv": [ 1, 15, 2, 16 ],
            "texture": "#crop"
        },
        "east": {
            "uv": [ 1, 15, 2, 16 ],
            "texture": "#crop"
        }
    }
},
{
    
    "from": [ 1, 1, 3 ],
    "to": [ 2, 2, 4 ],
    "faces": {
        "down": {
            "uv": [ 1, 13, 2, 14 ],
            "texture": "#crop"
        },
        "up": {
            "uv": [ 1, 13, 2, 14 ],
            "texture": "#crop"
        },
        "north": {
            "uv": [ 1, 13, 2, 14 ],
            "texture": "#crop"
        },
        "south": {
            "uv": [ 1, 13, 2, 14 ],
            "texture": "#crop"
        },
        "west": {
            "uv": [ 1, 13, 2, 14 ],
            "texture": "#crop"
        },
        "east": {
            "uv": [ 1, 13, 2, 14 ],
            "texture": "#crop"
        }
    }
},
{
    
    "from": [ 1, 4, 3 ],
    "to": [ 2, 6, 4 ],
    "faces": {
        "down": {
            "uv": [ 1, 10, 2, 11 ],
            "texture": "#crop"
        },
        "up": {
            "uv": [ 1, 9, 2, 10 ],
            "texture": "#crop"
        },
        "north": {
            "uv": [ 1, 9, 2, 11 ],
            "texture": "#crop"
        },
        "south": {
            "uv": [ 1, 9, 2, 11 ],
            "texture": "#crop"
        },
        "west": {
            "uv": [ 1, 9, 2, 11 ],
            "texture": "#crop"
        },
        "east": {
            "uv": [ 1, 9, 2, 11 ],
            "texture": "#crop"
        }
    }
},
{
    
    "from": [ 1, 7, 3 ],
    "to": [ 2, 8, 4 ],
    "faces": {
        "down": {
            "uv": [ 1, 7, 2, 8 ],
            "texture": "#crop"
        },
        "up": {
            "uv": [ 1, 7, 2, 8 ],
            "texture": "#crop"
        },
        "north": {
            "uv": [ 1, 7, 2, 8 ],
            "texture": "#crop"
        },
        "south": {
            "uv": [ 1, 7, 2, 8 ],
            "texture": "#crop"
        },
        "west": {
            "uv": [ 1, 7, 2, 8 ],
            "texture": "#crop"
        },
        "east": {
            "uv": [ 1, 7, 2, 8 ],
            "texture": "#crop"
        }
    }
},
{
    
    "from": [ 12, 5, 14 ],
    "to": [ 13, 7, 15 ],
    "faces": {
        "down": {
            "uv": [ 14, 9, 15, 10 ],
            "texture": "#crop"
        },
        "up": {
            "uv": [ 14, 8, 15, 9 ],
            "texture": "#crop"
        },
        "north": {
            "uv": [ 14, 8, 15, 10 ],
            "texture": "#crop"
        },
        "south": {
            "uv": [ 14, 8, 15, 10 ],
            "texture": "#crop"
        },
        "west": {
            "uv": [ 14, 8, 15, 10 ],
            "texture": "#crop"
        },
        "east": {
            "uv": [ 14, 8, 15, 10 ],
            "texture": "#crop"
        }
    }
},
{
    
    "from": [ 12, -1, 13 ],
    "to": [ 13, 2, 14 ],
    "faces": {
        "down": {
            "uv": [ 13, 15, 14, 16 ],
            "texture": "#crop"
        },
        "up": {
            "uv": [ 13, 13, 14, 14 ],
            "texture": "#crop"
        },
        "north": {
            "uv": [ 13, 13, 14, 16 ],
            "texture": "#crop"
        },
        "south": {
            "uv": [ 13, 13, 14, 16 ],
            "texture": "#crop"
        },
        "west": {
            "uv": [ 13, 13, 14, 16 ],
            "texture": "#crop"
        },
        "east": {
            "uv": [ 13, 13, 14, 16 ],
            "texture": "#crop"
        }
    }
},
{
    
    "from": [ 12, 4, 13 ],
    "to": [ 13, 6, 14 ],
    "faces": {
        "down": {
            "uv": [ 13, 10, 14, 11 ],
            "texture": "#crop"
        },
        "up": {
            "uv": [ 13, 9, 14, 10 ],
            "texture": "#crop"
        },
        "north": {
            "uv": [ 13, 9, 14, 11 ],
            "texture": "#crop"
        },
        "south": {
            "uv": [ 13, 9, 14, 11 ],
            "texture": "#crop"
        },
        "west": {
            "uv": [ 13, 9, 14, 11 ],
            "texture": "#crop"
        },
        "east": {
            "uv": [ 13, 9, 14, 11 ],
            "texture": "#crop"
        }
    }
},
{
    
    "from": [ 12, -1, 12 ],
    "to": [ 13, 5, 13 ],
    "faces": {
        "down": {
            "uv": [ 12, 15, 13, 16 ],
            "texture": "#crop"
        },
        "up": {
            "uv": [ 12, 10, 13, 11 ],
            "texture": "#crop"
        },
        "north": {
            "uv": [ 12, 10, 13, 16 ],
            "texture": "#crop"
        },
        "south": {
            "uv": [ 12, 10, 13, 16 ],
            "texture": "#crop"
        },
        "west": {
            "uv": [ 12, 10, 13, 16 ],
            "texture": "#crop"
        },
        "east": {
            "uv": [ 12, 10, 13, 16 ],
            "texture": "#crop"
        }
    }
},
{
    
    "from": [ 12, -1, 11 ],
    "to": [ 13, 0, 12 ],
    "faces": {
        "down": {
            "uv": [ 11, 15, 12, 16 ],
            "texture": "#crop"
        },
        "up": {
            "uv": [ 11, 15, 12, 16 ],
            "texture": "#crop"
        },
        "north": {
            "uv": [ 11, 15, 12, 16 ],
            "texture": "#crop"
        },
        "south": {
            "uv": [ 11, 15, 12, 16 ],
            "texture": "#crop"
        },
        "west": {
            "uv": [ 11, 15, 12, 16 ],
            "texture": "#crop"
        },
        "east": {
            "uv": [ 11, 15, 12, 16 ],
            "texture": "#crop"
        }
    }
},
{
    
    "from": [ 12, 5, 11 ],
    "to": [ 13, 7, 12 ],
    "faces": {
        "down": {
            "uv": [ 11, 9, 12, 10 ],
            "texture": "#crop"
        },
        "up": {
            "uv": [ 11, 8, 12, 9 ],
            "texture": "#crop"
        },
        "north": {
            "uv": [ 11, 8, 12, 10 ],
            "texture": "#crop"
        },
        "south": {
            "uv": [ 11, 8, 12, 10 ],
            "texture": "#crop"
        },
        "west": {
            "uv": [ 11, 8, 12, 10 ],
            "texture": "#crop"
        },
        "east": {
            "uv": [ 11, 8, 12, 10 ],
            "texture": "#crop"
        }
    }
},
{
    
    "from": [ 12, 1, 9 ],
    "to": [ 13, 3, 10 ],
    "faces": {
        "down": {
            "uv": [ 9, 13, 10, 14 ],
            "texture": "#crop"
        },
        "up": {
            "uv": [ 9, 12, 10, 13 ],
            "texture": "#crop"
        },
        "north": {
            "uv": [ 9, 12, 10, 14 ],
            "texture": "#crop"
        },
        "south": {
            "uv": [ 9, 12, 10, 14 ],
            "texture": "#crop"
        },
        "west": {
            "uv": [ 9, 12, 10, 14 ],
            "texture": "#crop"
        },
        "east": {
            "uv": [ 9, 12, 10, 14 ],
            "texture": "#crop"
        }
    }
},
{
    
    "from": [ 12, 6, 9 ],
    "to": [ 13, 7, 10 ],
    "faces": {
        "down": {
            "uv": [ 9, 8, 10, 9 ],
            "texture": "#crop"
        },
        "up": {
            "uv": [ 9, 8, 10, 9 ],
            "texture": "#crop"
        },
        "north": {
            "uv": [ 9, 8, 10, 9 ],
            "texture": "#crop"
        },
        "south": {
            "uv": [ 9, 8, 10, 9 ],
            "texture": "#crop"
        },
        "west": {
            "uv": [ 9, 8, 10, 9 ],
            "texture": "#crop"
        },
        "east": {
            "uv": [ 9, 8, 10, 9 ],
            "texture": "#crop"
        }
    }
},
{
    
    "from": [ 12, -1, 8 ],
    "to": [ 13, 1, 9 ],
    "faces": {
        "down": {
            "uv": [ 8, 15, 9, 16 ],
            "texture": "#crop"
        },
        "up": {
            "uv": [ 8, 14, 9, 15 ],
            "texture": "#crop"
        },
        "north": {
            "uv": [ 8, 14, 9, 16 ],
            "texture": "#crop"
        },
        "south": {
            "uv": [ 8, 14, 9, 16 ],
            "texture": "#crop"
        },
        "west": {
            "uv": [ 8, 14, 9, 16 ],
            "texture": "#crop"
        },
        "east": {
            "uv": [ 8, 14, 9, 16 ],
            "texture": "#crop"
        }
    }
},
{
    
    "from": [ 12, 4, 8 ],
    "to": [ 13, 7, 9 ],
    "faces": {
        "down": {
            "uv": [ 8, 10, 9, 11 ],
            "texture": "#crop"
        },
        "up": {
            "uv": [ 8, 8, 9, 9 ],
            "texture": "#crop"
        },
        "north": {
            "uv": [ 8, 8, 9, 11 ],
            "texture": "#crop"
        },
        "south": {
            "uv": [ 8, 8, 9, 11 ],
            "texture": "#crop"
        },
        "west": {
            "uv": [ 8, 8, 9, 11 ],
            "texture": "#crop"
        },
        "east": {
            "uv": [ 8, 8, 9, 11 ],
            "texture": "#crop"
        }
    }
},
{
    
    "from": [ 12, -1, 7 ],
    "to": [ 13, 5, 8 ],
    "faces": {
        "down": {
            "uv": [ 7, 15, 8, 16 ],
            "texture": "#crop"
        },
        "up": {
            "uv": [ 7, 10, 8, 11 ],
            "texture": "#crop"
        },
        "north": {
            "uv": [ 7, 10, 8, 16 ],
            "texture": "#crop"
        },
        "south": {
            "uv": [ 7, 10, 8, 16 ],
            "texture": "#crop"
        },
        "west": {
            "uv": [ 7, 10, 8, 16 ],
            "texture": "#crop"
        },
        "east": {
            "uv": [ 7, 10, 8, 16 ],
            "texture": "#crop"
        }
    }
},
{
    
    "from": [ 12, -1, 6 ],
    "to": [ 13, 3, 7 ],
    "faces": {
        "down": {
            "uv": [ 6, 15, 7, 16 ],
            "texture": "#crop"
        },
        "up": {
            "uv": [ 6, 12, 7, 13 ],
            "texture": "#crop"
        },
        "north": {
            "uv": [ 6, 12, 7, 16 ],
            "texture": "#crop"
        },
        "south": {
            "uv": [ 6, 12, 7, 16 ],
            "texture": "#crop"
        },
        "west": {
            "uv": [ 6, 12, 7, 16 ],
            "texture": "#crop"
        },
        "east": {
            "uv": [ 6, 12, 7, 16 ],
            "texture": "#crop"
        }
    }
},
{
    
    "from": [ 12, 5, 6 ],
    "to": [ 13, 6, 7 ],
    "faces": {
        "down": {
            "uv": [ 6, 9, 7, 10 ],
            "texture": "#crop"
        },
        "up": {
            "uv": [ 6, 9, 7, 10 ],
            "texture": "#crop"
        },
        "north": {
            "uv": [ 6, 9, 7, 10 ],
            "texture": "#crop"
        },
        "south": {
            "uv": [ 6, 9, 7, 10 ],
            "texture": "#crop"
        },
        "west": {
            "uv": [ 6, 9, 7, 10 ],
            "texture": "#crop"
        },
        "east": {
            "uv": [ 6, 9, 7, 10 ],
            "texture": "#crop"
        }
    }
},
{
    
    "from": [ 12, 8, 5 ],
    "to": [ 13, 9, 6 ],
    "faces": {
        "down": {
            "uv": [ 5, 6, 6, 7 ],
            "texture": "#crop"
        },
        "up": {
            "uv": [ 5, 6, 6, 7 ],
            "texture": "#crop"
        },
        "north": {
            "uv": [ 5, 6, 6, 7 ],
            "texture": "#crop"
        },
        "south": {
            "uv": [ 5, 6, 6, 7 ],
            "texture": "#crop"
        },
        "west": {
            "uv": [ 5, 6, 6, 7 ],
            "texture": "#crop"
        },
        "east": {
            "uv": [ 5, 6, 6, 7 ],
            "texture": "#crop"
        }
    }
},
{
    
    "from": [ 12, 7, 4 ],
    "to": [ 13, 8, 5 ],
    "faces": {
        "down": {
            "uv": [ 4, 7, 5, 8 ],
            "texture": "#crop"
        },
        "up": {
            "uv": [ 4, 7, 5, 8 ],
            "texture": "#crop"
        },
        "north": {
            "uv": [ 4, 7, 5, 8 ],
            "texture": "#crop"
        },
        "south": {
            "uv": [ 4, 7, 5, 8 ],
            "texture": "#crop"
        },
        "west": {
            "uv": [ 4, 7, 5, 8 ],
            "texture": "#crop"
        },
        "east": {
            "uv": [ 4, 7, 5, 8 ],
            "texture": "#crop"
        }
    }
},
{
    
    "from": [ 12, -1, 3 ],
    "to": [ 13, 1, 4 ],
    "faces": {
        "down": {
            "uv": [ 3, 15, 4, 16 ],
            "texture": "#crop"
        },
        "up": {
            "uv": [ 3, 14, 4, 15 ],
            "texture": "#crop"
        },
        "north": {
            "uv": [ 3, 14, 4, 16 ],
            "texture": "#crop"
        },
        "south": {
            "uv": [ 3, 14, 4, 16 ],
            "texture": "#crop"
        },
        "west": {
            "uv": [ 3, 14, 4, 16 ],
            "texture": "#crop"
        },
        "east": {
            "uv": [ 3, 14, 4, 16 ],
            "texture": "#crop"
        }
    }
},
{
    
    "from": [ 12, 5, 3 ],
    "to": [ 13, 7, 4 ],
    "faces": {
        "down": {
            "uv": [ 3, 9, 4, 10 ],
            "texture": "#crop"
        },
        "up": {
            "uv": [ 3, 8, 4, 9 ],
            "texture": "#crop"
        },
        "north": {
            "uv": [ 3, 8, 4, 10 ],
            "texture": "#crop"
        },
        "south": {
            "uv": [ 3, 8, 4, 10 ],
            "texture": "#crop"
        },
        "west": {
            "uv": [ 3, 8, 4, 10 ],
            "texture": "#crop"
        },
        "east": {
            "uv": [ 3, 8, 4, 10 ],
            "texture": "#crop"
        }
    }
},
{
    
    "from": [ 12, -1, 2 ],
    "to": [ 13, 8, 3 ],
    "faces": {
        "down": {
            "uv": [ 2, 15, 3, 16 ],
            "texture": "#crop"
        },
        "up": {
            "uv": [ 2, 7, 3, 8 ],
            "texture": "#crop"
        },
        "north": {
            "uv": [ 2, 7, 3, 16 ],
            "texture": "#crop"
        },
        "south": {
            "uv": [ 2, 7, 3, 16 ],
            "texture": "#crop"
        },
        "west": {
            "uv": [ 2, 7, 3, 16 ],
            "texture": "#crop"
        },
        "east": {
            "uv": [ 2, 7, 3, 16 ],
            "texture": "#crop"
        }
    }
},
{
    
    "from": [ 12, -1, 1 ],
    "to": [ 13, 0, 2 ],
    "faces": {
        "down": {
            "uv": [ 1, 15, 2, 16 ],
            "texture": "#crop"
        },
        "up": {
            "uv": [ 1, 15, 2, 16 ],
            "texture": "#crop"
        },
        "north": {
            "uv": [ 1, 15, 2, 16 ],
            "texture": "#crop"
        },
        "south": {
            "uv": [ 1, 15, 2, 16 ],
            "texture": "#crop"
        },
        "west": {
            "uv": [ 1, 15, 2, 16 ],
            "texture": "#crop"
        },
        "east": {
            "uv": [ 1, 15, 2, 16 ],
            "texture": "#crop"
        }
    }
},
{
    
    "from": [ 12, 1, 1 ],
    "to": [ 13, 2, 2 ],
    "faces": {
        "down": {
            "uv": [ 1, 13, 2, 14 ],
            "texture": "#crop"
        },
        "up": {
            "uv": [ 1, 13, 2, 14 ],
            "texture": "#crop"
        },
        "north": {
            "uv": [ 1, 13, 2, 14 ],
            "texture": "#crop"
        },
        "south": {
            "uv": [ 1, 13, 2, 14 ],
            "texture": "#crop"
        },
        "west": {
            "uv": [ 1, 13, 2, 14 ],
            "texture": "#crop"
        },
        "east": {
            "uv": [ 1, 13, 2, 14 ],
            "texture": "#crop"
        }
    }
},
{
    
    "from": [ 12, 4, 1 ],
    "to": [ 13, 6, 2 ],
    "faces": {
        "down": {
            "uv": [ 1, 10, 2, 11 ],
            "texture": "#crop"
        },
        "up": {
            "uv": [ 1, 9, 2, 10 ],
            "texture": "#crop"
        },
        "north": {
            "uv": [ 1, 9, 2, 11 ],
            "texture": "#crop"
        },
        "south": {
            "uv": [ 1, 9, 2, 11 ],
            "texture": "#crop"
        },
        "west": {
            "uv": [ 1, 9, 2, 11 ],
            "texture": "#crop"
        },
        "east": {
            "uv": [ 1, 9, 2, 11 ],
            "texture": "#crop"
        }
    }
},
{
    
    "from": [ 12, 7, 1 ],
    "to": [ 13, 8, 2 ],
    "faces": {
        "down": {
            "uv": [ 1, 7, 2, 8 ],
            "texture": "#crop"
        },
        "up": {
            "uv": [ 1, 7, 2, 8 ],
            "texture": "#crop"
        },
        "north": {
            "uv": [ 1, 7, 2, 8 ],
            "texture": "#crop"
        },
        "south": {
            "uv": [ 1, 7, 2, 8 ],
            "texture": "#crop"
        },
        "west": {
            "uv": [ 1, 7, 2, 8 ],
            "texture": "#crop"
        },
        "east": {
            "uv": [ 1, 7, 2, 8 ],
            "texture": "#crop"
        }
    }
},
{
    
    "from": [ 3, 5, 1 ],
    "to": [ 4, 7, 2 ],
    "faces": {
        "down": {
            "uv": [ 14, 9, 15, 10 ],
            "texture": "#crop"
        },
        "up": {
            "uv": [ 14, 8, 15, 9 ],
            "texture": "#crop"
        },
        "north": {
            "uv": [ 14, 8, 15, 10 ],
            "texture": "#crop"
        },
        "south": {
            "uv": [ 14, 8, 15, 10 ],
            "texture": "#crop"
        },
        "west": {
            "uv": [ 14, 8, 15, 10 ],
            "texture": "#crop"
        },
        "east": {
            "uv": [ 14, 8, 15, 10 ],
            "texture": "#crop"
        }
    }
},
{
    
    "from": [ 3, -1, 2 ],
    "to": [ 4, 2, 3 ],
    "faces": {
        "down": {
            "uv": [ 13, 13, 14, 14 ],
            "texture": "#crop"
        },
        "up": {
            "uv": [ 13, 15, 14, 16 ],
            "texture": "#crop"
        },
        "north": {
            "uv": [ 13, 13, 14, 16 ],
            "texture": "#crop"
        },
        "south": {
            "uv": [ 13, 13, 14, 16 ],
            "texture": "#crop"
        },
        "west": {
            "uv": [ 13, 13, 14, 16 ],
            "texture": "#crop"
        },
        "east": {
            "uv": [ 13, 13, 14, 16 ],
            "texture": "#crop"
        }
    }
},
{
    
    "from": [ 3, 4, 2 ],
    "to": [ 4, 6, 3 ],
    "faces": {
        "down": {
            "uv": [ 13, 10, 14, 11 ],
            "texture": "#crop"
        },
        "up": {
            "uv": [ 13, 9, 14, 10 ],
            "texture": "#crop"
        },
        "north": {
            "uv": [ 13, 9, 14, 11 ],
            "texture": "#crop"
        },
        "south": {
            "uv": [ 13, 9, 14, 11 ],
            "texture": "#crop"
        },
        "west": {
            "uv": [ 13, 9, 14, 11 ],
            "texture": "#crop"
        },
        "east": {
            "uv": [ 13, 9, 14, 11 ],
            "texture": "#crop"
        }
    }
},
{
    
    "from": [ 3, -1, 3 ],
    "to": [ 4, 5, 4 ],
    "faces": {
        "down": {
            "uv": [ 12, 15, 13, 16 ],
            "texture": "#crop"
        },
        "up": {
            "uv": [ 12, 10, 13, 11 ],
            "texture": "#crop"
        },
        "north": {
            "uv": [ 12, 10, 13, 16 ],
            "texture": "#crop"
        },
        "south": {
            "uv": [ 12, 10, 13, 16 ],
            "texture": "#crop"
        },
        "west": {
            "uv": [ 12, 10, 13, 16 ],
            "texture": "#crop"
        },
        "east": {
            "uv": [ 12, 10, 13, 16 ],
            "texture": "#crop"
        }
    }
},
{
    
    "from": [ 3, -1, 4 ],
    "to": [ 4, 0, 5 ],
    "faces": {
        "down": {
            "uv": [ 11, 15, 12, 16 ],
            "texture": "#crop"
        },
        "up": {
            "uv": [ 11, 15, 12, 16 ],
            "texture": "#crop"
        },
        "north": {
            "uv": [ 11, 15, 12, 16 ],
            "texture": "#crop"
        },
        "south": {
            "uv": [ 11, 15, 12, 16 ],
            "texture": "#crop"
        },
        "west": {
            "uv": [ 11, 15, 12, 16 ],
            "texture": "#crop"
        },
        "east": {
            "uv": [ 11, 15, 12, 16 ],
            "texture": "#crop"
        }
    }
},
{
    
    "from": [ 3, 5, 4 ],
    "to": [ 4, 7, 5 ],
    "faces": {
        "down": {
            "uv": [ 11, 9, 12, 10 ],
            "texture": "#crop"
        },
        "up": {
            "uv": [ 11, 8, 12, 9 ],
            "texture": "#crop"
        },
        "north": {
            "uv": [ 11, 8, 12, 10 ],
            "texture": "#crop"
        },
        "south": {
            "uv": [ 11, 8, 12, 10 ],
            "texture": "#crop"
        },
        "west": {
            "uv": [ 11, 8, 12, 10 ],
            "texture": "#crop"
        },
        "east": {
            "uv": [ 11, 8, 12, 10 ],
            "texture": "#crop"
        }
    }
},
{
    
    "from": [ 3, 1, 6 ],
    "to": [ 4, 3, 7 ],
    "faces": {
        "down": {
            "uv": [ 9, 13, 10, 14 ],
            "texture": "#crop"
        },
        "up": {
            "uv": [ 9, 12, 10, 13 ],
            "texture": "#crop"
        },
        "north": {
            "uv": [ 9, 12, 10, 14 ],
            "texture": "#crop"
        },
        "south": {
            "uv": [ 9, 12, 10, 14 ],
            "texture": "#crop"
        },
        "west": {
            "uv": [ 9, 12, 10, 14 ],
            "texture": "#crop"
        },
        "east": {
            "uv": [ 9, 12, 10, 14 ],
            "texture": "#crop"
        }
    }
},
{
    
    "from": [ 3, 6, 6 ],
    "to": [ 4, 7, 7 ],
    "faces": {
        "down": {
            "uv": [ 9, 8, 10, 9 ],
            "texture": "#crop"
        },
        "up": {
            "uv": [ 9, 8, 10, 9 ],
            "texture": "#crop"
        },
        "north": {
            "uv": [ 9, 8, 10, 9 ],
            "texture": "#crop"
        },
        "south": {
            "uv": [ 9, 8, 10, 9 ],
            "texture": "#crop"
        },
        "west": {
            "uv": [ 9, 8, 10, 9 ],
            "texture": "#crop"
        },
        "east": {
            "uv": [ 9, 8, 10, 9 ],
            "texture": "#crop"
        }
    }
},
{
    
    "from": [ 3, -1, 7 ],
    "to": [ 4, 1, 8 ],
    "faces": {
        "down": {
            "uv": [ 8, 15, 9, 16 ],
            "texture": "#crop"
        },
        "up": {
            "uv": [ 8, 14, 9, 15 ],
            "texture": "#crop"
        },
        "north": {
            "uv": [ 8, 14, 9, 16 ],
            "texture": "#crop"
        },
        "south": {
            "uv": [ 8, 14, 9, 16 ],
            "texture": "#crop"
        },
        "west": {
            "uv": [ 8, 14, 9, 16 ],
            "texture": "#crop"
        },
        "east": {
            "uv": [ 8, 14, 9, 16 ],
            "texture": "#crop"
        }
    }
},
{
    
    "from": [ 3, 4, 7 ],
    "to": [ 4, 7, 8 ],
    "faces": {
        "down": {
            "uv": [ 8, 10, 9, 11 ],
            "texture": "#crop"
        },
        "up": {
            "uv": [ 8, 8, 9, 9 ],
            "texture": "#crop"
        },
        "north": {
            "uv": [ 8, 8, 9, 11 ],
            "texture": "#crop"
        },
        "south": {
            "uv": [ 8, 8, 9, 11 ],
            "texture": "#crop"
        },
        "west": {
            "uv": [ 8, 8, 9, 11 ],
            "texture": "#crop"
        },
        "east": {
            "uv": [ 8, 8, 9, 11 ],
            "texture": "#crop"
        }
    }
},
{
    
    "from": [ 3, -1, 8 ],
    "to": [ 4, 5, 9 ],
    "faces": {
        "down": {
            "uv": [ 7, 15, 8, 16 ],
            "texture": "#crop"
        },
        "up": {
            "uv": [ 7, 10, 8, 11 ],
            "texture": "#crop"
        },
        "north": {
            "uv": [ 7, 10, 8, 16 ],
            "texture": "#crop"
        },
        "south": {
            "uv": [ 7, 10, 8, 16 ],
            "texture": "#crop"
        },
        "west": {
            "uv": [ 7, 10, 8, 16 ],
            "texture": "#crop"
        },
        "east": {
            "uv": [ 7, 10, 8, 16 ],
            "texture": "#crop"
        }
    }
},
{
    
    "from": [ 3, -1, 9 ],
    "to": [ 4, 3, 10 ],
    "faces": {
        "down": {
            "uv": [ 6, 15, 7, 16 ],
            "texture": "#crop"
        },
        "up": {
            "uv": [ 6, 12, 7, 13 ],
            "texture": "#crop"
        },
        "north": {
            "uv": [ 6, 12, 7, 16 ],
            "texture": "#crop"
        },
        "south": {
            "uv": [ 6, 12, 7, 16 ],
            "texture": "#crop"
        },
        "west": {
            "uv": [ 6, 12, 7, 16 ],
            "texture": "#crop"
        },
        "east": {
            "uv": [ 6, 12, 7, 16 ],
            "texture": "#crop"
        }
    }
},
{
    
    "from": [ 3, 5, 9 ],
    "to": [ 4, 6, 10 ],
    "faces": {
        "down": {
            "uv": [ 6, 9, 7, 10 ],
            "texture": "#crop"
        },
        "up": {
            "uv": [ 6, 9, 7, 10 ],
            "texture": "#crop"
        },
        "north": {
            "uv": [ 6, 9, 7, 10 ],
            "texture": "#crop"
        },
        "south": {
            "uv": [ 6, 9, 7, 10 ],
            "texture": "#crop"
        },
        "west": {
            "uv": [ 6, 9, 7, 10 ],
            "texture": "#crop"
        },
        "east": {
            "uv": [ 6, 9, 7, 10 ],
            "texture": "#crop"
        }
    }
},
{
    
    "from": [ 3, 8, 10 ],
    "to": [ 4, 9, 11 ],
    "faces": {
        "down": {
            "uv": [ 5, 6, 6, 7 ],
            "texture": "#crop"
        },
        "up": {
            "uv": [ 5, 6, 6, 7 ],
            "texture": "#crop"
        },
        "north": {
            "uv": [ 5, 6, 6, 7 ],
            "texture": "#crop"
        },
        "south": {
            "uv": [ 5, 6, 6, 7 ],
            "texture": "#crop"
        },
        "west": {
            "uv": [ 5, 6, 6, 7 ],
            "texture": "#crop"
        },
        "east": {
            "uv": [ 5, 6, 6, 7 ],
            "texture": "#crop"
        }
    }
},
{
    
    "from": [ 3, 7, 11 ],
    "to": [ 4, 8, 12 ],
    "faces": {
        "down": {
            "uv": [ 4, 7, 5, 8 ],
            "texture": "#crop"
        },
        "up": {
            "uv": [ 4, 7, 5, 8 ],
            "texture": "#crop"
        },
        "north": {
            "uv": [ 4, 7, 5, 8 ],
            "texture": "#crop"
        },
        "south": {
            "uv": [ 4, 7, 5, 8 ],
            "texture": "#crop"
        },
        "west": {
            "uv": [ 4, 7, 5, 8 ],
            "texture": "#crop"
        },
        "east": {
            "uv": [ 4, 7, 5, 8 ],
            "texture": "#crop"
        }
    }
},
{
    
    "from": [ 3, -1, 12 ],
    "to": [ 4, 1, 13 ],
    "faces": {
        "down": {
            "uv": [ 3, 15, 4, 16 ],
            "texture": "#crop"
        },
        "up": {
            "uv": [ 3, 14, 4, 15 ],
            "texture": "#crop"
        },
        "north": {
            "uv": [ 3, 14, 4, 16 ],
            "texture": "#crop"
        },
        "south": {
            "uv": [ 3, 14, 4, 16 ],
            "texture": "#crop"
        },
        "west": {
            "uv": [ 3, 14, 4, 16 ],
            "texture": "#crop"
        },
        "east": {
            "uv": [ 3, 14, 4, 16 ],
            "texture": "#crop"
        }
    }
},
{
    
    "from": [ 3, 5, 12 ],
    "to": [ 4, 7, 13 ],
    "faces": {
        "down": {
            "uv": [ 3, 9, 4, 10 ],
            "texture": "#crop"
        },
        "up": {
            "uv": [ 3, 8, 4, 9 ],
            "texture": "#crop"
        },
        "north": {
            "uv": [ 3, 8, 4, 10 ],
            "texture": "#crop"
        },
        "south": {
            "uv": [ 3, 8, 4, 10 ],
            "texture": "#crop"
        },
        "west": {
            "uv": [ 3, 8, 4, 10 ],
            "texture": "#crop"
        },
        "east": {
            "uv": [ 3, 8, 4, 10 ],
            "texture": "#crop"
        }
    }
},
{
    
    "from": [ 3, -1, 13 ],
    "to": [ 4, 8, 14 ],
    "faces": {
        "down": {
            "uv": [ 2, 15, 3, 16 ],
            "texture": "#crop"
        },
        "up": {
            "uv": [ 2, 7, 3, 8 ],
            "texture": "#crop"
        },
        "north": {
            "uv": [ 2, 7, 3, 16 ],
            "texture": "#crop"
        },
        "south": {
            "uv": [ 2, 7, 3, 16 ],
            "texture": "#crop"
        },
        "west": {
            "uv": [ 2, 7, 3, 16 ],
            "texture": "#crop"
        },
        "east": {
            "uv": [ 2, 7, 3, 16 ],
            "texture": "#crop"
        }
    }
},
{
    
    "from": [ 3, -1, 14 ],
    "to": [ 4, 0, 15 ],
    "faces": {
        "down": {
            "uv": [ 1, 15, 2, 16 ],
            "texture": "#crop"
        },
        "up": {
            "uv": [ 1, 15, 2, 16 ],
            "texture": "#crop"
        },
        "north": {
            "uv": [ 1, 15, 2, 16 ],
            "texture": "#crop"
        },
        "south": {
            "uv": [ 1, 15, 2, 16 ],
            "texture": "#crop"
        },
        "west": {
            "uv": [ 1, 15, 2, 16 ],
            "texture": "#crop"
        },
        "east": {
            "uv": [ 1, 15, 2, 16 ],
            "texture": "#crop"
        }
    }
},
{
    
    "from": [ 3, 1, 14 ],
    "to": [ 4, 2, 15 ],
    "faces": {
        "down": {
            "uv": [ 1, 13, 2, 14 ],
            "texture": "#crop"
        },
        "up": {
            "uv": [ 1, 13, 2, 14 ],
            "texture": "#crop"
        },
        "north": {
            "uv": [ 1, 13, 2, 14 ],
            "texture": "#crop"
        },
        "south": {
            "uv": [ 1, 13, 2, 14 ],
            "texture": "#crop"
        },
        "west": {
            "uv": [ 1, 13, 2, 14 ],
            "texture": "#crop"
        },
        "east": {
            "uv": [ 1, 13, 2, 14 ],
            "texture": "#crop"
        }
    }
},
{
    
    "from": [ 3, 4, 14 ],
    "to": [ 4, 6, 15 ],
    "faces": {
        "down": {
            "uv": [ 1, 10, 2, 11 ],
            "texture": "#crop"
        },
        "up": {
            "uv": [ 1, 9, 2, 10 ],
            "texture": "#crop"
        },
        "north": {
            "uv": [ 1, 9, 2, 11 ],
            "texture": "#crop"
        },
        "south": {
            "uv": [ 1, 9, 2, 11 ],
            "texture": "#crop"
        },
        "west": {
            "uv": [ 1, 9, 2, 11 ],
            "texture": "#crop"
        },
        "east": {
            "uv": [ 1, 9, 2, 11 ],
            "texture": "#crop"
        }
    }
},
{
    
    "from": [ 3, 7, 14 ],
    "to": [ 4, 8, 15 ],
    "faces": {
        "down": {
            "uv": [ 1, 7, 2, 8 ],
            "texture": "#crop"
        },
        "up": {
            "uv": [ 1, 7, 2, 8 ],
            "texture": "#crop"
        },
        "north": {
            "uv": [ 1, 7, 2, 8 ],
            "texture": "#crop"
        },
        "south": {
            "uv": [ 1, 7, 2, 8 ],
            "texture": "#crop"
        },
        "west": {
            "uv": [ 1, 7, 2, 8 ],
            "texture": "#crop"
        },
        "east": {
            "uv": [ 1, 7, 2, 8 ],
            "texture": "#crop"
        }
    }
},
{
    
    "from": [ 14, 7, 12 ],
    "to": [ 15, 8, 13 ],
    "faces": {
        "down": {
            "uv": [ 1, 7, 2, 8 ],
            "texture": "#crop"
        },
        "up": {
            "uv": [ 1, 7, 2, 8 ],
            "texture": "#crop"
        },
        "north": {
            "uv": [ 1, 7, 2, 8 ],
            "texture": "#crop"
        },
        "south": {
            "uv": [ 1, 7, 2, 8 ],
            "texture": "#crop"
        },
        "west": {
            "uv": [ 1, 7, 2, 8 ],
            "texture": "#crop"
        },
        "east": {
            "uv": [ 1, 7, 2, 8 ],
            "texture": "#crop"
        }
    }
},
{
    
    "from": [ 14, 4, 12 ],
    "to": [ 15, 6, 13 ],
    "faces": {
        "down": {
            "uv": [ 1, 10, 2, 11 ],
            "texture": "#crop"
        },
        "up": {
            "uv": [ 1, 9, 2, 10 ],
            "texture": "#crop"
        },
        "north": {
            "uv": [ 1, 9, 2, 11 ],
            "texture": "#crop"
        },
        "south": {
            "uv": [ 1, 9, 2, 11 ],
            "texture": "#crop"
        },
        "west": {
            "uv": [ 1, 9, 2, 11 ],
            "texture": "#crop"
        },
        "east": {
            "uv": [ 1, 9, 2, 11 ],
            "texture": "#crop"
        }
    }
},
{
    
    "from": [ 14, 1, 12 ],
    "to": [ 15, 2, 13 ],
    "faces": {
        "down": {
            "uv": [ 1, 13, 2, 14 ],
            "texture": "#crop"
        },
        "up": {
            "uv": [ 1, 13, 2, 14 ],
            "texture": "#crop"
        },
        "north": {
            "uv": [ 1, 13, 2, 14 ],
            "texture": "#crop"
        },
        "south": {
            "uv": [ 1, 13, 2, 14 ],
            "texture": "#crop"
        },
        "west": {
            "uv": [ 1, 13, 2, 14 ],
            "texture": "#crop"
        },
        "east": {
            "uv": [ 1, 13, 2, 14 ],
            "texture": "#crop"
        }
    }
},
{
    
    "from": [ 14, -1, 12 ],
    "to": [ 15, 0, 13 ],
    "faces": {
        "down": {
            "uv": [ 1, 15, 2, 16 ],
            "texture": "#crop"
        },
        "up": {
            "uv": [ 1, 15, 2, 16 ],
            "texture": "#crop"
        },
        "north": {
            "uv": [ 1, 15, 2, 16 ],
            "texture": "#crop"
        },
        "south": {
            "uv": [ 1, 15, 2, 16 ],
            "texture": "#crop"
        },
        "west": {
            "uv": [ 1, 15, 2, 16 ],
            "texture": "#crop"
        },
        "east": {
            "uv": [ 1, 15, 2, 16 ],
            "texture": "#crop"
        }
    }
},
{
    
    "from": [ 13, -1, 12 ],
    "to": [ 14, 8, 13 ],
    "faces": {
        "down": {
            "uv": [ 2, 15, 3, 16 ],
            "texture": "#crop"
        },
        "up": {
            "uv": [ 2, 7, 3, 8 ],
            "texture": "#crop"
        },
        "north": {
            "uv": [ 2, 7, 3, 16 ],
            "texture": "#crop"
        },
        "south": {
            "uv": [ 2, 7, 3, 16 ],
            "texture": "#crop"
        },
        "west": {
            "uv": [ 2, 7, 3, 16 ],
            "texture": "#crop"
        },
        "east": {
            "uv": [ 2, 7, 3, 16 ],
            "texture": "#crop"
        }
    }
},
{
    
    "from": [ 12, 5, 12 ],
    "to": [ 13, 7, 13 ],
    "faces": {
        "down": {
            "uv": [ 3, 9, 4, 10 ],
            "texture": "#crop"
        },
        "up": {
            "uv": [ 3, 8, 4, 9 ],
            "texture": "#crop"
        },
        "north": {
            "uv": [ 3, 8, 4, 10 ],
            "texture": "#crop"
        },
        "south": {
            "uv": [ 3, 8, 4, 10 ],
            "texture": "#crop"
        },
        "west": {
            "uv": [ 6, 8, 7, 10 ],
            "texture": "#crop"
        },
        "east": {
            "uv": [ 6, 8, 7, 10 ],
            "texture": "#crop"
        }
    }
},
{
    
    "from": [ 12, -1, 12 ],
    "to": [ 13, 1, 13 ],
    "faces": {
        "down": {
            "uv": [ 3, 15, 4, 16 ],
            "texture": "#crop"
        },
        "up": {
            "uv": [ 3, 14, 4, 15 ],
            "texture": "#crop"
        },
        "north": {
            "uv": [ 3, 14, 4, 16 ],
            "texture": "#crop"
        },
        "south": {
            "uv": [ 3, 14, 4, 16 ],
            "texture": "#crop"
        },
        "west": {
            "uv": [ 3, 14, 4, 16 ],
            "texture": "#crop"
        },
        "east": {
            "uv": [ 3, 14, 4, 16 ],
            "texture": "#crop"
        }
    }
},
{
    
    "from": [ 11, 7, 12 ],
    "to": [ 12, 8, 13 ],
    "faces": {
        "down": {
            "uv": [ 4, 7, 5, 8 ],
            "texture": "#crop"
        },
        "up": {
            "uv": [ 4, 7, 5, 8 ],
            "texture": "#crop"
        },
        "north": {
            "uv": [ 4, 7, 5, 8 ],
            "texture": "#crop"
        },
        "south": {
            "uv": [ 4, 7, 5, 8 ],
            "texture": "#crop"
        },
        "west": {
            "uv": [ 4, 7, 5, 8 ],
            "texture": "#crop"
        },
        "east": {
            "uv": [ 4, 7, 5, 8 ],
            "texture": "#crop"
        }
    }
},
{
    
    "from": [ 10, 8, 12 ],
    "to": [ 11, 9, 13 ],
    "faces": {
        "down": {
            "uv": [ 5, 6, 6, 7 ],
            "texture": "#crop"
        },
        "up": {
            "uv": [ 5, 6, 6, 7 ],
            "texture": "#crop"
        },
        "north": {
            "uv": [ 5, 6, 6, 7 ],
            "texture": "#crop"
        },
        "south": {
            "uv": [ 5, 6, 6, 7 ],
            "texture": "#crop"
        },
        "west": {
            "uv": [ 5, 6, 6, 7 ],
            "texture": "#crop"
        },
        "east": {
            "uv": [ 5, 6, 6, 7 ],
            "texture": "#crop"
        }
    }
},
{
    
    "from": [ 9, 5, 12 ],
    "to": [ 10, 6, 13 ],
    "faces": {
        "down": {
            "uv": [ 6, 9, 7, 10 ],
            "texture": "#crop"
        },
        "up": {
            "uv": [ 6, 9, 7, 10 ],
            "texture": "#crop"
        },
        "north": {
            "uv": [ 6, 9, 7, 10 ],
            "texture": "#crop"
        },
        "south": {
            "uv": [ 6, 9, 7, 10 ],
            "texture": "#crop"
        },
        "west": {
            "uv": [ 6, 9, 7, 10 ],
            "texture": "#crop"
        },
        "east": {
            "uv": [ 6, 9, 7, 10 ],
            "texture": "#crop"
        }
    }
},
{
    
    "from": [ 9, -1, 12 ],
    "to": [ 10, 3, 13 ],
    "faces": {
        "down": {
            "uv": [ 6, 15, 7, 16 ],
            "texture": "#crop"
        },
        "up": {
            "uv": [ 6, 12, 7, 13 ],
            "texture": "#crop"
        },
        "north": {
            "uv": [ 6, 12, 7, 16 ],
            "texture": "#crop"
        },
        "south": {
            "uv": [ 6, 12, 7, 16 ],
            "texture": "#crop"
        },
        "west": {
            "uv": [ 6, 12, 7, 16 ],
            "texture": "#crop"
        },
        "east": {
            "uv": [ 6, 12, 7, 16 ],
            "texture": "#crop"
        }
    }
},
{
    
    "from": [ 8, -1, 12 ],
    "to": [ 9, 5, 13 ],
    "faces": {
        "down": {
            "uv": [ 7, 15, 8, 16 ],
            "texture": "#crop"
        },
        "up": {
            "uv": [ 7, 10, 8, 11 ],
            "texture": "#crop"
        },
        "north": {
            "uv": [ 7, 10, 8, 16 ],
            "texture": "#crop"
        },
        "south": {
            "uv": [ 7, 10, 8, 16 ],
            "texture": "#crop"
        },
        "west": {
            "uv": [ 7, 10, 8, 16 ],
            "texture": "#crop"
        },
        "east": {
            "uv": [ 7, 10, 8, 16 ],
            "texture": "#crop"
        }
    }
},
{
    
    "from": [ 7, 4, 12 ],
    "to": [ 8, 7, 13 ],
    "faces": {
        "down": {
            "uv": [ 8, 10, 9, 11 ],
            "texture": "#crop"
        },
        "up": {
            "uv": [ 8, 8, 9, 9 ],
            "texture": "#crop"
        },
        "north": {
            "uv": [ 8, 8, 9, 11 ],
            "texture": "#crop"
        },
        "south": {
            "uv": [ 8, 8, 9, 11 ],
            "texture": "#crop"
        },
        "west": {
            "uv": [ 8, 8, 9, 11 ],
            "texture": "#crop"
        },
        "east": {
            "uv": [ 8, 8, 9, 11 ],
            "texture": "#crop"
        }
    }
},
{
    
    "from": [ 7, -1, 12 ],
    "to": [ 8, 1, 13 ],
    "faces": {
        "down": {
            "uv": [ 8, 15, 9, 16 ],
            "texture": "#crop"
        },
        "up": {
            "uv": [ 8, 14, 9, 15 ],
            "texture": "#crop"
        },
        "north": {
            "uv": [ 8, 14, 9, 16 ],
            "texture": "#crop"
        },
        "south": {
            "uv": [ 8, 14, 9, 16 ],
            "texture": "#crop"
        },
        "west": {
            "uv": [ 8, 14, 9, 16 ],
            "texture": "#crop"
        },
        "east": {
            "uv": [ 8, 14, 9, 16 ],
            "texture": "#crop"
        }
    }
},
{
    
    "from": [ 6, 6, 12 ],
    "to": [ 7, 7, 13 ],
    "faces": {
        "down": {
            "uv": [ 9, 8, 10, 9 ],
            "texture": "#crop"
        },
        "up": {
            "uv": [ 9, 8, 10, 9 ],
            "texture": "#crop"
        },
        "north": {
            "uv": [ 9, 8, 10, 9 ],
            "texture": "#crop"
        },
        "south": {
            "uv": [ 9, 8, 10, 9 ],
            "texture": "#crop"
        },
        "west": {
            "uv": [ 9, 8, 10, 9 ],
            "texture": "#crop"
        },
        "east": {
            "uv": [ 9, 8, 10, 9 ],
            "texture": "#crop"
        }
    }
},
{
    
    "from": [ 6, 1, 12 ],
    "to": [ 7, 3, 13 ],
    "faces": {
        "down": {
            "uv": [ 9, 8, 10, 9 ],
            "texture": "#crop"
        },
        "up": {
            "uv": [ 9, 8, 10, 9 ],
            "texture": "#crop"
        },
        "north": {
            "uv": [ 9, 12, 10, 14 ],
            "texture": "#crop"
        },
        "south": {
            "uv": [ 9, 12, 10, 14 ],
            "texture": "#crop"
        },
        "west": {
            "uv": [ 9, 12, 10, 14 ],
            "texture": "#crop"
        },
        "east": {
            "uv": [ 9, 12, 10, 14 ],
            "texture": "#crop"
        }
    }
},
{
    
    "from": [ 4, 5, 12 ],
    "to": [ 5, 7, 13 ],
    "faces": {
        "down": {
            "uv": [ 11, 9, 12, 10 ],
            "texture": "#crop"
        },
        "up": {
            "uv": [ 11, 8, 12, 9 ],
            "texture": "#crop"
        },
        "north": {
            "uv": [ 11, 8, 12, 10 ],
            "texture": "#crop"
        },
        "south": {
            "uv": [ 11, 8, 12, 10 ],
            "texture": "#crop"
        },
        "west": {
            "uv": [ 11, 8, 12, 10 ],
            "texture": "#crop"
        },
        "east": {
            "uv": [ 11, 8, 12, 10 ],
            "texture": "#crop"
        }
    }
},
{
    
    "from": [ 4, -1, 12 ],
    "to": [ 5, 0, 13 ],
    "faces": {
        "down": {
            "uv": [ 11, 15, 12, 16 ],
            "texture": "#crop"
        },
        "up": {
            "uv": [ 11, 15, 12, 16 ],
            "texture": "#crop"
        },
        "north": {
            "uv": [ 11, 15, 12, 16 ],
            "texture": "#crop"
        },
        "south": {
            "uv": [ 11, 15, 12, 16 ],
            "texture": "#crop"
        },
        "west": {
            "uv": [ 11, 15, 12, 16 ],
            "texture": "#crop"
        },
        "east": {
            "uv": [ 11, 15, 12, 16 ],
            "texture": "#crop"
        }
    }
},
{
    
    "from": [ 3, -1, 12 ],
    "to": [ 4, 5, 13 ],
    "faces": {
        "down": {
            "uv": [ 12, 15, 13, 16 ],
            "texture": "#crop"
        },
        "up": {
            "uv": [ 12, 10, 13, 11 ],
            "texture": "#crop"
        },
        "north": {
            "uv": [ 12, 10, 13, 16 ],
            "texture": "#crop"
        },
        "south": {
            "uv": [ 12, 10, 13, 16 ],
            "texture": "#crop"
        },
        "west": {
            "uv": [ 12, 10, 13, 16 ],
            "texture": "#crop"
        },
        "east": {
            "uv": [ 12, 10, 13, 16 ],
            "texture": "#crop"
        }
    }
},
{
    
    "from": [ 2, 4, 12 ],
    "to": [ 3, 6, 13 ],
    "faces": {
        "down": {
            "uv": [ 13, 10, 14, 11 ],
            "texture": "#crop"
        },
        "up": {
            "uv": [ 13, 9, 14, 10 ],
            "texture": "#crop"
        },
        "north": {
            "uv": [ 13, 9, 14, 11 ],
            "texture": "#crop"
        },
        "south": {
            "uv": [ 13, 9, 14, 11 ],
            "texture": "#crop"
        },
        "west": {
            "uv": [ 13, 9, 14, 11 ],
            "texture": "#crop"
        },
        "east": {
            "uv": [ 13, 9, 14, 11 ],
            "texture": "#crop"
        }
    }
},
{
    
    "from": [ 2, -1, 12 ],
    "to": [ 3, 2, 13 ],
    "faces": {
        "down": {
            "uv": [ 13, 15, 14, 16 ],
            "texture": "#crop"
        },
        "up": {
            "uv": [ 13, 13, 14, 14 ],
            "texture": "#crop"
        },
        "north": {
            "uv": [ 13, 13, 14, 16 ],
            "texture": "#crop"
        },
        "south": {
            "uv": [ 13, 13, 14, 16 ],
            "texture": "#crop"
        },
        "west": {
            "uv": [ 13, 13, 14, 16 ],
            "texture": "#crop"
        },
        "east": {
            "uv": [ 13, 13, 14, 16 ],
            "texture": "#crop"
        }
    }
},
{
    
    "from": [ 1, 5, 12 ],
    "to": [ 2, 7, 13 ],
    "faces": {
        "down": {
            "uv": [ 14, 9, 15, 10 ],
            "texture": "#crop"
        },
        "up": {
            "uv": [ 14, 8, 15, 9 ],
            "texture": "#crop"
        },
        "north": {
            "uv": [ 14, 8, 15, 10 ],
            "texture": "#crop"
        },
        "south": {
            "uv": [ 14, 8, 15, 10 ],
            "texture": "#crop"
        },
        "west": {
            "uv": [ 14, 8, 15, 10 ],
            "texture": "#crop"
        },
        "east": {
            "uv": [ 14, 8, 15, 10 ],
            "texture": "#crop"
        }
    }
}
]
}
