{
    "__comment": "Fair warning, this format is highly likely to change even more in the future!",
    "textures": {
        "particle": "blocks/flower_dandelion",
		"all": "blocks/flower_dandelion"
    },
	"elements": [
        {   
            "from": [ 7.5, 0, 7.5 ],
            "to": [ 8.5, 5, 8.5 ],
            "faces": {
                "down": {
                    "uv": [ 7, 16, 9, 15 ],
                    "texture": "#all"
                },
                "north": {
                    "uv": [ 7, 16, 9, 12 ],
                    "texture": "#all"
                },
                "south": {
                    "uv": [ 7, 16, 9, 12 ],
                    "texture": "#all"
                },
                "east": {
                    "uv": [ 7, 16, 9, 12 ],
                    "texture": "#all"
                },
                "west": {
                    "uv": [ 7, 16, 9, 12 ],
                    "texture": "#all"
                }
            }
			},
			{   
            "from": [ 5.5, 2, 7.5 ],
            "to": [ 6.5, 3, 8 ],
            "faces": {
                "down": {
                    "uv": [ 5, 14, 6, 13 ],
                    "texture": "#all"
                },
                "up": {
                    "uv": [ 5, 14, 6, 13 ],
                    "texture": "#all"
                },
                "south": {
                    "uv": [ 5, 14, 6, 13 ],
                    "texture": "#all"
                },
                "north": {
                    "uv": [ 5, 14, 6, 13 ],
                    "texture": "#all"
                },
                "east": {
                    "uv": [ 5, 14, 6, 13 ],
                    "texture": "#all"
                },
                "west": {
                    "uv": [ 5, 14, 6, 13 ],
                    "texture": "#all"
                }
            }
        },
	{   
            "from": [ 6.5, 1, 7.5 ],
            "to": [ 7.5, 2, 8 ],
            "faces": {
                "down": {
                    "uv": [ 5, 14, 6, 13 ],
                    "texture": "#all"
                },
                "up": {
                    "uv": [ 5, 14, 6, 13 ],
                    "texture": "#all"
                },
                "south": {
                    "uv": [ 5, 14, 6, 13 ],
                    "texture": "#all"
                },
                "north": {
                    "uv": [ 5, 14, 6, 13 ],
                    "texture": "#all"
                },
                "east": {
                    "uv": [ 5, 14, 6, 13 ],
                    "texture": "#all"
                },
                "west": {
                    "uv": [ 5, 14, 6, 13 ],
                    "texture": "#all"
                }
            }
        },
	{   
            "from": [ 6.5, 2, 7.5 ],
            "to": [ 7.5, 3, 8 ],
            "faces": {
                "down": {
                    "uv": [ 6, 14, 7, 13 ],
                    "texture": "#all"
                },
                "up": {
                    "uv": [ 6, 14, 7, 13 ],
                    "texture": "#all"
                },
                "south": {
                    "uv": [ 6, 14, 7, 13 ],
                    "texture": "#all"
                },
                "north": {
                    "uv": [ 6, 14, 7, 13 ],
                    "texture": "#all"
                },
                "east": {
                    "uv": [ 6, 14, 7, 13 ],
                    "texture": "#all"
                },
                "west": {
                    "uv": [ 6, 14, 7, 13 ],
                    "texture": "#all"
                }
            }
        },
	{   
            "from": [ 8, 3, 5.5 ],
            "to": [ 8.5, 4, 6.5 ],
            "faces": {
                "down": {
                    "uv": [ 5, 14, 6, 13 ],
                    "texture": "#all"
                },
                "up": {
                    "uv": [ 5, 14, 6, 13 ],
                    "texture": "#all"
                },
                "south": {
                    "uv": [ 5, 14, 6, 13 ],
                    "texture": "#all"
                },
                "north": {
                    "uv": [ 5, 14, 6, 13 ],
                    "texture": "#all"
                },
                "east": {
                    "uv": [ 5, 14, 6, 13 ],
                    "texture": "#all"
                },
                "west": {
                    "uv": [ 5, 14, 6, 13 ],
                    "texture": "#all"
                }
            }
        },
	{   
            "from": [ 8, 2, 6.5 ],
            "to": [ 8.5, 3, 7.5 ],
            "faces": {
                "down": {
                    "uv": [ 5, 14, 6, 13 ],
                    "texture": "#all"
                },
                "up": {
                    "uv": [ 5, 14, 6, 13 ],
                    "texture": "#all"
                },
                "south": {
                    "uv": [ 5, 14, 6, 13 ],
                    "texture": "#all"
                },
                "north": {
                    "uv": [ 5, 14, 6, 13 ],
                    "texture": "#all"
                },
                "east": {
                    "uv": [ 5, 14, 6, 13 ],
                    "texture": "#all"
                },
                "west": {
                    "uv": [ 5, 14, 6, 13 ],
                    "texture": "#all"
                }
            }
        },
	{   
            "from": [ 8, 3, 6.5 ],
            "to": [ 8.5, 4, 7.5 ],
            "faces": {
                "down": {
                    "uv": [ 6, 14, 7, 13 ],
                    "texture": "#all"
                },
                "up": {
                    "uv": [ 6, 14, 7, 13 ],
                    "texture": "#all"
                },
                "south": {
                    "uv": [ 6, 14, 7, 13 ],
                    "texture": "#all"
                },
                "north": {
                    "uv": [ 6, 14, 7, 13 ],
                    "texture": "#all"
                },
                "east": {
                    "uv": [ 6, 14, 7, 13 ],
                    "texture": "#all"
                },
                "west": {
                    "uv": [ 6, 14, 7, 13 ],
                    "texture": "#all"
                }
            }
		},
	{   
            "from": [ 7.5, 0, 8.5 ],
            "to": [ 8, 1, 9.5 ],
            "faces": {
                "down": {
                    "uv": [ 5, 14, 6, 13 ],
                    "texture": "#all"
                },
                "up": {
                    "uv": [ 5, 14, 6, 13 ],
                    "texture": "#all"
                },
                "south": {
                    "uv": [ 5, 14, 6, 13 ],
                    "texture": "#all"
                },
                "north": {
                    "uv": [ 5, 14, 6, 13 ],
                    "texture": "#all"
                },
                "east": {
                    "uv": [ 5, 14, 6, 13 ],
                    "texture": "#all"
                },
                "west": {
                    "uv": [ 5, 14, 6, 13 ],
                    "texture": "#all"
                }
            }
        },
	{   
            "from": [ 7.5, 1, 9.5 ],
            "to": [ 8, 2, 10.5 ],
            "faces": {
                "down": {
                    "uv": [ 5, 14, 6, 13 ],
                    "texture": "#all"
                },
                "up": {
                    "uv": [ 5, 14, 6, 13 ],
                    "texture": "#all"
                },
                "south": {
                    "uv": [ 5, 14, 6, 13 ],
                    "texture": "#all"
                },
                "north": {
                    "uv": [ 5, 14, 6, 13 ],
                    "texture": "#all"
                },
                "east": {
                    "uv": [ 5, 14, 6, 13 ],
                    "texture": "#all"
                },
                "west": {
                    "uv": [ 5, 14, 6, 13 ],
                    "texture": "#all"
                }
            }
        },
		{   
            "from": [ 7.5, 1, 8.5 ],
            "to": [ 8, 2, 9.5 ],
            "faces": {
                "down": {
                    "uv": [ 6, 14, 7, 13 ],
                    "texture": "#all"
                },
                "up": {
                    "uv": [ 6, 14, 7, 13 ],
                    "texture": "#all"
                },
                "south": {
                    "uv": [ 6, 14, 7, 13 ],
                    "texture": "#all"
                },
                "north": {
                    "uv": [ 6, 14, 7, 13 ],
                    "texture": "#all"
                },
                "east": {
                    "uv": [ 6, 14, 7, 13 ],
                    "texture": "#all"
                },
                "west": {
                    "uv": [ 6, 14, 7, 13 ],
                    "texture": "#all"
                }
            }
	},
	{   
            "from": [ 8.5, 1, 7.5 ],
            "to": [ 9.5, 2, 8 ],
            "faces": {
                "down": {
                    "uv": [ 5, 14, 6, 13 ],
                    "texture": "#all"
                },
                "up": {
                    "uv": [ 5, 14, 6, 13 ],
                    "texture": "#all"
                },
                "south": {
                    "uv": [ 5, 14, 6, 13 ],
                    "texture": "#all"
                },
                "north": {
                    "uv": [ 5, 14, 6, 13 ],
                    "texture": "#all"
                },
                "east": {
                    "uv": [ 5, 14, 6, 13 ],
                    "texture": "#all"
                },
                "west": {
                    "uv": [ 5, 14, 6, 13 ],
                    "texture": "#all"
                }
            }
        },
	{   
            "from": [ 9.5, 2, 7.5 ],
            "to": [ 10.5, 3, 8 ],
            "faces": {
                "down": {
                    "uv": [ 5, 14, 6, 13 ],
                    "texture": "#all"
                },
                "up": {
                    "uv": [ 5, 14, 6, 13 ],
                    "texture": "#all"
                },
                "south": {
                    "uv": [ 5, 14, 6, 13 ],
                    "texture": "#all"
                },
                "north": {
                    "uv": [ 5, 14, 6, 13 ],
                    "texture": "#all"
                },
                "east": {
                    "uv": [ 5, 14, 6, 13 ],
                    "texture": "#all"
                },
                "west": {
                    "uv": [ 5, 14, 6, 13 ],
                    "texture": "#all"
                }
            }
        },
		{   
            "from": [ 8.5, 2, 7.5 ],
            "to": [ 9.5, 3, 8 ],
            "faces": {
                "down": {
                    "uv": [ 6, 14, 7, 13 ],
                    "texture": "#all"
                },
                "up": {
                    "uv": [ 6, 14, 7, 13 ],
                    "texture": "#all"
                },
                "south": {
                    "uv": [ 6, 14, 7, 13 ],
                    "texture": "#all"
                },
                "north": {
                    "uv": [ 6, 14, 7, 13 ],
                    "texture": "#all"
                },
                "east": {
                    "uv": [ 6, 14, 7, 13 ],
                    "texture": "#all"
                },
                "west": {
                    "uv": [ 6, 14, 7, 13 ],
                    "texture": "#all"
                }
            }
	},
	{   
            "from": [ 6.25, 5.25, 7.5 ],
            "to": [ 6.75, 5.75, 8.5 ],
            "faces": {
                "down": {
                    "uv": [ 9, 11, 11, 10 ],
                    "texture": "#all"
                },
                "up": {
                    "uv": [ 6, 10, 8, 9 ],
                    "texture": "#all"
                },
                "south": {
                    "uv": [ 5, 11, 7, 10 ],
                    "texture": "#all"
                },
                "north": {
                    "uv": [ 5, 11, 7, 10 ],
                    "texture": "#all"
                },
                "east": {
                    "uv": [ 5, 11, 7, 10 ],
                    "texture": "#all"
                },
                "west": {
                    "uv": [ 5, 11, 7, 10 ],
                    "texture": "#all"
                }
            }
	},
	{   
            "from": [ 7.5, 5.25, 6.25 ],
            "to": [ 8.5, 5.75, 6.75 ],
            "faces": {
                "down": {
                    "uv": [ 9, 11, 11, 10 ],
                    "texture": "#all"
                },
                "up": {
                    "uv": [ 6, 10, 8, 9 ],
                    "texture": "#all"
                },
                "south": {
                    "uv": [ 5, 11, 7, 10 ],
                    "texture": "#all"
                },
                "north": {
                    "uv": [ 5, 11, 7, 10 ],
                    "texture": "#all"
                },
                "east": {
                    "uv": [ 5, 11, 7, 10 ],
                    "texture": "#all"
                },
                "west": {
                    "uv": [ 5, 11, 7, 10 ],
                    "texture": "#all"
                }
            }
	},
	{   
            "from": [ 7.5, 5.25, 9.25 ],
            "to": [ 8.5, 5.75, 9.75 ],
            "faces": {
                "down": {
                    "uv": [ 9, 11, 11, 10 ],
                    "texture": "#all"
                },
                "up": {
                    "uv": [ 6, 10, 8, 9 ],
                    "texture": "#all"
                },
                "south": {
                    "uv": [ 5, 11, 7, 10 ],
                    "texture": "#all"
                },
                "north": {
                    "uv": [ 5, 11, 7, 10 ],
                    "texture": "#all"
                },
                "east": {
                    "uv": [ 5, 11, 7, 10 ],
                    "texture": "#all"
                },
                "west": {
                    "uv": [ 5, 11, 7, 10 ],
                    "texture": "#all"
                }
            }
	},
	{   
            "from": [ 9.25, 5.25, 7.5 ],
            "to": [ 9.75, 5.75, 8.5 ],
            "faces": {
                "down": {
                    "uv": [ 9, 11, 11, 10 ],
                    "texture": "#all"
                },
                "up": {
                    "uv": [ 6, 10, 8, 9 ],
                    "texture": "#all"
                },
                "south": {
                    "uv": [ 5, 11, 7, 10 ],
                    "texture": "#all"
                },
                "north": {
                    "uv": [ 5, 11, 7, 10 ],
                    "texture": "#all"
                },
                "east": {
                    "uv": [ 5, 11, 7, 10 ],
                    "texture": "#all"
                },
                "west": {
                    "uv": [ 5, 11, 7, 10 ],
                    "texture": "#all"
                }
            }
	},
	{   
            "from": [ 6.5, 6, 7.5 ],
            "to": [ 7, 6.5, 8.5 ],
            "faces": {
                "down": {
                    "uv": [ 9, 11, 11, 10 ],
                    "texture": "#all"
                },
                "up": {
                    "uv": [ 6, 10, 8, 9 ],
                    "texture": "#all"
                },
                "south": {
                    "uv": [ 5, 11, 7, 10 ],
                    "texture": "#all"
                },
                "north": {
                    "uv": [ 5, 11, 7, 10 ],
                    "texture": "#all"
                },
                "east": {
                    "uv": [ 5, 11, 7, 10 ],
                    "texture": "#all"
                },
                "west": {
                    "uv": [ 5, 11, 7, 10 ],
                    "texture": "#all"
                }
            }
	},
	{   
            "from": [ 7.5, 6, 6.5 ],
            "to": [ 8.5, 6.5, 7 ],
            "faces": {
                "down": {
                    "uv": [ 9, 11, 11, 10 ],
                    "texture": "#all"
                },
                "up": {
                    "uv": [ 6, 10, 8, 9 ],
                    "texture": "#all"
                },
                "south": {
                    "uv": [ 5, 11, 7, 10 ],
                    "texture": "#all"
                },
                "north": {
                    "uv": [ 5, 11, 7, 10 ],
                    "texture": "#all"
                },
                "east": {
                    "uv": [ 5, 11, 7, 10 ],
                    "texture": "#all"
                },
                "west": {
                    "uv": [ 5, 11, 7, 10 ],
                    "texture": "#all"
                }
            }
	},
	{   
            "from": [ 7.5, 6, 9 ],
            "to": [ 8.5, 6.5, 9.5 ],
            "faces": {
                "down": {
                    "uv": [ 9, 11, 11, 10 ],
                    "texture": "#all"
                },
                "up": {
                    "uv": [ 6, 10, 8, 9 ],
                    "texture": "#all"
                },
                "south": {
                    "uv": [ 5, 11, 7, 10 ],
                    "texture": "#all"
                },
                "north": {
                    "uv": [ 5, 11, 7, 10 ],
                    "texture": "#all"
                },
                "east": {
                    "uv": [ 5, 11, 7, 10 ],
                    "texture": "#all"
                },
                "west": {
                    "uv": [ 5, 11, 7, 10 ],
                    "texture": "#all"
                }
            }
	},
	{   
            "from": [ 9, 6, 7.5 ],
            "to": [ 9.5, 6.5, 8.5 ],
            "faces": {
                "down": {
                    "uv": [ 9, 11, 11, 10 ],
                    "texture": "#all"
                },
                "up": {
                    "uv": [ 6, 10, 8, 9 ],
                    "texture": "#all"
                },
                "south": {
                    "uv": [ 5, 11, 7, 10 ],
                    "texture": "#all"
                },
                "north": {
                    "uv": [ 5, 11, 7, 10 ],
                    "texture": "#all"
                },
                "east": {
                    "uv": [ 5, 11, 7, 10 ],
                    "texture": "#all"
                },
                "west": {
                    "uv": [ 5, 11, 7, 10 ],
                    "texture": "#all"
                }
            }
	},
	{   
            "from": [ 7, 6, 8.5 ],
            "to": [ 9, 6.5, 9 ],
            "faces": {
                "down": {
                    "uv": [ 9, 11, 11, 10 ],
                    "texture": "#all"
                },
                "up": {
                    "uv": [ 10, 9, 6, 10 ],
                    "texture": "#all"
                },
                "south": {
                    "uv": [ 6, 10, 10, 9 ],
                    "texture": "#all"
                },
                "north": {
                    "uv": [ 6, 10, 10, 9 ],
                    "texture": "#all"
                },
                "east": {
                    "uv": [ 7, 11, 8, 10 ],
                    "texture": "#all"
                },
                "west": {
                    "uv": [ 7, 11, 8, 10 ],
                    "texture": "#all"
                }
            }
	},
	{   
            "from": [ 8, 6, 7 ],
            "to": [ 9, 6.5, 8 ],
            "faces": {
                "up": {
                    "uv": [ 8, 10, 10, 8 ],
                    "texture": "#all"
                },
                "south": {
                    "uv": [ 7, 11, 9, 10 ],
                    "texture": "#all"
                },
                "north": {
                    "uv": [ 7, 11, 9, 10 ],
                    "texture": "#all"
                },
                "east": {
                    "uv": [ 7, 11, 9, 10 ],
                    "texture": "#all"
                },
                "west": {
                    "uv": [ 7, 11, 9, 10 ],
                    "texture": "#all"
                }
            }
	},
	{   
            "from": [ 8.5, 6, 8 ],
            "to": [ 9, 6.5, 8.5 ],
            "faces": {
                "up": {
                    "uv": [ 10, 9, 11, 8 ],
                    "texture": "#all"
                },
                "south": {
                    "uv": [ 10, 9, 11, 8 ],
                    "texture": "#all"
                },
                "north": {
                    "uv": [ 10, 9, 11, 8 ],
                    "texture": "#all"
                },
                "east": {
                    "uv": [ 10, 9, 11, 8 ],
                    "texture": "#all"
                },
                "west": {
                    "uv": [ 10, 9, 11, 8 ],
                    "texture": "#all"
                }
            }
	},
	{   
            "from": [ 7, 6, 7 ],
            "to": [ 7.5, 6.5, 8.5 ],
            "faces": {
                "up": {
                    "uv": [ 5, 11, 8, 10 ],
                    "texture": "#all"
                },
                "south": {
                    "uv": [ 6, 10, 7, 9 ],
                    "texture": "#all"
                },
                "north": {
                    "uv": [ 6, 10, 7, 9 ],
                    "texture": "#all"
                },
                "east": {
                    "uv": [ 5, 11, 8, 10 ],
                    "texture": "#all"
                },
                "west": {
                    "uv": [ 5, 11, 8, 10 ],
                    "texture": "#all"
                }
            }
	},
	{   
            "from": [ 7, 5.5, 7 ],
            "to": [ 9, 6, 9 ],
            "faces": {
                "up": {
                    "uv": [ 7, 9, 9, 11 ],
                    "texture": "#all"
                },
                "south": {
                    "uv": [ 6, 10, 10, 9 ],
                    "texture": "#all"
                },
                "north": {
                    "uv": [ 6, 10, 10, 9 ],
                    "texture": "#all"
                },
                "east": {
                    "uv": [ 6, 10, 10, 9 ],
                    "texture": "#all"
                },
                "west": {
                    "uv": [ 6, 10, 10, 9 ],
                    "texture": "#all"
                }
            }
	},
	{   
            "from": [ 6.75, 5, 6.75 ],
            "to": [ 9.25, 5.5, 9.25 ],
            "faces": {
                "down": {
                    "uv": [ 8, 12, 10, 14 ],
                    "texture": "#all"
                },
                "up": {
                    "uv": [ 7, 9, 9, 11 ],
                    "texture": "#all"
                },
                "south": {
                    "uv": [ 6, 11, 10, 10 ],
                    "texture": "#all"
                },
                "north": {
                    "uv": [ 6, 11, 10, 10 ],
                    "texture": "#all"
                },
                "east": {
                    "uv": [ 6, 11, 10, 10 ],
                    "texture": "#all"
                },
                "west": {
                    "uv": [ 6, 11, 10, 10 ],
                    "texture": "#all"
                }
            }
		}	
    ]
}
