{
"__comment":"Made by Know2Good, part of the 'Default 3D™' resource pack || Official download page: http://www.planetminecraft.com/texture_pack/default-3d-2985741/ || © 2014 Know2Good. All rights reserved. ",
"textures": {
	"block": "blocks/door_dark_oak_lower",
	"particle":"blocks/door_dark_oak_lower"
},
"elements":[
	{
		"type":"cube", //The inner block
		"from":[0.75,0,1],
		"to":[2.25,15.999,16],
		"rotation": {"origin": [ 8, 1, 8 ], "axis": "y", "angle": 0 },
		"faces": {
			"down":{"uv":[1,15,16,16],"texture":"#block","cullface":"Know2Good","rotation":270},
			"south":{"uv":[15,0,16,16],"texture":"#block","cullface":"Know2Good"},
			"west":{"uv":[1,0,16,16],"texture":"#block","cullface":"Know2Good"},
			"east":{"uv":[16,0,1,16],"texture":"#block","cullface":"Know2Good"}
		}
	},
	{
		"type":"cube", //Bottom hinge
		"from":[-0.25,4,-0.25],
		"to":[3.25,6,1],
		"rotation": {"origin": [ 8, 1, 8 ], "axis": "y", "angle": 0 },
		"faces": {
			"up":{"uv":[0,10,1,11],"texture":"#block","cullface":"Know2Good","rotation":90},
			"down":{"uv":[0,11,1,12],"texture":"#block","cullface":"Know2Good","rotation":270},
			"north":{"uv":[0,10,1,12],"texture":"#block","cullface":"Know2Good"},
			"south":{"uv":[0,10,1,12],"texture":"#block","cullface":"Know2Good"},
			"west":{"uv":[0,10,1,12],"texture":"#block","cullface":"Know2Good"},
			"east":{"uv":[1,10,0,12],"texture":"#block","cullface":"Know2Good"}
		}
	},
	{
		"type":"cube", //Top hinge
		"from":[-0.25,15,-0.25],
		"to":[3.25,16,1],
		"rotation": {"origin": [ 8, 1, 8 ], "axis": "y", "angle": 0 },
		"faces": {
			"up":{"uv":[0,0,1,0],"texture":"#block","cullface":"Know2Good","rotation":90},
			"down":{"uv":[0,0,1,1],"texture":"#block","cullface":"Know2Good","rotation":270},
			"north":{"uv":[0,0,1,1],"texture":"#block","cullface":"Know2Good"},
			"south":{"uv":[0,0,1,1],"texture":"#block","cullface":"Know2Good"},
			"west":{"uv":[0,0,1,1],"texture":"#block","cullface":"Know2Good"},
			"east":{"uv":[1,0,0,1],"texture":"#block","cullface":"Know2Good"}
		}
	},
	{
		"type":"cube", //Middle hinge side
		"from":[1,0.001,0],
		"to":[2,16,1],
		"rotation": {"origin": [ 8, 1, 8 ], "axis": "y", "angle": 0 },
		"faces": {
			"down":{"uv":[1,15,2,16],"texture":"#block","cullface":"Know2Good","rotation":270},
			"north":{"uv":[1,0,2,16],"texture":"#block","cullface":"Know2Good"}
		}
	},
	{
		"type":"cube", //Hinge side (east)
		"from":[2,0.001,0],
		"to":[3,16,2],
		"rotation": {"origin": [ 8, 1, 8 ], "axis": "y", "angle": 0 },
		"faces": {
			"down":{"uv":[0,15,2,16],"texture":"#block","cullface":"Know2Good","rotation":270},
			"north":{"uv":[0,0,1,16],"texture":"#block","cullface":"Know2Good"},
			"south":{"uv":[1,0,2,16],"texture":"#block","cullface":"Know2Good"},
			"east":{"uv":[2,0,0,16],"texture":"#block","cullface":"Know2Good"}
		}
	},
	{
		"type":"cube", //Hinge side (west)
		"from":[0,0.001,0],
		"to":[1,16,2],
		"rotation": {"origin": [ 8, 1, 8 ], "axis": "y", "angle": 0 },
		"faces": {
			"down":{"uv":[0,15,2,16],"texture":"#block","cullface":"Know2Good","rotation":270},
			"north":{"uv":[0,0,1,16],"texture":"#block","cullface":"Know2Good"},
			"south":{"uv":[1,0,2,16],"texture":"#block","cullface":"Know2Good"},
			"west":{"uv":[0,0,2,16],"texture":"#block","cullface":"Know2Good"}
		}
	},
	{
		"type":"cube", //Top center
		"from":[0,15,2],
		"to":[3,16,14],
		"rotation": {"origin": [ 8, 1, 8 ], "axis": "y", "angle": 0 },
		"faces": {
			"up":{"uv":[2,0,14,1],"texture":"#block","cullface":"Know2Good","rotation":90},
			"down":{"uv":[2,0,14,1],"texture":"#block","cullface":"Know2Good","rotation":270},
			"west":{"uv":[2,0,14,1],"texture":"#block","cullface":"Know2Good"},
			"east":{"uv":[14,0,2,1],"texture":"#block","cullface":"Know2Good"}
		}
	},
	{
		"type":"cube", //Bottom center
		"from":[0,0.001,2],
		"to":[3,2,14],
		"rotation": {"origin": [ 8, 1, 8 ], "axis": "y", "angle": 0 },
		"faces": {
			"down":{"uv":[2,15,14,16],"texture":"#block","cullface":"Know2Good","rotation":270},
			"west":{"uv":[2,14,14,16],"texture":"#block","cullface":"Know2Good"},
			"east":{"uv":[14,14,2,16],"texture":"#block","cullface":"Know2Good"}
		}
	},
	{
		"type":"cube", //Middle
		"from":[0,2,7],
		"to":[3,15,9],
		"rotation": {"origin": [ 8, 1, 8 ], "axis": "y", "angle": 0 },
		"faces": {
			"north":{"uv":[7,1,8,14],"texture":"#block","cullface":"Know2Good"},
			"south":{"uv":[8,1,9,14],"texture":"#block","cullface":"Know2Good"},
			"west":{"uv":[7,1,9,14],"texture":"#block","cullface":"Know2Good"},
			"east":{"uv":[9,1,7,14],"texture":"#block","cullface":"Know2Good"}
		}
	},
	{
		"type":"cube", //Right
		"from":[0,0,14],
		"to":[3,16,15],
		"rotation": {"origin": [ 8, 1, 8 ], "axis": "y", "angle": 0 },
		"faces": {
			"down":{"uv":[14,15,15,16],"texture":"#block","cullface":"Know2Good","rotation":270},
			"north":{"uv":[14,0,15,16],"texture":"#block","cullface":"Know2Good"},
			"south":{"uv":[14,0,15,16],"texture":"#block","cullface":"Know2Good"},
			"west":{"uv":[14,0,15,16],"texture":"#block","cullface":"Know2Good"},
			"east":{"uv":[15,0,14,16],"texture":"#block","cullface":"Know2Good"}
		}
	},
	{
		"type":"cube", //Left detail 1
		"from":[-0.25,2,2],
		"to":[3.25,15,7],
		"rotation": {"origin": [ 8, 1, 8 ], "axis": "y", "angle": 0 },
		"faces": {
			"up":{"uv":[2,1,7,2],"texture":"#block","cullface":"Know2Good","rotation":90},
			"down":{"uv":[2,13,7,14],"texture":"#block","cullface":"Know2Good","rotation":270},
			"north":{"uv":[2,1,3,14],"texture":"#block","cullface":"Know2Good"},
			"south":{"uv":[6,1,7,14],"texture":"#block","cullface":"Know2Good"},
			"west":{"uv":[2,1,7,14],"texture":"#block","cullface":"Know2Good"},
			"east":{"uv":[7,1,2,14],"texture":"#block","cullface":"Know2Good"}
		}
	},
	{
		"type":"cube", //Left detail 2
		"from":[-0.5,3,3],
		"to":[3.5,14,6],
		"rotation": {"origin": [ 8, 1, 8 ], "axis": "y", "angle": 0 },
		"faces": {
			"up":{"uv":[3,2,6,3],"texture":"#block","cullface":"Know2Good","rotation":90},
			"down":{"uv":[3,12,6,13],"texture":"#block","cullface":"Know2Good","rotation":270},
			"north":{"uv":[3,2,4,13],"texture":"#block","cullface":"Know2Good"},
			"south":{"uv":[5,2,6,13],"texture":"#block","cullface":"Know2Good"},
			"west":{"uv":[3,2,6,13],"texture":"#block","cullface":"Know2Good"},
			"east":{"uv":[6,2,3,13],"texture":"#block","cullface":"Know2Good"}
		}
	},
	{
		"type":"cube", //Right detail 1
		"from":[-0.25,2,9],
		"to":[3.25,15,14],
		"rotation": {"origin": [ 8, 1, 8 ], "axis": "y", "angle": 0 },
		"faces": {
			"up":{"uv":[9,1,14,2],"texture":"#block","cullface":"Know2Good","rotation":90},
			"down":{"uv":[9,13,14,14],"texture":"#block","cullface":"Know2Good","rotation":270},
			"north":{"uv":[9,1,10,14],"texture":"#block","cullface":"Know2Good"},
			"south":{"uv":[13,1,14,14],"texture":"#block","cullface":"Know2Good"},
			"west":{"uv":[9,1,14,14],"texture":"#block","cullface":"Know2Good"},
			"east":{"uv":[14,1,9,14],"texture":"#block","cullface":"Know2Good"}
		}
	},
	{
		"type":"cube", //Right detail 2
		"from":[-0.5,3,10],
		"to":[3.5,14,13],
		"rotation": {"origin": [ 8, 1, 8 ], "axis": "y", "angle": 0 },
		"faces": {
			"up":{"uv":[10,2,13,3],"texture":"#block","cullface":"Know2Good","rotation":90},
			"down":{"uv":[10,12,13,13],"texture":"#block","cullface":"Know2Good","rotation":270},
			"north":{"uv":[10,2,11,13],"texture":"#block","cullface":"Know2Good"},
			"south":{"uv":[12,2,13,13],"texture":"#block","cullface":"Know2Good"},
			"west":{"uv":[10,2,13,13],"texture":"#block","cullface":"Know2Good"},
			"east":{"uv":[13,2,10,13],"texture":"#block","cullface":"Know2Good"}
		}
	},
	{
		"type":"cube", //Handle west
		"from":[-1,15,11],
		"to":[-0.5,16,12],
		"rotation": {"origin": [ 8, 1, 8 ], "axis": "y", "angle": 0 },
		"faces": {
			"up":{"uv":[11,0,12,1],"texture":"#block","cullface":"Know2Good","rotation":90},
			"down":{"uv":[11,0,12,1],"texture":"#block","cullface":"Know2Good","rotation":270},
			"north":{"uv":[11,0,12,1],"texture":"#block","cullface":"Know2Good"},
			"south":{"uv":[11,0,12,1],"texture":"#block","cullface":"Know2Good"},
			"west":{"uv":[11,0,12,1],"texture":"#block","cullface":"Know2Good"},
			"east":{"uv":[11,0,12,1],"texture":"#block","cullface":"Know2Good"}
		}
	},
	{
		"type":"cube", //Handle east
		"from":[3.5,15,11],
		"to":[4,16,12],
		"rotation": {"origin": [ 8, 1, 8 ], "axis": "y", "angle": 0 },
		"faces": {
			"up":{"uv":[11,0,12,1],"texture":"#block","cullface":"Know2Good","rotation":90},
			"down":{"uv":[11,0,12,1],"texture":"#block","cullface":"Know2Good","rotation":270},
			"north":{"uv":[11,0,12,1],"texture":"#block","cullface":"Know2Good"},
			"south":{"uv":[11,0,12,1],"texture":"#block","cullface":"Know2Good"},
			"west":{"uv":[11,0,12,1],"texture":"#block","cullface":"Know2Good"},
			"east":{"uv":[11,0,12,1],"texture":"#block","cullface":"Know2Good"}
		}
	},
	{
		"type":"cube", //Prevent handle
		"from":[-0.001,15,11],
		"to":[3.001,16,12],
		"rotation": {"origin": [ 8, 1, 8 ], "axis": "y", "angle": 0 },
		"faces": {
			"west":{"uv":[4,0,5,1],"texture":"#block","cullface":"Know2Good"},
			"east":{"uv":[5,0,4,1],"texture":"#block","cullface":"Know2Good"}
		}
	}
],
"display": {
	"thirdperson": {
		"rotation": [ 0, 45, 1 ],
		"translation": [ 0, 0.5, 0 ],
		"scale": [ 1.1, 1.1, 1.1 ]
	},
	"firstperson": {
		"rotation": [ 0, 0, 0 ],
		"translation": [ 0, 0, 0 ],
		"scale": [ 1, 1, 1 ]
	},
	"gui": {
		"rotation": [ 0, 0, 0 ],
		"translation": [ 0, 0, 0 ],
		"scale": [ 1, 1, 1 ]
	}
}
}