{
    "__comment": "Fair warning, this format is highly likely to change even more in the future!",
    "textures": {
        "particle": "blocks/daylight_detector_inverted_top",
        "top": "blocks/daylight_detector_inverted_top",
        "side": "blocks/daylight_detector_side"
    },
    "elements": [
        {
    "from": [ 0, 0, 0 ],
    "to": [ 16, 5.5, 16 ],
    "faces": {
        "down": {
            "uv": [ 0, 0, 16, 16 ],
			"texture": "#side"
        },
        "up": {
            "uv": [ 0, 0, 16, 16 ],
            "texture": "#top"
        },
        "north": {
            "uv": [ 0, 10.5, 16, 16 ],
            "texture": "#side"
        },
        "south": {
            "uv": [ 0, 10.5, 16, 16 ],
            "texture": "#side"
        },
        "west": {
            "uv": [ 0, 10.5, 16, 16 ],
            "texture": "#side"
        },
        "east": {
            "uv": [ 0, 10.5, 16, 16 ],
            "texture": "#side"
        }
    }
},
{
    "from": [ 0, 5.5, 0 ],
    "to": [ 16, 6, 1 ],
    "faces": {
        "down": {
            "uv": [ 0, 0, 16, 1 ],
            "texture": "#side"
        },
        "up": {
            "uv": [ 0, 0, 16, 1 ],
            "texture": "#top"
        },
        "north": {
            "uv": [ 0, 10, 16, 10.5 ],
            "texture": "#side"
        },
        "south": {
            "uv": [ 0, 10, 16, 10.5 ],
            "texture": "#side"
        },
        "west": {
            "uv": [ 0, 10, 1, 10.5 ],
            "texture": "#side"
        },
        "east": {
            "uv": [ 0, 10, 1, 10.5 ],
            "texture": "#side"
        }
    }
},
{
    "from": [ 1, 5.5, 5 ],
    "to": [ 15, 6, 6 ],
    "faces": {
        "down": {
            "uv": [ 1, 5, 15, 6 ],
            "texture": "#side"
        },
        "up": {
            "uv": [ 1, 5, 15, 6 ],
            "texture": "#top"
        },
        "north": {
            "uv": [ 1, 10, 15, 10.5 ],
            "texture": "#side"
        },
        "south": {
            "uv": [ 1, 10, 15, 10.5 ],
            "texture": "#side"
        },
        "west": {
            "uv": [ 5, 10, 6, 10.5 ],
            "texture": "#side"
        },
        "east": {
            "uv": [ 5, 10, 6, 10.5 ],
            "texture": "#side"
        }
    }
},
{
    "from": [ 1, 5.5, 10 ],
    "to": [ 15, 6, 11 ],
    "faces": {
        "down": {
            "uv": [ 1, 10, 15, 11 ],
            "texture": "#side"
        },
        "up": {
            "uv": [ 1, 10, 15, 11 ],
            "texture": "#top"
        },
        "north": {
            "uv": [ 1, 10, 15, 10.5 ],
            "texture": "#side"
        },
        "south": {
            "uv": [ 1, 10, 15, 10.5 ],
            "texture": "#side"
        },
        "west": {
            "uv": [ 10, 10, 11, 10.5 ],
            "texture": "#side"
        },
        "east": {
            "uv": [ 10, 10, 11, 10.5 ],
            "texture": "#side"
        }
    }
},
{

    "from": [ 0, 5.5, 15 ],
    "to": [ 16, 6, 16 ],
    "faces": {
        "down": {
            "uv": [ 0, 15, 16, 16 ],
            "texture": "#side"
        },
        "up": {
            "uv": [ 0, 15, 16, 16 ],
            "texture": "#top"
        },
        "north": {
            "uv": [ 0, 10, 16, 10.5 ],
            "texture": "#side"
        },
        "south": {
            "uv": [ 0, 10, 16, 10.5 ],
            "texture": "#side"
        },
        "west": {
            "uv": [ 15, 10, 16, 10.5 ],
            "texture": "#side"
        },
        "east": {
            "uv": [ 15, 10, 16, 10.5 ],
            "texture": "#side"
        }
    }
},
{

    "from": [ 0, 5.5, 1 ],
    "to": [ 1, 6, 15 ],
    "faces": {
        "down": {
            "uv": [ 0, 1, 1, 15 ],
            "texture": "#side"
        },
        "up": {
            "uv": [ 0, 1, 1, 15 ],
            "texture": "#top"
        },
        "north": {
            "uv": [ 0, 10, 1, 10.5 ],
            "texture": "#side"
        },
        "south": {
            "uv": [ 0, 10, 1, 10.5 ],
            "texture": "#side"
        },
        "west": {
            "uv": [ 1, 10, 15, 10.5 ],
            "texture": "#side"
        },
        "east": {
            "uv": [ 1, 10, 15, 10.5 ],
            "texture": "#side"
        }
    }
},
{

    "from": [ 5, 5.5, 1 ],
    "to": [ 6, 6, 15 ],
    "faces": {
        "down": {
            "uv": [ 5, 1, 6, 15 ],
            "texture": "#side"
        },
        "up": {
            "uv": [ 5, 1, 6, 15 ],
            "texture": "#top"
        },
        "north": {
            "uv": [ 5, 10, 6, 10.5 ],
            "texture": "#side"
        },
        "south": {
            "uv": [ 5, 10, 6, 10.5 ],
            "texture": "#side"
        },
        "west": {
            "uv": [ 1, 10, 15, 10.5 ],
            "texture": "#side"
        },
        "east": {
            "uv": [ 1, 10, 15, 10.5 ],
            "texture": "#side"
        }
    }
},
{

    "from": [ 10, 5.5, 1 ],
    "to": [ 11, 6, 15 ],
    "faces": {
        "down": {
            "uv": [ 10, 1, 11, 15 ],
            "texture": "#side"
        },
        "up": {
            "uv": [ 10, 1, 11, 15 ],
            "texture": "#top"
        },
        "north": {
            "uv": [ 10, 10, 11, 10.5 ],
            "texture": "#side"
        },
        "south": {
            "uv": [ 10, 10, 11, 10.5 ],
            "texture": "#side"
        },
        "west": {
            "uv": [ 1, 10, 15, 10.5 ],
            "texture": "#side"
        },
        "east": {
            "uv": [ 1, 10, 15, 10.5 ],
            "texture": "#side"
        }
    }
},
{

    "from": [ 15, 5.5, 1 ],
    "to": [ 16, 6, 15 ],
    "faces": {
        "down": {
            "uv": [ 15, 1, 16, 15 ],
            "texture": "#side"
        },
        "up": {
            "uv": [ 15, 1, 16, 15 ],
            "texture": "#top"
        },
        "north": {
            "uv": [ 15, 10, 16, 10.5 ],
            "texture": "#side"
        },
        "south": {
            "uv": [ 15, 10, 16, 10.5 ],
            "texture": "#side"
        },
        "west": {
            "uv": [ 1, 10, 15, 10.5 ],
            "texture": "#side"
        },
        "east": {
            "uv": [ 1, 10, 15, 10.5 ],
            "texture": "#side"
        }
    }
},
{

    "from": [ 1, 5.5, 1 ],
    "to": [ 2, 6, 2 ],
    "faces": {
        "down": {
            "uv": [ 1, 1, 2, 2 ],
            "texture": "#side"
        },
        "up": {
            "uv": [ 1, 1, 2, 2 ],
            "texture": "#top"
        },
        "north": {
            "uv": [ 1, 10, 2, 10.5 ],
            "texture": "#side"
        },
        "south": {
            "uv": [ 1, 10, 2, 10.5 ],
            "texture": "#side"
        },
        "west": {
            "uv": [ 1, 10, 2, 10.5 ],
            "texture": "#side"
        },
        "east": {
            "uv": [ 1, 10, 2, 10.5 ],
            "texture": "#side"
        }
    }
},
{

    "from": [ 1, 5.5, 4 ],
    "to": [ 2, 6, 5 ],
    "faces": {
        "down": {
            "uv": [ 1, 4, 2, 5 ],
            "texture": "#side"
        },
        "up": {
            "uv": [ 1, 4, 2, 5 ],
            "texture": "#top"
        },
        "north": {
            "uv": [ 1, 10, 2, 10.5 ],
            "texture": "#side"
        },
        "south": {
            "uv": [ 1, 10, 2, 10.5 ],
            "texture": "#side"
        },
        "west": {
            "uv": [ 4, 10, 5, 10.5 ],
            "texture": "#side"
        },
        "east": {
            "uv": [ 4, 10, 5, 10.5 ],
            "texture": "#side"
        }
    }
},
{

    "from": [ 4, 5.5, 1 ],
    "to": [ 5, 6, 2 ],
    "faces": {
        "down": {
            "uv": [ 4, 1, 5, 2 ],
            "texture": "#side"
        },
        "up": {
            "uv": [ 4, 1, 5, 2 ],
            "texture": "#top"
        },
        "north": {
            "uv": [ 4, 10, 5, 10.5 ],
            "texture": "#side"
        },
        "south": {
            "uv": [ 4, 10, 5, 10.5 ],
            "texture": "#side"
        },
        "west": {
            "uv": [ 1, 10, 2, 10.5 ],
            "texture": "#side"
        },
        "east": {
            "uv": [ 1, 10, 2, 10.5 ],
            "texture": "#side"
        }
    }
},
{

    "from": [ 4, 5.5, 4 ],
    "to": [ 5, 6, 5 ],
    "faces": {
        "down": {
            "uv": [ 4, 4, 5, 5 ],
            "texture": "#side"
        },
        "up": {
            "uv": [ 4, 4, 5, 5 ],
            "texture": "#top"
        },
        "north": {
            "uv": [ 4, 10, 5, 10.5 ],
            "texture": "#side"
        },
        "south": {
            "uv": [ 4, 10, 5, 10.5 ],
            "texture": "#side"
        },
        "west": {
            "uv": [ 4, 10, 5, 10.5 ],
            "texture": "#side"
        },
        "east": {
            "uv": [ 4, 10, 5, 10.5 ],
            "texture": "#side"
        }
    }
},
{

    "from": [ 6, 5.5, 4 ],
    "to": [ 7, 6, 5 ],
    "faces": {
        "down": {
            "uv": [ 6, 4, 7, 5 ],
            "texture": "#side"
        },
        "up": {
            "uv": [ 6, 4, 7, 5 ],
            "texture": "#top"
        },
        "north": {
            "uv": [ 6, 10, 7, 10.5 ],
            "texture": "#side"
        },
        "south": {
            "uv": [ 6, 10, 7, 10.5 ],
            "texture": "#side"
        },
        "west": {
            "uv": [ 4, 10, 5, 10.5 ],
            "texture": "#side"
        },
        "east": {
            "uv": [ 4, 10, 5, 10.5 ],
            "texture": "#side"
        }
    }
},
{

    "from": [ 1, 5.5, 6 ],
    "to": [ 2, 6, 7 ],
    "faces": {
        "down": {
            "uv": [ 1, 6, 2, 7 ],
            "texture": "#side"
        },
        "up": {
            "uv": [ 1, 6, 2, 7 ],
            "texture": "#top"
        },
        "north": {
            "uv": [ 1, 10, 2, 10.5 ],
            "texture": "#side"
        },
        "south": {
            "uv": [ 1, 10, 2, 10.5 ],
            "texture": "#side"
        },
        "west": {
            "uv": [ 6, 10, 7, 10.5 ],
            "texture": "#side"
        },
        "east": {
            "uv": [ 6, 10, 7, 10.5 ],
            "texture": "#side"
        }
    }
},
{

    "from": [ 6, 5.5, 1 ],
    "to": [ 7, 6, 2 ],
    "faces": {
        "down": {
            "uv": [ 6, 1, 7, 2 ],
            "texture": "#side"
        },
        "up": {
            "uv": [ 6, 1, 7, 2 ],
            "texture": "#top"
        },
        "north": {
            "uv": [ 6, 10, 7, 10.5 ],
            "texture": "#side"
        },
        "south": {
            "uv": [ 6, 10, 7, 10.5 ],
            "texture": "#side"
        },
        "west": {
            "uv": [ 1, 10, 2, 10.5 ],
            "texture": "#side"
        },
        "east": {
            "uv": [ 1, 10, 2, 10.5 ],
            "texture": "#side"
        }
    }
},
{

    "from": [ 4, 5.5, 6 ],
    "to": [ 5, 6, 7 ],
    "faces": {
        "down": {
            "uv": [ 4, 6, 5, 7 ],
            "texture": "#side"
        },
        "up": {
            "uv": [ 4, 6, 5, 7 ],
            "texture": "#top"
        },
        "north": {
            "uv": [ 4, 10, 5, 10.5 ],
            "texture": "#side"
        },
        "south": {
            "uv": [ 4, 10, 5, 10.5 ],
            "texture": "#side"
        },
        "west": {
            "uv": [ 6, 10, 7, 10.5 ],
            "texture": "#side"
        },
        "east": {
            "uv": [ 6, 10, 7, 10.5 ],
            "texture": "#side"
        }
    }
},
{

    "from": [ 14, 5.5, 4 ],
    "to": [ 15, 6, 5 ],
    "faces": {
        "down": {
            "uv": [ 14, 4, 15, 5 ],
            "texture": "#side"
        },
        "up": {
            "uv": [ 14, 4, 15, 5 ],
            "texture": "#top"
        },
        "north": {
            "uv": [ 14, 10, 15, 10.5 ],
            "texture": "#side"
        },
        "south": {
            "uv": [ 14, 10, 15, 10.5 ],
            "texture": "#side"
        },
        "west": {
            "uv": [ 4, 10, 5, 10.5 ],
            "texture": "#side"
        },
        "east": {
            "uv": [ 4, 10, 5, 10.5 ],
            "texture": "#side"
        }
    }
},
{

    "from": [ 11, 5.5, 4 ],
    "to": [ 12, 6, 5 ],
    "faces": {
        "down": {
            "uv": [ 11, 4, 12, 5 ],
            "texture": "#side"
        },
        "up": {
            "uv": [ 11, 4, 12, 5 ],
            "texture": "#top"
        },
        "north": {
            "uv": [ 11, 10, 12, 10.5 ],
            "texture": "#side"
        },
        "south": {
            "uv": [ 11, 10, 12, 10.5 ],
            "texture": "#side"
        },
        "west": {
            "uv": [ 4, 10, 5, 10.5 ],
            "texture": "#side"
        },
        "east": {
            "uv": [ 4, 10, 5, 10.5 ],
            "texture": "#side"
        }
    }
},
{

    "from": [ 9, 5.5, 1 ],
    "to": [ 10, 6, 2 ],
    "faces": {
        "down": {
            "uv": [ 9, 1, 10, 2 ],
            "texture": "#side"
        },
        "up": {
            "uv": [ 9, 1, 10, 2 ],
            "texture": "#top"
        },
        "north": {
            "uv": [ 9, 10, 10, 10.5 ],
            "texture": "#side"
        },
        "south": {
            "uv": [ 9, 10, 10, 10.5 ],
            "texture": "#side"
        },
        "west": {
            "uv": [ 1, 10, 2, 10.5 ],
            "texture": "#side"
        },
        "east": {
            "uv": [ 1, 10, 2, 10.5 ],
            "texture": "#side"
        }
    }
},
{

    "from": [ 1, 5.5, 9 ],
    "to": [ 2, 6, 10 ],
    "faces": {
        "down": {
            "uv": [ 1, 9, 2, 10 ],
            "texture": "#side"
        },
        "up": {
            "uv": [ 1, 9, 2, 10 ],
            "texture": "#top"
        },
        "north": {
            "uv": [ 1, 10, 2, 10.5 ],
            "texture": "#side"
        },
        "south": {
            "uv": [ 1, 10, 2, 10.5 ],
            "texture": "#side"
        },
        "west": {
            "uv": [ 9, 10, 10, 10.5 ],
            "texture": "#side"
        },
        "east": {
            "uv": [ 9, 10, 10, 10.5 ],
            "texture": "#side"
        }
    }
},
{

    "from": [ 4, 5.5, 9 ],
    "to": [ 5, 6, 10 ],
    "faces": {
        "down": {
            "uv": [ 4, 9, 5, 10 ],
            "texture": "#side"
        },
        "up": {
            "uv": [ 4, 9, 5, 10 ],
            "texture": "#top"
        },
        "north": {
            "uv": [ 4, 10, 5, 10.5 ],
            "texture": "#side"
        },
        "south": {
            "uv": [ 4, 10, 5, 10.5 ],
            "texture": "#side"
        },
        "west": {
            "uv": [ 9, 10, 10, 10.5 ],
            "texture": "#side"
        },
        "east": {
            "uv": [ 9, 10, 10, 10.5 ],
            "texture": "#side"
        }
    }
},
{

    "from": [ 9, 5.5, 4 ],
    "to": [ 10, 6, 5 ],
    "faces": {
        "down": {
            "uv": [ 9, 4, 10, 5 ],
            "texture": "#side"
        },
        "up": {
            "uv": [ 9, 4, 10, 5 ],
            "texture": "#top"
        },
        "north": {
            "uv": [ 9, 10, 10, 10.5 ],
            "texture": "#side"
        },
        "south": {
            "uv": [ 9, 10, 10, 10.5 ],
            "texture": "#side"
        },
        "west": {
            "uv": [ 4, 10, 5, 10.5 ],
            "texture": "#side"
        },
        "east": {
            "uv": [ 4, 10, 5, 10.5 ],
            "texture": "#side"
        }
    }
},
{

    "from": [ 6, 5.5, 6 ],
    "to": [ 7, 6, 7 ],
    "faces": {
        "down": {
            "uv": [ 6, 6, 7, 7 ],
            "texture": "#side"
        },
        "up": {
            "uv": [ 6, 6, 7, 7 ],
            "texture": "#top"
        },
        "north": {
            "uv": [ 6, 10, 7, 10.5 ],
            "texture": "#side"
        },
        "south": {
            "uv": [ 6, 10, 7, 10.5 ],
            "texture": "#side"
        },
        "west": {
            "uv": [ 6, 10, 7, 10.5 ],
            "texture": "#side"
        },
        "east": {
            "uv": [ 6, 10, 7, 10.5 ],
            "texture": "#side"
        }
    }
},
{

    "from": [ 11, 5.5, 1 ],
    "to": [ 12, 6, 2 ],
    "faces": {
        "down": {
            "uv": [ 11, 1, 12, 2 ],
            "texture": "#side"
        },
        "up": {
            "uv": [ 11, 1, 12, 2 ],
            "texture": "#top"
        },
        "north": {
            "uv": [ 11, 10, 12, 10.5 ],
            "texture": "#side"
        },
        "south": {
            "uv": [ 11, 10, 12, 10.5 ],
            "texture": "#side"
        },
        "west": {
            "uv": [ 1, 10, 2, 10.5 ],
            "texture": "#side"
        },
        "east": {
            "uv": [ 1, 10, 2, 10.5 ],
            "texture": "#side"
        }
    }
},
{

    "from": [ 14, 5.5, 1 ],
    "to": [ 15, 6, 2 ],
    "faces": {
        "down": {
            "uv": [ 14, 1, 15, 2 ],
            "texture": "#side"
        },
        "up": {
            "uv": [ 14, 1, 15, 2 ],
            "texture": "#top"
        },
        "north": {
            "uv": [ 14, 10, 15, 10.5 ],
            "texture": "#side"
        },
        "south": {
            "uv": [ 14, 10, 15, 10.5 ],
            "texture": "#side"
        },
        "west": {
            "uv": [ 1, 10, 2, 10.5 ],
            "texture": "#side"
        },
        "east": {
            "uv": [ 1, 10, 2, 10.5 ],
            "texture": "#side"
        }
    }
},
{

    "from": [ 9, 5.5, 6 ],
    "to": [ 10, 6, 7 ],
    "faces": {
        "down": {
            "uv": [ 9, 6, 10, 7 ],
            "texture": "#side"
        },
        "up": {
            "uv": [ 9, 6, 10, 7 ],
            "texture": "#top"
        },
        "north": {
            "uv": [ 9, 10, 10, 10.5 ],
            "texture": "#side"
        },
        "south": {
            "uv": [ 9, 10, 10, 10.5 ],
            "texture": "#side"
        },
        "west": {
            "uv": [ 6, 10, 7, 10.5 ],
            "texture": "#side"
        },
        "east": {
            "uv": [ 6, 10, 7, 10.5 ],
            "texture": "#side"
        }
    }
},
{

    "from": [ 11, 5.5, 6 ],
    "to": [ 12, 6, 7 ],
    "faces": {
        "down": {
            "uv": [ 11, 6, 12, 7 ],
            "texture": "#side"
        },
        "up": {
            "uv": [ 11, 6, 12, 7 ],
            "texture": "#top"
        },
        "north": {
            "uv": [ 11, 10, 12, 10.5 ],
            "texture": "#side"
        },
        "south": {
            "uv": [ 11, 10, 12, 10.5 ],
            "texture": "#side"
        },
        "west": {
            "uv": [ 6, 10, 7, 10.5 ],
            "texture": "#side"
        },
        "east": {
            "uv": [ 6, 10, 7, 10.5 ],
            "texture": "#side"
        }
    }
},
{

    "from": [ 6, 5.5, 9 ],
    "to": [ 7, 6, 10 ],
    "faces": {
        "down": {
            "uv": [ 6, 9, 7, 10 ],
            "texture": "#side"
        },
        "up": {
            "uv": [ 6, 9, 7, 10 ],
            "texture": "#top"
        },
        "north": {
            "uv": [ 6, 10, 7, 10.5 ],
            "texture": "#side"
        },
        "south": {
            "uv": [ 6, 10, 7, 10.5 ],
            "texture": "#side"
        },
        "west": {
            "uv": [ 9, 10, 10, 10.5 ],
            "texture": "#side"
        },
        "east": {
            "uv": [ 9, 10, 10, 10.5 ],
            "texture": "#side"
        }
    }
},
{

    "from": [ 9, 5.5, 9 ],
    "to": [ 10, 6, 10 ],
    "faces": {
        "down": {
            "uv": [ 9, 9, 10, 10 ],
            "texture": "#side"
        },
        "up": {
            "uv": [ 9, 9, 10, 10 ],
            "texture": "#top"
        },
        "north": {
            "uv": [ 9, 10, 10, 10.5 ],
            "texture": "#side"
        },
        "south": {
            "uv": [ 9, 10, 10, 10.5 ],
            "texture": "#side"
        },
        "west": {
            "uv": [ 9, 10, 10, 10.5 ],
            "texture": "#side"
        },
        "east": {
            "uv": [ 9, 10, 10, 10.5 ],
            "texture": "#side"
        }
    }
},
{

    "from": [ 14, 5.5, 9 ],
    "to": [ 15, 6, 10 ],
    "faces": {
        "down": {
            "uv": [ 14, 9, 15, 10 ],
            "texture": "#side"
        },
        "up": {
            "uv": [ 14, 9, 15, 10 ],
            "texture": "#top"
        },
        "north": {
            "uv": [ 14, 10, 15, 10.5 ],
            "texture": "#side"
        },
        "south": {
            "uv": [ 14, 10, 15, 10.5 ],
            "texture": "#side"
        },
        "west": {
            "uv": [ 9, 10, 10, 10.5 ],
            "texture": "#side"
        },
        "east": {
            "uv": [ 9, 10, 10, 10.5 ],
            "texture": "#side"
        }
    }
},
{

    "from": [ 14, 5.5, 6 ],
    "to": [ 15, 6, 7 ],
    "faces": {
        "down": {
            "uv": [ 14, 6, 15, 7 ],
            "texture": "#side"
        },
        "up": {
            "uv": [ 14, 6, 15, 7 ],
            "texture": "#top"
        },
        "north": {
            "uv": [ 14, 10, 15, 10.5 ],
            "texture": "#side"
        },
        "south": {
            "uv": [ 14, 10, 15, 10.5 ],
            "texture": "#side"
        },
        "west": {
            "uv": [ 6, 10, 7, 10.5 ],
            "texture": "#side"
        },
        "east": {
            "uv": [ 6, 10, 7, 10.5 ],
            "texture": "#side"
        }
    }
},
{

    "from": [ 11, 5.5, 9 ],
    "to": [ 12, 6, 10 ],
    "faces": {
        "down": {
            "uv": [ 11, 9, 12, 10 ],
            "texture": "#side"
        },
        "up": {
            "uv": [ 11, 9, 12, 10 ],
            "texture": "#top"
        },
        "north": {
            "uv": [ 11, 10, 12, 10.5 ],
            "texture": "#side"
        },
        "south": {
            "uv": [ 11, 10, 12, 10.5 ],
            "texture": "#side"
        },
        "west": {
            "uv": [ 9, 10, 10, 10.5 ],
            "texture": "#side"
        },
        "east": {
            "uv": [ 9, 10, 10, 10.5 ],
            "texture": "#side"
        }
    }
},
{

    "from": [ 1, 5.5, 11 ],
    "to": [ 2, 6, 12 ],
    "faces": {
        "down": {
            "uv": [ 1, 11, 2, 12 ],
            "texture": "#side"
        },
        "up": {
            "uv": [ 1, 11, 2, 12 ],
            "texture": "#top"
        },
        "north": {
            "uv": [ 1, 10, 2, 10.5 ],
            "texture": "#side"
        },
        "south": {
            "uv": [ 1, 10, 2, 10.5 ],
            "texture": "#side"
        },
        "west": {
            "uv": [ 11, 10, 12, 10.5 ],
            "texture": "#side"
        },
        "east": {
            "uv": [ 11, 10, 12, 10.5 ],
            "texture": "#side"
        }
    }
},
{

    "from": [ 11, 5.5, 11 ],
    "to": [ 12, 6, 12 ],
    "faces": {
        "down": {
            "uv": [ 11, 11, 12, 12 ],
            "texture": "#side"
        },
        "up": {
            "uv": [ 11, 11, 12, 12 ],
            "texture": "#top"
        },
        "north": {
            "uv": [ 11, 10, 12, 10.5 ],
            "texture": "#side"
        },
        "south": {
            "uv": [ 11, 10, 12, 10.5 ],
            "texture": "#side"
        },
        "west": {
            "uv": [ 11, 10, 12, 10.5 ],
            "texture": "#side"
        },
        "east": {
            "uv": [ 11, 10, 12, 10.5 ],
            "texture": "#side"
        }
    }
},
{

    "from": [ 1, 5.5, 14 ],
    "to": [ 2, 6, 15 ],
    "faces": {
        "down": {
            "uv": [ 1, 14, 2, 15 ],
            "texture": "#side"
        },
        "up": {
            "uv": [ 1, 14, 2, 15 ],
            "texture": "#top"
        },
        "north": {
            "uv": [ 1, 10, 2, 10.5 ],
            "texture": "#side"
        },
        "south": {
            "uv": [ 1, 10, 2, 10.5 ],
            "texture": "#side"
        },
        "west": {
            "uv": [ 14, 10, 15, 10.5 ],
            "texture": "#side"
        },
        "east": {
            "uv": [ 14, 10, 15, 10.5 ],
            "texture": "#side"
        }
    }
},
{

    "from": [ 4, 5.5, 11 ],
    "to": [ 5, 6, 12 ],
    "faces": {
        "down": {
            "uv": [ 4, 11, 5, 12 ],
            "texture": "#side"
        },
        "up": {
            "uv": [ 4, 11, 5, 12 ],
            "texture": "#top"
        },
        "north": {
            "uv": [ 4, 10, 5, 10.5 ],
            "texture": "#side"
        },
        "south": {
            "uv": [ 4, 10, 5, 10.5 ],
            "texture": "#side"
        },
        "west": {
            "uv": [ 11, 10, 12, 10.5 ],
            "texture": "#side"
        },
        "east": {
            "uv": [ 11, 10, 12, 10.5 ],
            "texture": "#side"
        }
    }
},
{

    "from": [ 6, 5.5, 14 ],
    "to": [ 7, 6, 15 ],
    "faces": {
        "down": {
            "uv": [ 6, 14, 7, 15 ],
            "texture": "#side"
        },
        "up": {
            "uv": [ 6, 14, 7, 15 ],
            "texture": "#top"
        },
        "north": {
            "uv": [ 6, 10, 7, 10.5 ],
            "texture": "#side"
        },
        "south": {
            "uv": [ 6, 10, 7, 10.5 ],
            "texture": "#side"
        },
        "west": {
            "uv": [ 14, 10, 15, 10.5 ],
            "texture": "#side"
        },
        "east": {
            "uv": [ 14, 10, 15, 10.5 ],
            "texture": "#side"
        }
    }
},
{

    "from": [ 6, 5.5, 11 ],
    "to": [ 7, 6, 12 ],
    "faces": {
        "down": {
            "uv": [ 6, 11, 7, 12 ],
            "texture": "#side"
        },
        "up": {
            "uv": [ 6, 11, 7, 12 ],
            "texture": "#top"
        },
        "north": {
            "uv": [ 6, 10, 7, 10.5 ],
            "texture": "#side"
        },
        "south": {
            "uv": [ 6, 10, 7, 10.5 ],
            "texture": "#side"
        },
        "west": {
            "uv": [ 11, 10, 12, 10.5 ],
            "texture": "#side"
        },
        "east": {
            "uv": [ 11, 10, 12, 10.5 ],
            "texture": "#side"
        }
    }
},
{

    "from": [ 4, 5.5, 14 ],
    "to": [ 5, 6, 15 ],
    "faces": {
        "down": {
            "uv": [ 4, 14, 5, 15 ],
            "texture": "#side"
        },
        "up": {
            "uv": [ 4, 14, 5, 15 ],
            "texture": "#top"
        },
        "north": {
            "uv": [ 4, 10, 5, 10.5 ],
            "texture": "#side"
        },
        "south": {
            "uv": [ 4, 10, 5, 10.5 ],
            "texture": "#side"
        },
        "west": {
            "uv": [ 14, 10, 15, 10.5 ],
            "texture": "#side"
        },
        "east": {
            "uv": [ 14, 10, 15, 10.5 ],
            "texture": "#side"
        }
    }
},
{

    "from": [ 9, 5.5, 11 ],
    "to": [ 10, 6, 12 ],
    "faces": {
        "down": {
            "uv": [ 9, 11, 10, 12 ],
            "texture": "#side"
        },
        "up": {
            "uv": [ 9, 11, 10, 12 ],
            "texture": "#top"
        },
        "north": {
            "uv": [ 9, 10, 10, 10.5 ],
            "texture": "#side"
        },
        "south": {
            "uv": [ 9, 10, 10, 10.5 ],
            "texture": "#side"
        },
        "west": {
            "uv": [ 11, 10, 12, 10.5 ],
            "texture": "#side"
        },
        "east": {
            "uv": [ 11, 10, 12, 10.5 ],
            "texture": "#side"
        }
    }
},
{

    "from": [ 14, 5.5, 14 ],
    "to": [ 15, 6, 15 ],
    "faces": {
        "down": {
            "uv": [ 14, 14, 15, 15 ],
            "texture": "#side"
        },
        "up": {
            "uv": [ 14, 14, 15, 15 ],
            "texture": "#top"
        },
        "north": {
            "uv": [ 14, 10, 15, 10.5 ],
            "texture": "#side"
        },
        "south": {
            "uv": [ 14, 10, 15, 10.5 ],
            "texture": "#side"
        },
        "west": {
            "uv": [ 14, 10, 15, 10.5 ],
            "texture": "#side"
        },
        "east": {
            "uv": [ 14, 10, 15, 10.5 ],
            "texture": "#side"
        }
    }
},
{

    "from": [ 14, 5.5, 11 ],
    "to": [ 15, 6, 12 ],
    "faces": {
        "down": {
            "uv": [ 14, 11, 15, 12 ],
            "texture": "#side"
        },
        "up": {
            "uv": [ 14, 11, 15, 12 ],
            "texture": "#top"
        },
        "north": {
            "uv": [ 14, 10, 15, 10.5 ],
            "texture": "#side"
        },
        "south": {
            "uv": [ 14, 10, 15, 10.5 ],
            "texture": "#side"
        },
        "west": {
            "uv": [ 11, 10, 12, 10.5 ],
            "texture": "#side"
        },
        "east": {
            "uv": [ 11, 10, 12, 10.5 ],
            "texture": "#side"
        }
    }
},
{

    "from": [ 11, 5.5, 14 ],
    "to": [ 12, 6, 15 ],
    "faces": {
        "down": {
            "uv": [ 11, 14, 12, 15 ],
            "texture": "#side"
        },
        "up": {
            "uv": [ 11, 14, 12, 15 ],
            "texture": "#top"
        },
        "north": {
            "uv": [ 11, 10, 12, 10.5 ],
            "texture": "#side"
        },
        "south": {
            "uv": [ 11, 10, 12, 10.5 ],
            "texture": "#side"
        },
        "west": {
            "uv": [ 14, 10, 15, 10.5 ],
            "texture": "#side"
        },
        "east": {
            "uv": [ 14, 10, 15, 10.5 ],
            "texture": "#side"
        }
    }
},
{
    "from": [ 9, 5.5, 14 ],
    "to": [ 10, 6, 15 ],
    "faces": {
        "down": {"uv": [ 9, 14, 10, 15 ], "texture": "#side"},
        "up": {"uv": [ 9, 14, 10, 15 ], "texture": "#top"},
        "north": {"uv": [ 9, 10, 10, 10.5 ], "texture": "#side"},
        "south": {"uv": [ 9, 10, 10, 10.5 ], "texture": "#side"},
        "west": {"uv": [ 14, 10, 15, 10.5 ], "texture": "#side"},
		"east": {"uv": [ 14, 10, 15, 10.5 ], "texture": "#side"}
			}
		}
    ]
}
