{"__createdwith":"opl's Model Maker","ambientocclusion":false,"textures":{"deadbussh":"blocks/deadbush","particle":"blocks/deadbush"},"elements":[{"from":[8,0,7],"to":[9,16,8],"faces":{"up":{"uv":[8,0,9,1],"texture":"#deadbussh"},"down":{"uv":[8,15,9,16],"texture":"#deadbussh"},"west":{"uv":[8,0,9,16],"texture":"#deadbussh"},"east":{"uv":[8,0,9,16],"texture":"#deadbussh"},"north":{"texture":"#deadbussh"},"south":{"texture":"#deadbussh"}}},{"from":[9,0,6],"to":[10,7,7],"faces":{"up":{"uv":[9,9,10,10],"texture":"#deadbussh"},"down":{"uv":[9,15,10,16],"texture":"#deadbussh"},"west":{"uv":[9,9,10,16],"texture":"#deadbussh"},"east":{"uv":[9,9,10,16],"texture":"#deadbussh"},"north":{"texture":"#deadbussh"},"south":{"texture":"#deadbussh"}}},{"from":[9,8,6],"to":[10,12,7],"faces":{"up":{"uv":[9,4,10,5],"texture":"#deadbussh"},"down":{"uv":[9,7,10,8],"texture":"#deadbussh"},"west":{"uv":[9,4,10,8],"texture":"#deadbussh"},"east":{"uv":[9,4,10,8],"texture":"#deadbussh"},"north":{"texture":"#deadbussh"},"south":{"texture":"#deadbussh"}}},{"from":[10,4,5],"to":[11,7,6],"faces":{"up":{"uv":[10,9,11,10],"texture":"#deadbussh"},"down":{"uv":[10,11,11,12],"texture":"#deadbussh"},"west":{"uv":[10,9,11,12],"texture":"#deadbussh"},"east":{"uv":[10,9,11,12],"texture":"#deadbussh"},"north":{"texture":"#deadbussh"},"south":{"texture":"#deadbussh"}}},{"from":[10,9,5],"to":[11,12,6],"faces":{"up":{"uv":[10,4,11,5],"texture":"#deadbussh"},"down":{"uv":[10,6,11,7],"texture":"#deadbussh"},"west":{"uv":[10,4,11,7],"texture":"#deadbussh"},"east":{"uv":[10,4,11,7],"texture":"#deadbussh"},"north":{"texture":"#deadbussh"},"south":{"texture":"#deadbussh"}}},{"from":[11,10,4],"to":[12,12,5],"faces":{"up":{"texture":"#deadbussh"},"down":{"uv":[11,5,12,6],"texture":"#deadbussh"},"west":{"uv":[11,4,12,6],"texture":"#deadbussh"},"east":{"uv":[11,4,12,6],"texture":"#deadbussh"},"north":{"texture":"#deadbussh"},"south":{"texture":"#deadbussh"}}},{"from":[11,6,4],"to":[12,8,5],"faces":{"up":{"uv":[11,8,12,9],"texture":"#deadbussh"},"down":{"uv":[11,9,12,10],"texture":"#deadbussh"},"west":{"uv":[11,8,12,10],"texture":"#deadbussh"},"east":{"uv":[11,8,12,10],"texture":"#deadbussh"},"north":{"texture":"#deadbussh"},"south":{"texture":"#deadbussh"}}},{"from":[12,9,3],"to":[13,14,4],"faces":{"up":{"uv":[12,2,13,3],"texture":"#deadbussh"},"down":{"uv":[12,6,13,7],"texture":"#deadbussh"},"west":{"uv":[12,2,13,7],"texture":"#deadbussh"},"east":{"uv":[12,2,13,7],"texture":"#deadbussh"},"north":{"texture":"#deadbussh"},"south":{"texture":"#deadbussh"}}},{"from":[12,5,3],"to":[13,7,4],"faces":{"up":{"uv":[12,9,13,10],"texture":"#deadbussh"},"down":{"uv":[12,10,13,11],"texture":"#deadbussh"},"west":{"uv":[12,9,13,11],"texture":"#deadbussh"},"east":{"uv":[12,9,13,11],"texture":"#deadbussh"},"north":{"texture":"#deadbussh"},"south":{"texture":"#deadbussh"}}},{"from":[13,12,2],"to":[14,13,3],"faces":{"up":{"uv":[13,3,14,4],"texture":"#deadbussh"},"down":{"uv":[13,3,14,4],"texture":"#deadbussh"},"west":{"uv":[13,3,14,4],"texture":"#deadbussh"},"east":{"uv":[13,3,14,4],"texture":"#deadbussh"},"north":{"texture":"#deadbussh"},"south":{"texture":"#deadbussh"}}},{"from":[13,10,2],"to":[14,11,3],"faces":{"up":{"uv":[13,5,14,6],"texture":"#deadbussh"},"down":{"uv":[13,5,14,6],"texture":"#deadbussh"},"west":{"uv":[13,5,14,6],"texture":"#deadbussh"},"east":{"uv":[13,5,14,6],"texture":"#deadbussh"},"north":{"texture":"#deadbussh"},"south":{"texture":"#deadbussh"}}},{"from":[13,5,2],"to":[14,7,3],"faces":{"up":{"uv":[13,9,14,10],"texture":"#deadbussh"},"down":{"uv":[13,10,14,11],"texture":"#deadbussh"},"west":{"uv":[13,9,14,11],"texture":"#deadbussh"},"east":{"uv":[13,9,14,11],"texture":"#deadbussh"},"north":{"texture":"#deadbussh"},"south":{"texture":"#deadbussh"}}},{"from":[14,4,1],"to":[15,6,2],"faces":{"up":{"uv":[14,10,15,11],"texture":"#deadbussh"},"down":{"uv":[14,11,15,12],"texture":"#deadbussh"},"west":{"uv":[14,10,15,12],"texture":"#deadbussh"},"east":{"uv":[14,10,15,12],"texture":"#deadbussh"},"north":{"texture":"#deadbussh"},"south":{"texture":"#deadbussh"}}},{"from":[7,0,8],"to":[8,4,9],"faces":{"up":{"uv":[7,12,8,13],"texture":"#deadbussh"},"down":{"uv":[7,15,8,16],"texture":"#deadbussh"},"west":{"uv":[7,12,8,16],"texture":"#deadbussh"},"east":{"uv":[7,12,8,16],"texture":"#deadbussh"},"north":{"texture":"#deadbussh"},"south":{"texture":"#deadbussh"}}},{"from":[7,5,8],"to":[8,10,9],"faces":{"up":{"uv":[7,6,8,7],"texture":"#deadbussh"},"down":{"uv":[7,10,8,11],"texture":"#deadbussh"},"west":{"uv":[7,6,8,11],"texture":"#deadbussh"},"east":{"uv":[7,6,8,11],"texture":"#deadbussh"},"north":{"texture":"#deadbussh"},"south":{"texture":"#deadbussh"}}},{"from":[7,11,8],"to":[8,14,9],"faces":{"up":{"uv":[7,2,8,3],"texture":"#deadbussh"},"down":{"uv":[7,4,8,5],"texture":"#deadbussh"},"west":{"uv":[7,2,8,5],"texture":"#deadbussh"},"east":{"uv":[7,2,8,5],"texture":"#deadbussh"},"north":{"texture":"#deadbussh"},"south":{"texture":"#deadbussh"}}},{"from":[6,6,9],"to":[7,10,10],"faces":{"up":{"uv":[6,6,7,7],"texture":"#deadbussh"},"down":{"texture":"#deadbussh"},"west":{"uv":[6,6,7,10],"texture":"#deadbussh"},"east":{"uv":[6,6,7,10],"texture":"#deadbussh"},"north":{"texture":"#deadbussh"},"south":{"texture":"#deadbussh"}}},{"from":[5,5,10],"to":[6,8,11],"faces":{"up":{"uv":[5,8,6,9],"texture":"#deadbussh"},"down":{"texture":"#deadbussh"},"west":{"uv":[5,8,6,11],"texture":"#deadbussh"},"east":{"uv":[5,8,6,11],"texture":"#deadbussh"},"north":{"texture":"#deadbussh"},"south":{"texture":"#deadbussh"}}},{"from":[5,9,10],"to":[6,11,11],"faces":{"up":{"uv":[5,5,6,6],"texture":"#deadbussh"},"down":{"uv":[5,6,6,7],"texture":"#deadbussh"},"west":{"uv":[5,5,6,7],"texture":"#deadbussh"},"east":{"uv":[5,5,6,7],"texture":"#deadbussh"},"north":{"texture":"#deadbussh"},"south":{"texture":"#deadbussh"}}},{"from":[4,3,11],"to":[5,7,12],"faces":{"up":{"uv":[4,9,5,10],"texture":"#deadbussh"},"down":{"uv":[4,12,5,13],"texture":"#deadbussh"},"west":{"uv":[4,9,5,13],"texture":"#deadbussh"},"east":{"uv":[4,9,5,13],"texture":"#deadbussh"},"north":{"texture":"#deadbussh"},"south":{"texture":"#deadbussh"}}},{"from":[4,10,11],"to":[5,12,12],"faces":{"up":{"uv":[4,4,5,5],"texture":"#deadbussh"},"down":{"uv":[4,5,5,6],"texture":"#deadbussh"},"west":{"uv":[4,4,5,6],"texture":"#deadbussh"},"east":{"uv":[4,4,5,6],"texture":"#deadbussh"},"north":{"texture":"#deadbussh"},"south":{"texture":"#deadbussh"}}},{"from":[3,5,12],"to":[4,7,13],"faces":{"up":{"uv":[3,9,4,10],"texture":"#deadbussh"},"down":{"uv":[3,10,4,11],"texture":"#deadbussh"},"west":{"uv":[3,9,4,11],"texture":"#deadbussh"},"east":{"uv":[3,9,4,11],"texture":"#deadbussh"},"north":{"texture":"#deadbussh"},"south":{"texture":"#deadbussh"}}},{"from":[3,11,12],"to":[4,12,13],"faces":{"up":{"uv":[3,4,4,5],"texture":"#deadbussh"},"down":{"uv":[3,4,4,5],"texture":"#deadbussh"},"west":{"uv":[3,4,4,5],"texture":"#deadbussh"},"east":{"uv":[3,4,4,5],"texture":"#deadbussh"},"north":{"texture":"#deadbussh"},"south":{"texture":"#deadbussh"}}},{"from":[2,6,12.5],"to":[3,7,14],"faces":{"up":{"uv":[2,9,3,10],"texture":"#deadbussh"},"down":{"uv":[2,9,3,10],"texture":"#deadbussh"},"west":{"uv":[2,9,3,10],"texture":"#deadbussh"},"east":{"uv":[2,9,3,10],"texture":"#deadbussh"},"north":{"texture":"#deadbussh"},"south":{"texture":"#deadbussh"}}},{"from":[1,6,14],"to":[2,7,15],"faces":{"up":{"uv":[1,9,2,10],"texture":"#deadbussh"},"down":{"uv":[1,9,2,10],"texture":"#deadbussh"},"west":{"uv":[1,9,2,10],"texture":"#deadbussh"},"east":{"uv":[1,9,2,10],"texture":"#deadbussh"},"north":{"texture":"#deadbussh"},"south":{"texture":"#deadbussh"}}},{"from":[9,0,8],"to":[10,7,9],"faces":{"up":{"uv":[9,9,10,10],"texture":"#deadbussh"},"down":{"uv":[9,15,10,16],"texture":"#deadbussh"},"west":{"uv":[9,9,10,16],"texture":"#deadbussh"},"east":{"uv":[9,9,10,16],"texture":"#deadbussh"},"north":{"texture":"#deadbussh"},"south":{"texture":"#deadbussh"}}},{"from":[9,8,8],"to":[10,12,9],"faces":{"up":{"uv":[9,4,10,5],"texture":"#deadbussh"},"down":{"uv":[9,7,10,8],"texture":"#deadbussh"},"west":{"uv":[9,4,10,8],"texture":"#deadbussh"},"east":{"uv":[9,4,10,8],"texture":"#deadbussh"},"north":{"texture":"#deadbussh"},"south":{"texture":"#deadbussh"}}},{"from":[10,4,9],"to":[11,7,10],"faces":{"up":{"uv":[10,9,11,10],"texture":"#deadbussh"},"down":{"uv":[10,11,11,12],"texture":"#deadbussh"},"west":{"uv":[10,9,11,12],"texture":"#deadbussh"},"east":{"uv":[10,9,11,12],"texture":"#deadbussh"},"north":{"texture":"#deadbussh"},"south":{"texture":"#deadbussh"}}},{"from":[10,9,9],"to":[11,12,10],"faces":{"up":{"uv":[10,4,11,5],"texture":"#deadbussh"},"down":{"uv":[10,6,11,7],"texture":"#deadbussh"},"west":{"uv":[10,4,11,7],"texture":"#deadbussh"},"east":{"uv":[10,4,11,7],"texture":"#deadbussh"},"north":{"texture":"#deadbussh"},"south":{"texture":"#deadbussh"}}},{"from":[11,6,10],"to":[12,8,11],"faces":{"up":{"uv":[11,8,12,9],"texture":"#deadbussh"},"down":{"uv":[11,9,12,10],"texture":"#deadbussh"},"west":{"uv":[11,8,12,10],"texture":"#deadbussh"},"east":{"uv":[11,8,12,10],"texture":"#deadbussh"},"north":{"texture":"#deadbussh"},"south":{"texture":"#deadbussh"}}},{"from":[11,10,10],"to":[12,12,11],"faces":{"up":{"uv":[11,4,12,5],"texture":"#deadbussh"},"down":{"uv":[11,5,12,6],"texture":"#deadbussh"},"west":{"uv":[11,4,12,6],"texture":"#deadbussh"},"east":{"uv":[11,4,12,6],"texture":"#deadbussh"},"north":{"texture":"#deadbussh"},"south":{"texture":"#deadbussh"}}},{"from":[12,5,11],"to":[13,7,12],"faces":{"up":{"uv":[12,9,13,10],"texture":"#deadbussh"},"down":{"uv":[12,10,13,11],"texture":"#deadbussh"},"west":{"uv":[12,9,13,11],"texture":"#deadbussh"},"east":{"uv":[12,9,13,11],"texture":"#deadbussh"},"north":{"texture":"#deadbussh"},"south":{"texture":"#deadbussh"}}},{"from":[12,9,11],"to":[13,14,12],"faces":{"up":{"uv":[12,2,13,3],"texture":"#deadbussh"},"down":{"uv":[12,6,13,7],"texture":"#deadbussh"},"west":{"uv":[12,2,13,7],"texture":"#deadbussh"},"east":{"uv":[12,2,13,7],"texture":"#deadbussh"},"north":{"texture":"#deadbussh"},"south":{"texture":"#deadbussh"}}},{"from":[13,12,12],"to":[14,13,13],"faces":{"up":{"uv":[13,3,14,4],"texture":"#deadbussh"},"down":{"uv":[13,3,14,4],"texture":"#deadbussh"},"west":{"uv":[13,3,14,4],"texture":"#deadbussh"},"east":{"uv":[13,3,14,4],"texture":"#deadbussh"},"north":{"texture":"#deadbussh"},"south":{"texture":"#deadbussh"}}},{"from":[13,10,12],"to":[14,11,13],"faces":{"up":{"uv":[13,5,14,6],"texture":"#deadbussh"},"down":{"uv":[13,5,14,6],"texture":"#deadbussh"},"west":{"uv":[13,5,14,6],"texture":"#deadbussh"},"east":{"uv":[13,5,14,6],"texture":"#deadbussh"},"north":{"texture":"#deadbussh"},"south":{"texture":"#deadbussh"}}},{"from":[13,5,12],"to":[14,7,13],"faces":{"up":{"uv":[13,9,14,10],"texture":"#deadbussh"},"down":{"uv":[13,10,14,11],"texture":"#deadbussh"},"west":{"uv":[13,9,14,11],"texture":"#deadbussh"},"east":{"uv":[13,9,14,11],"texture":"#deadbussh"},"north":{"texture":"#deadbussh"},"south":{"texture":"#deadbussh"}}},{"from":[14,4,13],"to":[15,6,14],"faces":{"up":{"uv":[14,10,15,11],"texture":"#deadbussh"},"down":{"uv":[14,11,15,12],"texture":"#deadbussh"},"west":{"uv":[14,10,15,12],"texture":"#deadbussh"},"east":{"uv":[14,10,15,12],"texture":"#deadbussh"},"north":{"texture":"#deadbussh"},"south":{"texture":"#deadbussh"}}},{"from":[7,0,6],"to":[8,4,7],"faces":{"up":{"uv":[7,12,8,13],"texture":"#deadbussh"},"down":{"uv":[7,15,8,16],"texture":"#deadbussh"},"west":{"uv":[7,12,8,16],"texture":"#deadbussh"},"east":{"uv":[7,12,8,16],"texture":"#deadbussh"},"north":{"texture":"#deadbussh"},"south":{"texture":"#deadbussh"}}},{"from":[7,5,6],"to":[8,10,7],"faces":{"up":{"texture":"#deadbussh"},"down":{"uv":[7,10,8,11],"texture":"#deadbussh"},"west":{"uv":[7,6,8,11],"texture":"#deadbussh"},"east":{"uv":[7,6,8,11],"texture":"#deadbussh"},"north":{"texture":"#deadbussh"},"south":{"texture":"#deadbussh"}}},{"from":[7,11,6],"to":[8,14,7],"faces":{"up":{"uv":[7,2,8,3],"texture":"#deadbussh"},"down":{"uv":[7,4,8,5],"texture":"#deadbussh"},"west":{"uv":[7,2,8,5],"texture":"#deadbussh"},"east":{"uv":[7,2,8,5],"texture":"#deadbussh"},"north":{"texture":"#deadbussh"},"south":{"texture":"#deadbussh"}}},{"from":[6,6,5],"to":[7,10,6],"faces":{"up":{"uv":[6,6,7,7],"texture":"#deadbussh"},"down":{"uv":[6,9,7,10],"texture":"#deadbussh"},"west":{"uv":[6,6,7,10],"texture":"#deadbussh"},"east":{"uv":[6,6,7,10],"texture":"#deadbussh"},"north":{"texture":"#deadbussh"},"south":{"texture":"#deadbussh"}}},{"from":[5,5,4],"to":[6,8,5],"faces":{"up":{"uv":[5,8,6,9],"texture":"#deadbussh"},"down":{"uv":[5,10,6,11],"texture":"#deadbussh"},"west":{"uv":[5,8,6,11],"texture":"#deadbussh"},"east":{"uv":[5,8,6,11],"texture":"#deadbussh"},"north":{"texture":"#deadbussh"},"south":{"texture":"#deadbussh"}}},{"from":[5,9,4],"to":[6,11,5],"faces":{"up":{"uv":[5,5,6,6],"texture":"#deadbussh"},"down":{"uv":[5,6,6,7],"texture":"#deadbussh"},"west":{"uv":[5,5,6,7],"texture":"#deadbussh"},"east":{"uv":[5,5,6,7],"texture":"#deadbussh"},"north":{"texture":"#deadbussh"},"south":{"texture":"#deadbussh"}}},{"from":[4,3,3],"to":[5,7,4],"faces":{"up":{"uv":[4,9,5,10],"texture":"#deadbussh"},"down":{"uv":[4,12,5,13],"texture":"#deadbussh"},"west":{"uv":[4,9,5,13],"texture":"#deadbussh"},"east":{"uv":[4,9,5,13],"texture":"#deadbussh"},"north":{"texture":"#deadbussh"},"south":{"texture":"#deadbussh"}}},{"from":[4,10,3],"to":[5,12,4],"faces":{"up":{"uv":[4,4,5,5],"texture":"#deadbussh"},"down":{"uv":[4,5,5,6],"texture":"#deadbussh"},"west":{"uv":[4,4,5,6],"texture":"#deadbussh"},"east":{"uv":[4,4,5,6],"texture":"#deadbussh"},"north":{"texture":"#deadbussh"},"south":{"texture":"#deadbussh"}}},{"from":[3,11,2],"to":[4,12,3],"faces":{"up":{"uv":[3,4,4,5],"texture":"#deadbussh"},"down":{"uv":[3,4,4,5],"texture":"#deadbussh"},"west":{"uv":[3,4,4,5],"texture":"#deadbussh"},"east":{"uv":[3,4,4,5],"texture":"#deadbussh"},"north":{"texture":"#deadbussh"},"south":{"texture":"#deadbussh"}}},{"from":[3,5,2],"to":[4,7,3],"faces":{"up":{"uv":[3,9,4,10],"texture":"#deadbussh"},"down":{"uv":[3,10,4,11],"texture":"#deadbussh"},"west":{"uv":[3,9,4,11],"texture":"#deadbussh"},"east":{"uv":[3,9,4,11],"texture":"#deadbussh"},"north":{"texture":"#deadbussh"},"south":{"texture":"#deadbussh"}}},{"from":[2,6,1],"to":[3,7,2],"faces":{"up":{"uv":[2,9,3,10],"texture":"#deadbussh"},"down":{"uv":[2,9,3,10],"texture":"#deadbussh"},"west":{"uv":[2,9,3,10],"texture":"#deadbussh"},"east":{"uv":[2,9,3,10],"texture":"#deadbussh"},"north":{"texture":"#deadbussh"},"south":{"texture":"#deadbussh"}}},{"from":[1,6,0],"to":[2,7,1],"faces":{"up":{"uv":[1,9,2,10],"texture":"#deadbussh"},"down":{"uv":[1,9,2,10],"texture":"#deadbussh"},"west":{"uv":[1,9,2,10],"texture":"#deadbussh"},"east":{"uv":[1,9,2,10],"texture":"#deadbussh"},"north":{"texture":"#deadbussh"},"south":{"texture":"#deadbussh"}}}]}