{
"__comment": "Designed by Glitcherdotbe with BDcraft Cubik PRO 0.95 Beta - http://bdcraft.net",
"textures": {
    "particle": "blocks/flower_pot",
    "texture": "blocks/flower_pot"
},
"elements": [ 
{
    "from": [ 5, 0, 5 ],
    "to": [ 11, 5, 11 ],
    "faces": {
        "down":  { "uv": [ 11, 16, 5, 11 ], "texture": "#texture" },
        "up":    { "uv": [ 5, 5, 11, 11 ], "texture": "#texture" },
        "north": { "uv": [ 5, 11, 11, 16 ], "texture": "#texture" },
        "south": { "uv": [ 5, 11, 11, 16 ], "texture": "#texture" },
        "west":  { "uv": [ 5, 11, 11, 16 ], "texture": "#texture" },
        "east":  { "uv": [ 5, 11, 11, 16 ], "texture": "#texture" }
    }
},
{
    "from": [ 5.5, 5, 5.5 ],
    "to": [ 6, 5.5, 10.5 ],
    "faces": {
        "down":  { "uv": [ 10.5, 10.5, 10, 5.5 ], "texture": "#texture" },
        "up":    { "uv": [ 5.5, 5.5, 6, 10.5 ], "texture": "#texture" },
        "north": { "uv": [ 10, 9.5, 10.5, 10 ], "texture": "#texture" },
        "south": { "uv": [ 5.5, 9.5, 6, 10 ], "texture": "#texture" },
        "west":  { "uv": [ 5.5, 10, 10.5, 10.5 ], "texture": "#texture" },
        "east":  { "uv": [ 5.5, 10, 10.5, 10.5 ], "texture": "#texture" }
    }
},
{
    "from": [ 10, 5, 5.5 ],
    "to": [ 10.5, 5.5, 10.5 ],
    "faces": {
        "down":  { "uv": [ 6, 10.5, 5.5, 5.5 ], "texture": "#texture" },
        "up":    { "uv": [ 10, 5.5, 10.5, 10.5 ], "texture": "#texture" },
        "north": { "uv": [ 5.5, 9.5, 6, 10 ], "texture": "#texture" },
        "south": { "uv": [ 10, 9.5, 10.5, 10 ], "texture": "#texture" },
        "west":  { "uv": [ 5.5, 10, 10.5, 10.5 ], "texture": "#texture" },
        "east":  { "uv": [ 5.5, 10, 10.5, 10.5 ], "texture": "#texture" }
    }
},
{
    "from": [ 6, 5, 5.5 ],
    "to": [ 10, 5.5, 6 ],
    "faces": {
        "down":  { "uv": [ 10, 6, 6, 5.5 ], "texture": "#texture" },
        "up":    { "uv": [ 6, 5.5, 10, 6 ], "texture": "#texture" },
        "north": { "uv": [ 6, 10, 10, 10.5 ], "texture": "#texture" },
        "south": { "uv": [ 6, 10, 10, 10.5 ], "texture": "#texture" },
        "west":  { "uv": [ 5.5, 9.5, 6, 10 ], "texture": "#texture" },
        "east":  { "uv": [ 10, 9.5, 10.5, 10 ], "texture": "#texture" }
    }
},
{
    "from": [ 6, 5, 10 ],
    "to": [ 10, 5.5, 10.5 ],
    "faces": {
        "down":  { "uv": [ 10, 10.5, 6, 10 ], "texture": "#texture" },
        "up":    { "uv": [ 6, 10, 10, 10.5 ], "texture": "#texture" },
        "north": { "uv": [ 6, 10, 10, 10.5 ], "texture": "#texture" },
        "south": { "uv": [ 6, 10, 10, 10.5 ], "texture": "#texture" },
        "west":  { "uv": [ 10, 9.5, 10.5, 10 ], "texture": "#texture" },
        "east":  { "uv": [ 5.5, 9.5, 6, 10 ], "texture": "#texture" }
    }
},
{
    "from": [ 5, 5.5, 5 ],
    "to": [ 6, 6.5, 11 ],
    "faces": {
        "down":  { "uv": [ 11, 11, 10, 5 ], "texture": "#texture" },
        "up":    { "uv": [ 5, 5, 6, 11 ], "texture": "#texture" },
        "north": { "uv": [ 10, 8.5, 11, 9.5 ], "texture": "#texture" },
        "south": { "uv": [ 5, 8.5, 6, 9.5 ], "texture": "#texture" },
        "west":  { "uv": [ 5, 5, 11, 6 ], "texture": "#texture" },
        "east":  { "uv": [ 5, 10, 11, 11 ], "texture": "#texture" }
    }
},
{
    "from": [ 10, 5.5, 5 ],
    "to": [ 11, 6.5, 11 ],
    "faces": {
        "down":  { "uv": [ 6, 11, 5, 5 ], "texture": "#texture" },
        "up":    { "uv": [ 10, 5, 11, 11 ], "texture": "#texture" },
        "north": { "uv": [ 5, 8.5, 6, 9.5 ], "texture": "#texture" },
        "south": { "uv": [ 10, 8.5, 11, 9.5 ], "texture": "#texture" },
        "west":  { "uv": [ 5, 10, 11, 11 ], "texture": "#texture" },
        "east":  { "uv": [ 5, 5, 11, 6 ], "texture": "#texture" }
    }
},
{
    "from": [ 6, 5.5, 5 ],
    "to": [ 10, 6.5, 6 ],
    "faces": {
        "down":  { "uv": [ 10, 6, 6, 5 ], "texture": "#texture" },
        "up":    { "uv": [ 6, 10, 10, 11 ], "texture": "#texture" },
        "north": { "uv": [ 6, 5, 10, 6 ], "texture": "#texture" },
        "south": { "uv": [ 6, 10, 10, 11 ], "texture": "#texture" },
        "west":  { "uv": [ 5, 8.5, 6, 9.5 ], "texture": "#texture" },
        "east":  { "uv": [ 10, 8.5, 11, 9.5 ], "texture": "#texture" }
    }
},
{
    "from": [ 6, 5.5, 10 ],
    "to": [ 10, 6.5, 11 ],
    "faces": {
        "down":  { "uv": [ 10, 11, 6, 10 ], "texture": "#texture" },
        "up":    { "uv": [ 6, 10, 10, 11 ], "texture": "#texture" },
        "north": { "uv": [ 6, 10, 10, 11 ], "texture": "#texture" },
        "south": { "uv": [ 6, 5, 10, 6 ], "texture": "#texture" },
        "west":  { "uv": [ 10, 8.5, 11, 9.5 ], "texture": "#texture" },
        "east":  { "uv": [ 5, 8.5, 6, 9.5 ], "texture": "#texture" }
    }
},
{
    "from": [ 6, 5.4375, 6 ],
    "to": [ 10, 5.5, 10 ],
    "faces": {
        "down":  { "uv": [ 10, 5, 6, 1 ], "texture": "#texture" },
        "up":    { "uv": [ 6, 1, 10, 5 ], "texture": "#texture" }
    }
},
{
    "from": [ 8, 5, 2 ],
    "to": [ 8.0625, 17, 14 ],
    "faces": {
        "west":  { "uv": [ 0, 0, 16, 16 ], "texture": "#plant" },
        "east":  { "uv": [ 0, 0, 16, 16 ], "texture": "#plant" }
    }
},
{
    "from": [ 2, 5, 8 ],
    "to": [ 14, 17, 8.0625 ],
    "faces": {
        "north": { "uv": [ 0, 0, 16, 16 ], "texture": "#plant" },
        "south": { "uv": [ 0, 0, 16, 16 ], "texture": "#plant" }
    }
}
],
"display": {
    "thirdperson_righthand": {
        "rotation": [ 90, 0, -90 ],
        "translation": [ 2, 3, 2 ],
        "scale": [ 0.4, 0.4, 0.4 ]
    },
    "head": {
        "rotation": [ 90, 41, 13 ],
        "translation": [ 8.88, 6.99, 3.97 ],
        "scale": [ 0.5, 0.5, 0.5 ]
    },
    "ground": {
        "rotation": [ 0, 0, 0 ],
        "translation": [ 0, 0, 0 ],
        "scale": [ 0.3, 0.3, 0.3 ]
    },
    "fixed": {
        "rotation": [ 90, 0, 0 ],
        "translation": [ 0, 0, 1.8 ],
        "scale": [ 0.5, 0.5, 0.5 ]
    },
    "firstperson_righthand": {
        "rotation": [ 105, 0, -90 ],
        "translation": [ 1.8, 1.8, 0.6 ],
        "scale": [ 0.4, 0.4, 0.4 ]
    },
    "gui": {
        "rotation": [ 90, -10, 0 ],
        "translation": [ -0.5, 1.5, 0 ],
        "scale": [ 0.4, 0.4, 0.4 ]
    }
}
}