{
"__comment": "Designed by Glitcherdotbe with BDcraft Cubik PRO 0.95 Beta - http://bdcraft.net",
"textures": {
    "particle": "blocks/cobblestone",
    "texture1": "blocks/furnace_front_off",
    "texture2": "blocks/furnace_side",
    "texture3": "blocks/furnace_top",
    "texture4": "blocks/coal_block"
},
"elements": [ 
{
    "__comment": "Wall",
    "from": [ 0, 0, 0 ],
    "to": [ 1, 16, 16 ],
    "faces": {
        "down":  { "uv": [ 1, 16, 0, 0 ], "rotation": 180, "texture": "#texture2" },
        "up":    { "uv": [ 15, 0, 16, 16 ], "rotation": 180, "texture": "#texture2" },
        "north": { "uv": [ 15, 0, 16, 16 ], "texture": "#texture2" },
        "south": { "uv": [ 0, 0, 1, 16 ], "texture": "#texture2" },
        "west":  { "uv": [ 0, 0, 16, 16 ], "texture": "#texture2" },
        "east":  { "uv": [ 0, 0, 16, 16 ], "texture": "#texture2" }
    }
},
{
    "__comment": "Wall",
    "from": [ 15, 0, 0 ],
    "to": [ 16, 16, 16 ],
    "faces": {
        "down":  { "uv": [ 16, 16, 15, 0 ], "rotation": 180, "texture": "#texture2" },
        "up":    { "uv": [ 0, 0, 1, 16 ], "rotation": 180, "texture": "#texture2" },
        "north": { "uv": [ 0, 0, 1, 16 ], "texture": "#texture2" },
        "south": { "uv": [ 15, 0, 16, 16 ], "texture": "#texture2" },
        "west":  { "uv": [ 0, 0, 16, 16 ], "texture": "#texture2" },
        "east":  { "uv": [ 0, 0, 16, 16 ], "texture": "#texture2" }
    }
},
{
    "__comment": "Wall",
    "from": [ 1, 0, 15 ],
    "to": [ 15, 16, 16 ],
    "faces": {
        "down":  { "uv": [ 1, 0, 15, 1 ], "rotation": 180, "texture": "#texture2" },
        "up":    { "uv": [ 1, 0, 15, 1 ], "rotation": 180, "texture": "#texture2" },
        "north": { "uv": [ 1, 0, 15, 16 ], "texture": "#texture2" },
        "south": { "uv": [ 1, 0, 15, 16 ], "texture": "#texture2" },
        "west":  { "uv": [ 0, 0, 1, 16 ], "texture": "#texture2" },
        "east":  { "uv": [ 0, 0, 1, 16 ], "texture": "#texture2" }
    }
},
{
    "__comment": "Front",
    "from": [ 1, 12, 0 ],
    "to": [ 15, 15, 1 ],
    "faces": {
        "down":  { "uv": [ 15, 16, 1, 15 ], "rotation": 180, "texture": "#texture3" },
        "up":    { "uv": [ 1, 15, 15, 16 ], "rotation": 180, "texture": "#texture3" },
        "north": { "uv": [ 1, 1, 15, 4 ], "texture": "#texture1" },
        "south": { "uv": [ 1, 1, 15, 4 ], "texture": "#texture1" },
        "west":  { "uv": [ 0, 1, 1, 4 ], "texture": "#texture2" },
        "east":  { "uv": [ 15, 1, 16, 4 ], "texture": "#texture2" }
    }
},
{
    "__comment": "Front",
    "from": [ 11, 11, 0 ],
    "to": [ 15, 12, 1 ],
    "faces": {
        "down":  { "uv": [ 15, 16, 11, 15 ], "rotation": 180, "texture": "#texture3" },
        "up":    { "uv": [ 1, 15, 5, 16 ], "rotation": 180, "texture": "#texture3" },
        "north": { "uv": [ 1, 4, 5, 5 ], "texture": "#texture1" },
        "south": { "uv": [ 11, 4, 15, 5 ], "texture": "#texture1" },
        "west":  { "uv": [ 0, 4, 1, 5 ], "texture": "#texture2" },
        "east":  { "uv": [ 15, 4, 16, 5 ], "texture": "#texture2" }
    }
},
{
    "__comment": "Front",
    "from": [ 1, 11, 0 ],
    "to": [ 5, 12, 1 ],
    "faces": {
        "down":  { "uv": [ 5, 16, 1, 15 ], "rotation": 180, "texture": "#texture3" },
        "up":    { "uv": [ 11, 15, 15, 16 ], "rotation": 180, "texture": "#texture3" },
        "north": { "uv": [ 11, 4, 15, 5 ], "texture": "#texture1" },
        "south": { "uv": [ 1, 4, 5, 5 ], "texture": "#texture1" },
        "west":  { "uv": [ 0, 4, 1, 5 ], "texture": "#texture2" },
        "east":  { "uv": [ 15, 4, 16, 5 ], "texture": "#texture2" }
    }
},
{
    "__comment": "Front",
    "from": [ 1, 3, 0 ],
    "to": [ 4, 11, 1 ],
    "faces": {
        "down":  { "uv": [ 4, 16, 1, 15 ], "rotation": 180, "texture": "#texture3" },
        "up":    { "uv": [ 12, 15, 15, 16 ], "rotation": 180, "texture": "#texture3" },
        "north": { "uv": [ 12, 5, 15, 13 ], "texture": "#texture1" },
        "south": { "uv": [ 1, 5, 4, 13 ], "texture": "#texture1" },
        "west":  { "uv": [ 0, 5, 1, 13 ], "texture": "#texture2" },
        "east":  { "uv": [ 15, 5, 16, 13 ], "texture": "#texture2" }
    }
},
{
    "__comment": "Front",
    "from": [ 12, 3, 0 ],
    "to": [ 15, 11, 1 ],
    "faces": {
        "down":  { "uv": [ 15, 16, 12, 15 ], "rotation": 180, "texture": "#texture3" },
        "up":    { "uv": [ 1, 15, 4, 16 ], "rotation": 180, "texture": "#texture3" },
        "north": { "uv": [ 1, 5, 4, 13 ], "texture": "#texture1" },
        "south": { "uv": [ 12, 5, 15, 13 ], "texture": "#texture1" },
        "west":  { "uv": [ 0, 5, 1, 13 ], "texture": "#texture2" },
        "east":  { "uv": [ 15, 5, 16, 13 ], "texture": "#texture2" }
    }
},
{
    "__comment": "Front",
    "from": [ 4, 5, 0 ],
    "to": [ 12, 9, 1 ],
    "faces": {
        "down":  { "uv": [ 12, 16, 4, 15 ], "rotation": 180, "texture": "#texture3" },
        "up":    { "uv": [ 4, 15, 12, 16 ], "rotation": 180, "texture": "#texture3" },
        "north": { "uv": [ 4, 7, 12, 11 ], "texture": "#texture1" },
        "south": { "uv": [ 4, 7, 12, 11 ], "texture": "#texture1" },
        "west":  { "uv": [ 0, 7, 1, 11 ], "texture": "#texture2" },
        "east":  { "uv": [ 15, 7, 16, 11 ], "texture": "#texture2" }
    }
},
{
    "__comment": "Front",
    "from": [ 10, 4, 0 ],
    "to": [ 12, 5, 1 ],
    "faces": {
        "down":  { "uv": [ 12, 16, 10, 15 ], "rotation": 180, "texture": "#texture3" },
        "up":    { "uv": [ 4, 15, 6, 16 ], "rotation": 180, "texture": "#texture3" },
        "north": { "uv": [ 4, 11, 6, 12 ], "texture": "#texture1" },
        "south": { "uv": [ 10, 11, 12, 12 ], "texture": "#texture1" },
        "west":  { "uv": [ 0, 11, 1, 12 ], "texture": "#texture2" },
        "east":  { "uv": [ 15, 11, 16, 12 ], "texture": "#texture2" }
    }
},
{
    "__comment": "Front",
    "from": [ 4, 4, 0 ],
    "to": [ 6, 5, 1 ],
    "faces": {
        "down":  { "uv": [ 6, 16, 4, 15 ], "rotation": 180, "texture": "#texture3" },
        "up":    { "uv": [ 10, 15, 12, 16 ], "rotation": 180, "texture": "#texture3" },
        "north": { "uv": [ 10, 11, 12, 12 ], "texture": "#texture1" },
        "south": { "uv": [ 4, 11, 6, 12 ], "texture": "#texture1" },
        "west":  { "uv": [ 0, 11, 1, 12 ], "texture": "#texture2" },
        "east":  { "uv": [ 15, 11, 16, 12 ], "texture": "#texture2" }
    }
},
{
    "__comment": "Front",
    "from": [ 1, 1, 0 ],
    "to": [ 3, 3, 1 ],
    "faces": {
        "down":  { "uv": [ 3, 16, 1, 15 ], "rotation": 180, "texture": "#texture3" },
        "up":    { "uv": [ 13, 15, 15, 16 ], "rotation": 180, "texture": "#texture3" },
        "north": { "uv": [ 13, 13, 15, 15 ], "texture": "#texture1" },
        "south": { "uv": [ 1, 13, 3, 15 ], "texture": "#texture1" },
        "west":  { "uv": [ 0, 13, 1, 15 ], "texture": "#texture2" },
        "east":  { "uv": [ 15, 13, 16, 15 ], "texture": "#texture2" }
    }
},
{
    "__comment": "Front",
    "from": [ 13, 1, 0 ],
    "to": [ 15, 3, 1 ],
    "faces": {
        "down":  { "uv": [ 15, 16, 13, 15 ], "rotation": 180, "texture": "#texture3" },
        "up":    { "uv": [ 1, 15, 3, 16 ], "rotation": 180, "texture": "#texture3" },
        "north": { "uv": [ 1, 13, 3, 15 ], "texture": "#texture1" },
        "south": { "uv": [ 13, 13, 15, 15 ], "texture": "#texture1" },
        "west":  { "uv": [ 0, 13, 1, 15 ], "texture": "#texture2" },
        "east":  { "uv": [ 15, 13, 16, 15 ], "texture": "#texture2" }
    }
},
{
    "__comment": "Floor",
    "from": [ 1, 0, 0 ],
    "to": [ 15, 1, 15 ],
    "faces": {
        "down":  { "uv": [ 1, 1, 15, 16 ], "rotation": 180, "texture": "#texture3" },
        "up":    { "uv": [ 1, 1, 15, 16 ], "rotation": 180, "texture": "#texture4" },
        "north": { "uv": [ 1, 15, 15, 16 ], "texture": "#texture3" },
        "south": { "uv": [ 1, 15, 15, 16 ], "texture": "#texture3" },
        "west":  { "uv": [ 1, 15, 16, 16 ], "texture": "#texture3" },
        "east":  { "uv": [ 1, 15, 16, 16 ], "texture": "#texture2" }
    }
},
{
    "__comment": "Floor",
    "from": [ 1, 15, 0 ],
    "to": [ 15, 16, 15 ],
    "faces": {
        "down":  { "uv": [ 15, 16, 1, 1 ], "rotation": 180, "texture": "#texture3" },
        "up":    { "uv": [ 1, 1, 15, 16 ], "rotation": 180, "texture": "#texture3" },
        "north": { "uv": [ 1, 15, 15, 16 ], "texture": "#texture3" },
        "south": { "uv": [ 1, 15, 15, 16 ], "texture": "#texture3" },
        "west":  { "uv": [ 0, 15, 15, 16 ], "texture": "#texture3" },
        "east":  { "uv": [ 1, 15, 16, 16 ], "texture": "#texture2" }
    }
},
{
    "__comment": "Inner",
    "from": [ 13, 1, 1 ],
    "to": [ 14, 15, 14 ],
    "faces": {
        "down":  { "uv": [ 14, 15, 13, 2 ], "rotation": 180, "texture": "#texture4" },
        "up":    { "uv": [ 2, 2, 3, 15 ], "rotation": 180, "texture": "#texture4" },
        "north": { "uv": [ 2, 1, 3, 15 ], "texture": "#texture4" },
        "south": { "uv": [ 13, 1, 14, 15 ], "texture": "#texture4" },
        "west":  { "uv": [ 1, 1, 14, 15 ], "texture": "#texture4" },
        "east":  { "uv": [ 2, 1, 15, 15 ], "texture": "#texture4" }
    }
},
{
    "__comment": "Inner*",
    "from": [ 2, 1, 1 ],
    "to": [ 3, 15, 14 ],
    "faces": {
        "down":  { "uv": [ 3, 15, 2, 2 ], "rotation": 180, "texture": "#texture4" },
        "up":    { "uv": [ 13, 2, 14, 15 ], "rotation": 180, "texture": "#texture4" },
        "north": { "uv": [ 13, 1, 14, 15 ], "texture": "#texture4" },
        "south": { "uv": [ 2, 1, 3, 15 ], "texture": "#texture4" },
        "west":  { "uv": [ 1, 1, 14, 15 ], "texture": "#texture4" },
        "east":  { "uv": [ 2, 1, 15, 15 ], "texture": "#texture4" }
    }
},
{
    "__comment": "Inner*",
    "from": [ 3, 1, 13 ],
    "to": [ 13, 15, 14 ],
    "faces": {
        "down":  { "uv": [ 13, 3, 3, 2 ], "rotation": 180, "texture": "#texture4" },
        "up":    { "uv": [ 3, 2, 13, 3 ], "rotation": 180, "texture": "#texture4" },
        "north": { "uv": [ 3, 1, 13, 15 ], "texture": "#texture4" },
        "south": { "uv": [ 3, 1, 13, 15 ], "texture": "#texture4" },
        "west":  { "uv": [ 13, 1, 14, 15 ], "texture": "#texture4" },
        "east":  { "uv": [ 2, 1, 3, 15 ], "texture": "#texture4" }
    }
},
{
    "__comment": "Inner*",
    "from": [ 3, 7.5, 1 ],
    "to": [ 13, 8.5, 13 ],
    "faces": {
        "down":  { "uv": [ 13, 15, 3, 3 ], "rotation": 180, "texture": "#texture4" },
        "up":    { "uv": [ 3, 3, 13, 15 ], "rotation": 180, "texture": "#texture4" },
        "north": { "uv": [ 3, 7.5, 13, 8.5 ], "texture": "#texture4" },
        "south": { "uv": [ 3, 7.5, 13, 8.5 ], "texture": "#texture4" },
        "west":  { "uv": [ 1, 7.5, 13, 8.5 ], "texture": "#texture4" },
        "east":  { "uv": [ 3, 7.5, 15, 8.5 ], "texture": "#texture4" }
    }
},
{
    "__comment": "Inner*",
    "from": [ 3, 14, 1 ],
    "to": [ 13, 15, 13 ],
    "faces": {
        "down":  { "uv": [ 13, 15, 3, 3 ], "rotation": 180, "texture": "#texture4" },
        "up":    { "uv": [ 3, 3, 13, 15 ], "rotation": 180, "texture": "#texture4" },
        "north": { "uv": [ 3, 1, 13, 2 ], "texture": "#texture4" },
        "south": { "uv": [ 3, 1, 13, 2 ], "texture": "#texture4" },
        "west":  { "uv": [ 1, 1, 13, 2 ], "texture": "#texture4" },
        "east":  { "uv": [ 3, 1, 15, 2 ], "texture": "#texture4" }
    }
}
],
"display": {
    "thirdperson_righthand": {
        "rotation": [ 60, 45, 0 ],
        "translation": [ 0, 2, -1 ],
        "scale": [ 0.4, 0.4, 0.4 ]
    },
    "thirdperson_lefthand": {
        "rotation": [ 60, 45, 0 ],
        "translation": [ 0, 2, -2 ],
        "scale": [ 0.4, 0.4, 0.4 ]
    },
    "ground": {
        "rotation": [ 0, 0, 0 ],
        "translation": [ 0, 1.5, 0 ],
        "scale": [ 0.2, 0.2, 0.2 ]
    },
    "firstperson_righthand": {
        "rotation": [ 0, 135, 0 ],
        "translation": [ 0, 0, 0 ],
        "scale": [ 0.4, 0.4, 0.4 ]
    },
    "firstperson_lefthand": {
        "rotation": [ 0, 135, 0 ],
        "translation": [ 0, 0, 0 ],
        "scale": [ 0.4, 0.4, 0.4 ]
    },
    "gui": {
        "rotation": [ 30, -135, 0 ],
        "translation": [ 0, 0, 0 ],
        "scale": [ 0.65, 0.65, 0.65 ]
    }
}
}