{
    "__comment": "Fair warning, this format is highly likely to change even more in the future!",
    "textures": {
        "particle": "blocks/door_iron_lower",
        "all": "blocks/door_iron_lower"
    },
	"useAmbientOcclusion": false,
    "elements": [
        {  
            "from": [ 0, 0, 0 ],
            "to": [ 3, 16, 16 ],
            "faces": {
                "down": {
                    "uv": [ 13, 0, 16, 16 ],
                    "texture": "#all"
                },
                "up": {
                    "uv": [ 13, 0, 16, 16 ],
                    "texture": "#all"
                },
                "north": {
                    "uv": [ 0, 0, 3, 16 ],
                    "texture": "#all"
                },
                "south": {
                    "uv": [ 0, 0, 3, 16 ],
                    "texture": "#all"
                },
                "west": {
                    "uv": [ 0, 0, 16, 16 ],
                    "texture": "#all"
                },
                "east": {
                    "uv": [ 16, 0, 0, 16 ],
                    "texture": "#all"
                }
            }
        }
    ]
}
