{
"__comment":"Made by Know2Good, part of the 'Default 3D™' resource pack || Official download page: http://www.planetminecraft.com/texture_pack/default-3d-2985741/ || © 2014 Know2Good. All rights reserved. ",
"textures": {
	"block": "blocks/door_jungle_lower",
	"particle":"blocks/door_jungle_lower"
},
"elements":[
	{
		"type":"cube", //The inner block
		"from":[0.75,0,0],
		"to":[2.25,15.999,15],
		"rotation": {"origin": [ 8, 1, 8 ], "axis": "y", "angle": 0 },
		"faces": {
			"down":{"uv":[1,15,16,16],"texture":"#block","cullface":"Know2Good","rotation":90},
			"north":{"uv":[15,0,16,16],"texture":"#block","cullface":"Know2Good"},
			"west":{"uv":[16,0,1,16],"texture":"#block","cullface":"Know2Good"},
			"east":{"uv":[1,0,16,16],"texture":"#block","cullface":"Know2Good"}
		}
	},
	{
		"type":"cube", //Bottom hinge
		"from":[-0.25,4,15],
		"to":[3.25,6,16.25],
		"rotation": {"origin": [ 8, 1, 8 ], "axis": "y", "angle": 0 },
		"faces": {
			"up":{"uv":[0,10,1,11],"texture":"#block","cullface":"Know2Good","rotation":90},
			"down":{"uv":[0,11,1,12],"texture":"#block","cullface":"Know2Good","rotation":270},
			"north":{"uv":[0,10,1,12],"texture":"#block","cullface":"Know2Good"},
			"south":{"uv":[0,10,1,12],"texture":"#block","cullface":"Know2Good"},
			"west":{"uv":[1,10,0,12],"texture":"#block","cullface":"Know2Good"},
			"east":{"uv":[0,10,1,12],"texture":"#block","cullface":"Know2Good"}
		}
	},
	{
		"type":"cube", //Top hinge
		"from":[-0.25,15,15],
		"to":[3.25,16,16.25],
		"rotation": {"origin": [ 8, 1, 8 ], "axis": "y", "angle": 0 },
		"faces": {
			"up":{"uv":[0,0,1,0],"texture":"#block","cullface":"Know2Good","rotation":90},
			"down":{"uv":[0,0,1,1],"texture":"#block","cullface":"Know2Good","rotation":270},
			"north":{"uv":[0,0,1,1],"texture":"#block","cullface":"Know2Good"},
			"south":{"uv":[0,0,1,1],"texture":"#block","cullface":"Know2Good"},
			"west":{"uv":[1,0,0,1],"texture":"#block","cullface":"Know2Good"},
			"east":{"uv":[0,0,1,1],"texture":"#block","cullface":"Know2Good"}
		}
	},
	{
		"type":"cube", //Middle hinge side
		"from":[1,0.001,9],
		"to":[2,16,16],
		"rotation": {"origin": [ 8, 1, 8 ], "axis": "y", "angle": 0 },
		"faces": {
			"down":{"uv":[1,15,7,16],"texture":"#block","cullface":"Know2Good","rotation":90},
			"north":{"uv":[1,0,2,16],"texture":"#block","cullface":"Know2Good"},
			"south":{"uv":[6,0,7,16],"texture":"#block","cullface":"Know2Good"}
		}
	},
	{
		"type":"cube", //Hinge side (east)
		"from":[2,0.001,9],
		"to":[3,16,16],
		"rotation": {"origin": [ 8, 1, 8 ], "axis": "y", "angle": 0 },
		"faces": {
			"down":{"uv":[0,15,7,16],"texture":"#block","cullface":"Know2Good","rotation":90},
			"north":{"uv":[6,0,7,16],"texture":"#block","cullface":"Know2Good"},
			"south":{"uv":[0,0,1,16],"texture":"#block","cullface":"Know2Good"},
			"east":{"uv":[0,0,7,16],"texture":"#block","cullface":"Know2Good"}
		}
	},
	{
		"type":"cube", //Hinge side (west)
		"from":[0,0.001,9],
		"to":[1,16,16],
		"rotation": {"origin": [ 8, 1, 8 ], "axis": "y", "angle": 0 },
		"faces": {
			"down":{"uv":[0,15,7,16],"texture":"#block","cullface":"Know2Good","rotation":90},
			"north":{"uv":[6,0,7,16],"texture":"#block","cullface":"Know2Good"},
			"south":{"uv":[0,0,1,16],"texture":"#block","cullface":"Know2Good"},
			"west":{"uv":[7,0,0,16],"texture":"#block","cullface":"Know2Good"}
		}
	},
	{
		"type":"cube", //Right
		"from":[0,0.001,1],
		"to":[3,16,7],
		"rotation": {"origin": [ 8, 1, 8 ], "axis": "y", "angle": 0 },
		"faces": {
			"down":{"uv":[9,15,15,16],"texture":"#block","cullface":"Know2Good","rotation":90},
			"north":{"uv":[14,0,15,16],"texture":"#block","cullface":"Know2Good"},
			"south":{"uv":[9,0,10,16],"texture":"#block","cullface":"Know2Good"},
			"west":{"uv":[15,0,9,16],"texture":"#block","cullface":"Know2Good"},
			"east":{"uv":[9,0,15,16],"texture":"#block","cullface":"Know2Good"}
		}
	},
	{
		"type":"cube", //Middle top
		"from":[0.001,15,7],
		"to":[2.999,16,9],
		"rotation": {"origin": [ 8, 1, 8 ], "axis": "y", "angle": 0 },
		"faces": {
			"down":{"uv":[7,0,9,1],"texture":"#block","cullface":"Know2Good","rotation":90},
			"west":{"uv":[9,0,7,1],"texture":"#block","cullface":"Know2Good"},
			"east":{"uv":[7,0,9,1],"texture":"#block","cullface":"Know2Good"}
		}
	},
	{
		"type":"cube", //Middle bottom
		"from":[0.001,0.001,7],
		"to":[2.999,3,9],
		"rotation": {"origin": [ 8, 1, 8 ], "axis": "y", "angle": 0 },
		"faces": {
			"up":{"uv":[7,15,9,16],"texture":"#block","cullface":"Know2Good","rotation":270},
			"down":{"uv":[7,13,9,14],"texture":"#block","cullface":"Know2Good","rotation":90},
			"west":{"uv":[9,13,7,16],"texture":"#block","cullface":"Know2Good"},
			"east":{"uv":[7,13,9,16],"texture":"#block","cullface":"Know2Good"}
		}
	}
],
"display": {
	"thirdperson": {
		"rotation": [ 0, 45, 1 ],
		"translation": [ 0, 0.5, 0 ],
		"scale": [ 1.1, 1.1, 1.1 ]
	},
	"firstperson": {
		"rotation": [ 0, 0, 0 ],
		"translation": [ 0, 0, 0 ],
		"scale": [ 1, 1, 1 ]
	},
	"gui": {
		"rotation": [ 0, 0, 0 ],
		"translation": [ 0, 0, 0 ],
		"scale": [ 1, 1, 1 ]
	}
}
}