{
"__comment":"Made by Know2Good, part of the 'Default 3D™' resource pack || Official download page: http://www.planetminecraft.com/texture_pack/default-3d-2985741/ || © 2014 Know2Good. All rights reserved. ",
"textures": {
	"block": "blocks/door_jungle_upper",
	"particle":"blocks/door_jungle_upper"
},
"elements":[
	{
		"type":"cube", //The inner block
		"from":[0.75,0,1],
		"to":[2.25,16.001,16],
		"rotation": {"origin": [ 8, 1, 8 ], "axis": "y", "angle": 0 },
		"faces": {
			"up":{"uv":[1,1,16,2],"texture":"#block","cullface":"Know2Good","rotation":90},
			"south":{"uv":[15,0,16,16],"texture":"#block","cullface":"Know2Good"},
			"west":{"uv":[1,0,16,16],"texture":"#block","cullface":"Know2Good"},
			"east":{"uv":[16,0,1,16],"texture":"#block","cullface":"Know2Good"}
		}
	},
	{
		"type":"cube", //Bottom hinge
		"from":[-0.25,0,-0.25],
		"to":[3.25,1,1],
		"rotation": {"origin": [ 8, 1, 8 ], "axis": "y", "angle": 0 },
		"faces": {
			"up":{"uv":[0,15,1,16],"texture":"#block","cullface":"Know2Good","rotation":90},
			"down":{"uv":[0,15,1,16],"texture":"#block","cullface":"Know2Good","rotation":270},
			"north":{"uv":[0,15,1,16],"texture":"#block","cullface":"Know2Good"},
			"south":{"uv":[0,15,1,16],"texture":"#block","cullface":"Know2Good"},
			"west":{"uv":[0,15,1,16],"texture":"#block","cullface":"Know2Good"},
			"east":{"uv":[1,15,0,16],"texture":"#block","cullface":"Know2Good"}
		}
	},
	{
		"type":"cube", //Top hinge
		"from":[-0.25,10,-0.25],
		"to":[3.25,12,1],
		"rotation": {"origin": [ 8, 1, 8 ], "axis": "y", "angle": 0 },
		"faces": {
			"up":{"uv":[0,4,1,5],"texture":"#block","cullface":"Know2Good","rotation":90},
			"down":{"uv":[0,5,1,6],"texture":"#block","cullface":"Know2Good","rotation":270},
			"north":{"uv":[0,4,1,6],"texture":"#block","cullface":"Know2Good"},
			"south":{"uv":[0,4,1,6],"texture":"#block","cullface":"Know2Good"},
			"west":{"uv":[0,4,1,6],"texture":"#block","cullface":"Know2Good"},
			"east":{"uv":[1,4,0,6],"texture":"#block","cullface":"Know2Good"}
		}
	},
	{
		"type":"cube", //Middle hinge side
		"from":[0.992,0.001,0],
		"to":[2.008,15.999,4],
		"rotation": {"origin": [ 8, 1, 8 ], "axis": "y", "angle": 0 },
		"faces": {
			"up":{"uv":[1,0,2,1],"texture":"#block","cullface":"Know2Good"},
			"north":{"uv":[1,0,2,16],"texture":"#block","cullface":"Know2Good"},
			"south":{"uv":[3,0,4,16],"texture":"#block","cullface":"Know2Good"}
		}
	},
	{
		"type":"cube", //Hinge side (east)
		"from":[2,0.001,0],
		"to":[3,16,4],
		"rotation": {"origin": [ 8, 1, 8 ], "axis": "y", "angle": 0 },
		"faces": {
			"up":{"uv":[0,0,4,1],"texture":"#block","cullface":"Know2Good","rotation":90},
			"north":{"uv":[0,0,1,16],"texture":"#block","cullface":"Know2Good"},
			"south":{"uv":[3,0,4,16],"texture":"#block","cullface":"Know2Good"},
			"east":{"uv":[4,0,0,16],"texture":"#block","cullface":"Know2Good"}
		}
	},
	{
		"type":"cube", //Hinge side (west)
		"from":[0,0.001,0],
		"to":[1,16,4],
		"rotation": {"origin": [ 8, 1, 8 ], "axis": "y", "angle": 0 },
		"faces": {
			"up":{"uv":[0,0,4,1],"texture":"#block","cullface":"Know2Good","rotation":90},
			"north":{"uv":[0,0,1,16],"texture":"#block","cullface":"Know2Good"},
			"south":{"uv":[3,0,4,16],"texture":"#block","cullface":"Know2Good"},
			"west":{"uv":[0,0,4,16],"texture":"#block","cullface":"Know2Good"}
		}
	},
	{
		"type":"cube", //Right
		"from":[0,0.001,12],
		"to":[3,16,15],
		"rotation": {"origin": [ 8, 1, 8 ], "axis": "y", "angle": 0 },
		"faces": {
			"up":{"uv":[12,0,15,1],"texture":"#block","cullface":"Know2Good","rotation":90},
			"down":{"uv":[12,0,15,1],"texture":"#block","cullface":"Know2Good","rotation":270},
			"north":{"uv":[12,0,13,16],"texture":"#block","cullface":"Know2Good"},
			"south":{"uv":[14,0,15,16],"texture":"#block","cullface":"Know2Good"},
			"west":{"uv":[12,0,15,16],"texture":"#block","cullface":"Know2Good"},
			"east":{"uv":[15,0,12,16],"texture":"#block","cullface":"Know2Good"}
		}
	},
	{
		"type":"cube", //Top 1
		"from":[0,13,4],
		"to":[3,16,12],
		"rotation": {"origin": [ 8, 1, 8 ], "axis": "y", "angle": 0 },
		"faces": {
			"up":{"uv":[4,0,12,1],"texture":"#block","cullface":"Know2Good","rotation":90},
			"down":{"uv":[4,2,12,3],"texture":"#block","cullface":"Know2Good","rotation":270},
			"west":{"uv":[4,0,12,3],"texture":"#block","cullface":"Know2Good"},
			"east":{"uv":[12,0,4,3],"texture":"#block","cullface":"Know2Good"}
		}
	},
	{
		"type":"cube", //Top 2 left
		"from":[0,12,4],
		"to":[3,13,6],
		"rotation": {"origin": [ 8, 1, 8 ], "axis": "y", "angle": 0 },
		"faces": {
			"up":{"uv":[4,3,6,4],"texture":"#block","cullface":"Know2Good","rotation":90},
			"down":{"uv":[4,3,6,4],"texture":"#block","cullface":"Know2Good","rotation":270},
			"south":{"uv":[5,3,6,4],"texture":"#block","cullface":"Know2Good"},
			"west":{"uv":[4,3,6,4],"texture":"#block","cullface":"Know2Good"},
			"east":{"uv":[6,3,4,4],"texture":"#block","cullface":"Know2Good"}
		}
	},
	{
		"type":"cube", //Top 2 right
		"from":[0,12,10],
		"to":[3,13,12],
		"rotation": {"origin": [ 8, 1, 8 ], "axis": "y", "angle": 0 },
		"faces": {
			"up":{"uv":[10,3,12,4],"texture":"#block","cullface":"Know2Good","rotation":90},
			"down":{"uv":[10,3,12,4],"texture":"#block","cullface":"Know2Good","rotation":270},
			"north":{"uv":[10,3,11,4],"texture":"#block","cullface":"Know2Good"},
			"west":{"uv":[10,3,12,4],"texture":"#block","cullface":"Know2Good"},
			"east":{"uv":[12,3,10,4],"texture":"#block","cullface":"Know2Good"}
		}
	},
	{
		"type":"cube", //Top 3 left
		"from":[0,10,4],
		"to":[3,12,5],
		"rotation": {"origin": [ 8, 1, 8 ], "axis": "y", "angle": 0 },
		"faces": {
			"up":{"uv":[4,4,5,5],"texture":"#block","cullface":"Know2Good","rotation":90},
			"down":{"uv":[4,5,5,6],"texture":"#block","cullface":"Know2Good","rotation":270},
			"south":{"uv":[4,4,5,6],"texture":"#block","cullface":"Know2Good"},
			"west":{"uv":[4,4,5,6],"texture":"#block","cullface":"Know2Good"},
			"east":{"uv":[5,4,4,6],"texture":"#block","cullface":"Know2Good"}
		}
	},
	{
		"type":"cube", //Top 3 right
		"from":[0,10,11],
		"to":[3,12,12],
		"rotation": {"origin": [ 8, 1, 8 ], "axis": "y", "angle": 0 },
		"faces": {
			"up":{"uv":[11,4,12,5],"texture":"#block","cullface":"Know2Good","rotation":90},
			"down":{"uv":[11,5,12,6],"texture":"#block","cullface":"Know2Good","rotation":270},
			"north":{"uv":[11,4,12,6],"texture":"#block","cullface":"Know2Good"},
			"west":{"uv":[11,4,12,6],"texture":"#block","cullface":"Know2Good"},
			"east":{"uv":[12,4,11,6],"texture":"#block","cullface":"Know2Good"}
		}
	},
	{
		"type":"cube", //Bottom
		"from":[0,0,4],
		"to":[3,6,12],
		"rotation": {"origin": [ 8, 1, 8 ], "axis": "y", "angle": 0 },
		"faces": {
			"up":{"uv":[4,10,12,11],"texture":"#block","cullface":"Know2Good","rotation":90},
			"west":{"uv":[4,10,12,16],"texture":"#block","cullface":"Know2Good"},
			"east":{"uv":[12,10,4,16],"texture":"#block","cullface":"Know2Good"}
		}
	},
	{
		"type":"cube", //Handle through
		"from":[-1,1,13],
		"to":[4,2,14],
		"rotation": {"origin": [ 8, 1, 8 ], "axis": "y", "angle": 0 },
		"faces": {
			"up":{"uv":[13,14,14,15],"texture":"#block","cullface":"Know2Good","rotation":90},
			"down":{"uv":[13,14,14,15],"texture":"#block","cullface":"Know2Good","rotation":270},
			"north":{"uv":[13,14,14,15],"texture":"#block","cullface":"Know2Good"},
			"south":{"uv":[13,14,14,15],"texture":"#block","cullface":"Know2Good"},
			"west":{"uv":[13,14,14,15],"texture":"#block","cullface":"Know2Good"},
			"east":{"uv":[14,14,13,15],"texture":"#block","cullface":"Know2Good"}
		}
	},
	{
		"type":"cube", //Handle east part 1
		"from":[3.5,1,11],
		"to":[4,2,13],
		"rotation": {"origin": [ 8, 1, 8 ], "axis": "y", "angle": 0 },
		"faces": {
			"up":{"uv":[11,14,13,15],"texture":"#block","cullface":"Know2Good","rotation":90},
			"down":{"uv":[11,14,13,15],"texture":"#block","cullface":"Know2Good","rotation":270},
			"north":{"uv":[11,14,12,15],"texture":"#block","cullface":"Know2Good"},
			"south":{"uv":[12,14,13,15],"texture":"#block","cullface":"Know2Good"},
			"west":{"uv":[11,14,13,15],"texture":"#block","cullface":"Know2Good"},
			"east":{"uv":[13,14,11,15],"texture":"#block","cullface":"Know2Good"}
		}
	},
	{
		"type":"cube", //Handle east part 2
		"from":[3.5,0,11],
		"to":[4,1,12],
		"rotation": {"origin": [ 8, 1, 8 ], "axis": "y", "angle": 0 },
		"faces": {
			"up":{"uv":[11,15,12,16],"texture":"#block","cullface":"Know2Good","rotation":90},
			"down":{"uv":[11,15,12,16],"texture":"#block","cullface":"Know2Good","rotation":270},
			"north":{"uv":[11,15,12,16],"texture":"#block","cullface":"Know2Good"},
			"south":{"uv":[11,15,12,16],"texture":"#block","cullface":"Know2Good"},
			"west":{"uv":[11,15,12,16],"texture":"#block","cullface":"Know2Good"},
			"east":{"uv":[12,15,11,16],"texture":"#block","cullface":"Know2Good"}
		}
	},
	{
		"type":"cube", //Handle west part 1
		"from":[-1,1,11],
		"to":[-0.5,2,13],
		"rotation": {"origin": [ 8, 1, 8 ], "axis": "y", "angle": 0 },
		"faces": {
			"up":{"uv":[11,14,13,15],"texture":"#block","cullface":"Know2Good","rotation":90},
			"down":{"uv":[11,14,13,15],"texture":"#block","cullface":"Know2Good","rotation":270},
			"north":{"uv":[11,14,12,15],"texture":"#block","cullface":"Know2Good"},
			"south":{"uv":[12,14,13,15],"texture":"#block","cullface":"Know2Good"},
			"west":{"uv":[11,14,13,15],"texture":"#block","cullface":"Know2Good"},
			"east":{"uv":[13,14,11,15],"texture":"#block","cullface":"Know2Good"}
		}
	},
	{
		"type":"cube", //Handle west part 2
		"from":[-1,0,11],
		"to":[-0.5,1,12],
		"rotation": {"origin": [ 8, 1, 8 ], "axis": "y", "angle": 0 },
		"faces": {
			"up":{"uv":[11,15,12,16],"texture":"#block","cullface":"Know2Good","rotation":90},
			"down":{"uv":[11,15,12,16],"texture":"#block","cullface":"Know2Good","rotation":270},
			"north":{"uv":[11,15,12,16],"texture":"#block","cullface":"Know2Good"},
			"south":{"uv":[11,15,12,16],"texture":"#block","cullface":"Know2Good"},
			"west":{"uv":[11,15,12,16],"texture":"#block","cullface":"Know2Good"},
			"east":{"uv":[12,15,11,16],"texture":"#block","cullface":"Know2Good"}
		}
	},
	{
		"type":"cube", //Prevent handle 1
		"from":[-0.001,0,11],
		"to":[3.001,2,13],
		"rotation": {"origin": [ 8, 1, 8 ], "axis": "y", "angle": 0 },
		"faces": {
			"west":{"uv":[11,1,13,3],"texture":"#block","cullface":"Know2Good"},
			"east":{"uv":[13,1,11,3],"texture":"#block","cullface":"Know2Good"}
		}
	}
],
"display": {
	"thirdperson": {
		"rotation": [ 0, 45, 1 ],
		"translation": [ 0, 0.5, 0 ],
		"scale": [ 1.1, 1.1, 1.1 ]
	},
	"firstperson": {
		"rotation": [ 0, 0, 0 ],
		"translation": [ 0, 0, 0 ],
		"scale": [ 1, 1, 1 ]
	},
	"gui": {
		"rotation": [ 0, 0, 0 ],
		"translation": [ 0, 0, 0 ],
		"scale": [ 1, 1, 1 ]
	}
}
}