{
"textures": {
    "particle": "blocks/planks_oak",
    "texture": "blocks/ladder",
    "stone": "blocks/stone"
},
"elements": [ 
{
    "from": [ 2, 0, 15 ],
    "to": [ 4, 16, 16 ],
    "faces": {
        "down":  { "uv": [ 2, 15, 4, 16 ], "texture": "#texture" },
        "up":    { "uv": [ 2, 15, 4, 16 ], "texture": "#texture" },
        "north": { "uv": [ 2, 0, 4, 16 ], "texture": "#texture" },
        "south": { "uv": [ 2, 0, 4, 16 ], "texture": "#texture" },
        "west":  { "uv": [ 12, 0, 13, 16 ], "texture": "#texture" },
        "east":  { "uv": [ 13, 0, 14, 16 ], "texture": "#texture" }
    }
},
{
    "from": [ 12, 0, 15 ],
    "to": [ 14, 16, 16 ],
    "faces": {
        "down":  { "uv": [ 4, 1, 2, 0 ], "texture": "#texture" },
        "up":    { "uv": [ 12, 0, 14, 1 ], "texture": "#texture" },
        "north": { "uv": [ 2, 0, 4, 16 ], "texture": "#texture" },
        "south": { "uv": [ 2, 0, 4, 16 ], "texture": "#texture" },
        "west":  { "uv": [ 2, 0, 3, 16 ], "texture": "#texture" },
        "east":  { "uv": [ 3, 0, 4, 16 ], "texture": "#texture" }
    }
},
{
    "from": [ 1, 13, 14.5 ],
    "to": [ 15, 15, 15.5 ],
    "faces": {
        "down":  { "uv": [ 15, 2, 1, 1 ], "texture": "#texture" },
        "up":    { "uv": [ 1, 1, 15, 2 ], "texture": "#texture" },
        "north": { "uv": [ 1, 1, 15, 3 ], "texture": "#texture" },
        "south": { "uv": [ 1, 1, 15, 3 ], "texture": "#texture" },
        "west":  { "uv": [ 1, 1, 2, 3 ], "texture": "#texture" },
        "east":  { "uv": [ 14, 1, 15, 3 ], "texture": "#texture" }
    }
},
{
    "from": [ 1, 9, 14.5 ],
    "to": [ 15, 11, 15.5 ],
    "faces": {
        "down":  { "uv": [ 15, 7, 1, 6 ], "texture": "#texture" },
        "up":    { "uv": [ 1, 5, 15, 6 ], "texture": "#texture" },
        "north": { "uv": [ 1, 5, 15, 7 ], "texture": "#texture" },
        "south": { "uv": [ 1, 5, 15, 7 ], "texture": "#texture" },
        "west":  { "uv": [ 1, 5, 2, 7 ], "texture": "#texture" },
        "east":  { "uv": [ 14, 5, 15, 7 ], "texture": "#texture" }
    }
},
{
    "from": [ 1, 5, 14.5 ],
    "to": [ 15, 7, 15.5 ],
    "faces": {
        "down":  { "uv": [ 15, 11, 1, 10 ], "texture": "#texture" },
        "up":    { "uv": [ 1, 9, 15, 10 ], "texture": "#texture" },
        "north": { "uv": [ 1, 9, 15, 11 ], "texture": "#texture" },
        "south": { "uv": [ 1, 9, 15, 11 ], "texture": "#texture" },
        "west":  { "uv": [ 1, 9, 2, 11 ], "texture": "#texture" },
        "east":  { "uv": [ 14, 9, 15, 11 ], "texture": "#texture" }
    }
},
{
    "from": [ 1, 1, 14.5 ],
    "to": [ 15, 3, 15.5 ],
    "faces": {
        "down":  { "uv": [ 15, 14, 1, 13 ], "texture": "#texture" },
        "up":    { "uv": [ 1, 13, 15, 14 ], "texture": "#texture" },
        "north": { "uv": [ 1, 13, 15, 15 ], "texture": "#texture" },
        "south": { "uv": [ 1, 13, 15, 15 ], "texture": "#texture" },
        "west":  { "uv": [ 1, 13, 2, 15 ], "texture": "#texture" },
        "east":  { "uv": [ 14, 13, 15, 15 ], "texture": "#texture" }
    }
},
{
    "from": [ 2.5, 13.5, 14 ],
    "to": [ 3.5, 14.5, 14.5 ],
    "faces": {
        "down":  { "uv": [ 13.5, 14.5, 12.5, 14 ], "texture": "#stone" },
        "up":    { "uv": [ 2.5, 14, 3.5, 14.5 ], "texture": "#stone" },
        "north": { "uv": [ 12.5, 1.5, 13.5, 2.5 ], "texture": "#stone" },
        "south": { "uv": [ 2.5, 1.5, 3.5, 2.5 ], "texture": "#stone" },
        "west":  { "uv": [ 14, 1.5, 14.5, 2.5 ], "texture": "#stone" },
        "east":  { "uv": [ 1.5, 1.5, 2, 2.5 ], "texture": "#stone" }
    }
},
{
    "from": [ 2.5, 9.5, 14 ],
    "to": [ 3.5, 10.5, 14.5 ],
    "faces": {
        "down":  { "uv": [ 13.5, 14.5, 12.5, 14 ], "texture": "#stone" },
        "up":    { "uv": [ 2.5, 14, 3.5, 14.5 ], "texture": "#stone" },
        "north": { "uv": [ 12.5, 5.5, 13.5, 6.5 ], "texture": "#stone" },
        "south": { "uv": [ 2.5, 5.5, 3.5, 6.5 ], "texture": "#stone" },
        "west":  { "uv": [ 14, 5.5, 14.5, 6.5 ], "texture": "#stone" },
        "east":  { "uv": [ 1.5, 5.5, 2, 6.5 ], "texture": "#stone" }
    }
},
{
    "from": [ 2.5, 5.5, 14 ],
    "to": [ 3.5, 6.5, 14.5 ],
    "faces": {
        "down":  { "uv": [ 13.5, 14.5, 12.5, 14 ], "texture": "#stone" },
        "up":    { "uv": [ 2.5, 14, 3.5, 14.5 ], "texture": "#stone" },
        "north": { "uv": [ 12.5, 9.5, 13.5, 10.5 ], "texture": "#stone" },
        "south": { "uv": [ 2.5, 9.5, 3.5, 10.5 ], "texture": "#stone" },
        "west":  { "uv": [ 14, 9.5, 14.5, 10.5 ], "texture": "#stone" },
        "east":  { "uv": [ 1.5, 9.5, 2, 10.5 ], "texture": "#stone" }
    }
},
{
    "from": [ 2.5, 1.5, 14 ],
    "to": [ 3.5, 2.5, 14.5 ],
    "faces": {
        "down":  { "uv": [ 13.5, 14.5, 12.5, 14 ], "texture": "#stone" },
        "up":    { "uv": [ 2.5, 14, 3.5, 14.5 ], "texture": "#stone" },
        "north": { "uv": [ 12.5, 13.5, 13.5, 14.5 ], "texture": "#stone" },
        "south": { "uv": [ 2.5, 13.5, 3.5, 14.5 ], "texture": "#stone" },
        "west":  { "uv": [ 14, 13.5, 14.5, 14.5 ], "texture": "#stone" },
        "east":  { "uv": [ 1.5, 13.5, 2, 14.5 ], "texture": "#stone" }
    }
},
{
    "from": [ 12.5, 1.5, 14 ],
    "to": [ 13.5, 2.5, 14.5 ],
    "faces": {
        "down":  { "uv": [ 3.5, 14.5, 2.5, 14 ], "texture": "#stone" },
        "up":    { "uv": [ 12.5, 14, 13.5, 14.5 ], "texture": "#stone" },
        "north": { "uv": [ 2.5, 13.5, 3.5, 14.5 ], "texture": "#stone" },
        "south": { "uv": [ 12.5, 13.5, 13.5, 14.5 ], "texture": "#stone" },
        "west":  { "uv": [ 14, 13.5, 14.5, 14.5 ], "texture": "#stone" },
        "east":  { "uv": [ 1.5, 13.5, 2, 14.5 ], "texture": "#stone" }
    }
},
{
    "from": [ 12.5, 5.5, 14 ],
    "to": [ 13.5, 6.5, 14.5 ],
    "faces": {
        "down":  { "uv": [ 3.5, 14.5, 2.5, 14 ], "texture": "#stone" },
        "up":    { "uv": [ 12.5, 14, 13.5, 14.5 ], "texture": "#stone" },
        "north": { "uv": [ 2.5, 9.5, 3.5, 10.5 ], "texture": "#stone" },
        "south": { "uv": [ 12.5, 9.5, 13.5, 10.5 ], "texture": "#stone" },
        "west":  { "uv": [ 14, 9.5, 14.5, 10.5 ], "texture": "#stone" },
        "east":  { "uv": [ 1.5, 9.5, 2, 10.5 ], "texture": "#stone" }
    }
},
{
    "from": [ 12.5, 9.5, 14 ],
    "to": [ 13.5, 10.5, 14.5 ],
    "faces": {
        "down":  { "uv": [ 3.5, 14.5, 2.5, 14 ], "texture": "#stone" },
        "up":    { "uv": [ 12.5, 14, 13.5, 14.5 ], "texture": "#stone" },
        "north": { "uv": [ 2.5, 5.5, 3.5, 6.5 ], "texture": "#stone" },
        "south": { "uv": [ 12.5, 5.5, 13.5, 6.5 ], "texture": "#stone" },
        "west":  { "uv": [ 14, 5.5, 14.5, 6.5 ], "texture": "#stone" },
        "east":  { "uv": [ 1.5, 5.5, 2, 6.5 ], "texture": "#stone" }
    }
},
{
    "from": [ 12.5, 13.5, 14 ],
    "to": [ 13.5, 14.5, 14.5 ],
    "faces": {
        "down":  { "uv": [ 3.5, 14.5, 2.5, 14 ], "texture": "#stone" },
        "up":    { "uv": [ 12.5, 14, 13.5, 14.5 ], "texture": "#stone" },
        "north": { "uv": [ 2.5, 1.5, 3.5, 2.5 ], "texture": "#stone" },
        "south": { "uv": [ 12.5, 1.5, 13.5, 2.5 ], "texture": "#stone" },
        "west":  { "uv": [ 14, 1.5, 14.5, 2.5 ], "texture": "#stone" },
        "east":  { "uv": [ 1.5, 1.5, 2, 2.5 ], "texture": "#stone" }
    }
}
],
"display": {
    "thirdperson_righthand": {
        "rotation": [ 0, 0, 0 ],
        "translation": [ 0, 0, -0.19 ],
        "scale": [ 0.4, 0.4, 0.4 ]
    },
    "thirdperson_lefthand": {
        "rotation": [ 0, 0, 0 ],
        "translation": [ 0, 0, -0.19 ],
        "scale": [ 0.4, 0.4, 0.4 ]
    },
    "ground": {
        "rotation": [ 15, 0, 0 ],
        "translation": [ 0, 2.5, 0 ],
        "scale": [ 0.4, 0.4, 0.4 ]
    },
    "fixed": {
        "rotation": [ 0, 0, 0 ],
        "translation": [ 0, 0, 0 ],
        "scale": [ 1, 1, 1 ]
    },
    "firstperson_righthand": {
        "rotation": [ 0, 0, 0 ],
        "translation": [ 0.5, 3, 0 ],
        "scale": [ 0.6, 0.6, 0.6 ]
    },
    "firstperson_lefthand": {
        "rotation": [ 0, 0, 0 ],
        "translation": [ 0.5, 3, 0 ],
        "scale": [ 0.6, 0.6, 0.6 ]
    },
    "gui": {
        "rotation": [ 15, 45, 0 ],
        "translation": [ 0, 1, 0 ],
        "scale": [ 1, 1, 1 ]
    }
}
}