{
    "__comment": "Fair warning, this format is highly likely to change even more in the future!",
    "textures": {
        "particle": "blocks/flower_tulip_pink",
		"all": "blocks/flower_tulip_pink"
    },
	"elements": [ 
{
    
    "from": [ 9.5, 4.5, 7 ],
    "to": [ 10, 9.5, 8 ],
    "faces": {
        "down": {
            "uv": [ 9, 8, 9.5, 9 ],
            "texture": "#all"
        },
        "up": {
            "uv": [ 9, 9, 9.5, 10 ],
            "texture": "#all"
        },
        "north": {
            "uv": [ 9, 7, 9.5, 12 ],
            "texture": "#all"
        },
        "south": {
            "uv": [ 9, 8, 9.5, 13 ],
            "texture": "#all"
        },
        "west": {
            "uv": [ 9, 7, 10, 12 ],
            "texture": "#all"
        },
        "east": {
            "uv": [ 9, 7, 10, 12 ],
            "texture": "#all"
        }
    }
},
{
    
    "from": [ 9, 3, 7 ],
    "to": [ 9.5, 8.5, 8.5 ],
    "faces": {
        "down": {
            "uv": [ 6, 12, 6.5, 13.5 ],
            "texture": "#all"
        },
        "up": {
            "uv": [ 6, 11, 6.5, 12.5 ],
            "texture": "#all"
        },
        "north": {
            "uv": [ 9, 7, 9.5, 12.5 ],
            "texture": "#all"
        },
        "south": {
            "uv": [ 9, 7, 9.5, 12.5 ],
            "texture": "#all"
        },
        "west": {
            "uv": [ 7, 10, 9, 15 ],
            "texture": "#all"
        },
        "east": {
            "uv": [ 7, 10, 9, 15 ],
            "texture": "#all"
        }
    }
},
{
    
    "from": [ 8.5, 2, 6.5 ],
    "to": [ 9, 7, 9 ],
    "faces": {
        "down": {
            "uv": [ 7, 7, 7.5, 9.5 ],
            "texture": "#all"
        },
        "up": {
            "uv": [ 7, 7, 7.5, 9.5 ],
            "texture": "#all"
        },
        "north": {
            "uv": [ 7, 9, 7.5, 14 ],
            "texture": "#all"
        },
        "south": {
            "uv": [ 7, 9, 7.5, 14 ],
            "texture": "#all"
        },
        "west": {
            "uv": [ 7, 10, 9, 15 ],
            "texture": "#all"
        },
        "east": {
            "uv": [ 7, 10, 9, 15 ],
            "texture": "#all"
        }
    }
},
{
    
    "from": [ 8, 1, 6.5 ],
    "to": [ 8.5, 5.5, 8.5 ],
    "faces": {
        "down": {
            "uv": [ 7.5, 7.5, 8, 9.5 ],
            "texture": "#all"
        },
        "up": {
            "uv": [ 7.5, 7.5, 8, 9.5 ],
            "texture": "#all"
        },
        "north": {
            "uv": [ 7.5, 10.5, 8, 15 ],
            "texture": "#all"
        },
        "south": {
            "uv": [ 7.5, 10.5, 8, 15 ],
            "texture": "#all"
        },
        "west": {
            "uv": [ 7, 10, 9, 14.5 ],
            "texture": "#all"
        },
        "east": {
            "uv": [ 7, 10, 9, 14.5 ],
            "texture": "#all"
        }
    }
},
{
    
    "from": [ 5, 5, 6.5 ],
    "to": [ 5.5, 11, 8.5 ],
    "faces": {
        "down": {
            "uv": [ 4, 7, 4.5, 8.5 ],
            "texture": "#all"
        },
        "up": {
            "uv": [ 4, 7, 4.5, 8.5 ],
            "texture": "#all"
        },
        "north": {
            "uv": [ 5, 8, 5.5, 14 ],
            "texture": "#all"
        },
        "south": {
            "uv": [ 5, 8, 5.5, 14 ],
            "texture": "#all"
        },
        "west": {
            "uv": [ 5, 8, 6, 14 ],
            "texture": "#all"
        },
        "east": {
            "uv": [ 5, 8, 6, 14 ],
            "texture": "#all"
        }
    }
},
{
    
    "from": [ 5.5, 2.5, 6 ],
    "to": [ 6, 8, 9 ],
    "faces": {
        "down": {
            "uv": [ 4, 7, 4.5, 9 ],
            "texture": "#all"
        },
        "up": {
            "uv": [ 4, 8, 4.5, 10 ],
            "texture": "#all"
        },
        "north": {
            "uv": [ 5.5, 8, 6, 13.5 ],
            "texture": "#all"
        },
        "south": {
            "uv": [ 5.5, 8, 6, 13.5 ],
            "texture": "#all"
        },
        "west": {
            "uv": [ 7, 10, 9, 15 ],
            "texture": "#all"
        },
        "east": {
            "uv": [ 7, 10, 9, 15 ],
            "texture": "#all"
        }
    }
},
{
    
    "from": [ 6, 1.5, 6.5 ],
    "to": [ 6.5, 6, 9 ],
    "faces": {
        "down": {
            "uv": [ 4, 8, 4.5, 10.5 ],
            "texture": "#all"
        },
        "up": {
            "uv": [ 4, 8, 4.5, 10.5 ],
            "texture": "#all"
        },
        "north": {
            "uv": [ 5, 9, 5.5, 13.5 ],
            "texture": "#all"
        },
        "south": {
            "uv": [ 5, 9, 5.5, 13.5 ],
            "texture": "#all"
        },
        "west": {
            "uv": [ 7, 10, 9, 15 ],
            "texture": "#all"
        },
        "east": {
            "uv": [ 7, 10, 9, 15 ],
            "texture": "#all"
        }
    }
},
{
    
    "from": [ 6.5, 1, 7 ],
    "to": [ 7, 6, 8.5 ],
    "faces": {
        "down": {
            "uv": [ 4, 7, 4.5, 9 ],
            "texture": "#all"
        },
        "up": {
            "uv": [ 4, 7, 4.5, 9 ],
            "texture": "#all"
        },
        "north": {
            "uv": [ 7, 10, 7.5, 15 ],
            "texture": "#all"
        },
        "south": {
            "uv": [ 7, 10, 7.5, 15 ],
            "texture": "#all"
        },
        "west": {
            "uv": [ 7, 10, 9, 15 ],
            "texture": "#all"
        },
        "east": {
            "uv": [ 7, 10, 9, 15 ],
            "texture": "#all"
        }
    }
},
{
    
    "from": [ 8, 12, 6 ],
    "to": [ 9, 13, 7 ],
    "faces": {
        "down": {
            "uv": [ 8, 3, 9, 4 ],
            "texture": "#all"
        },
        "up": {
            "uv": [ 8, 3, 9, 4 ],
            "texture": "#all"
        },
        "north": {
            "uv": [ 8, 3, 9, 4 ],
            "texture": "#all"
        },
        "south": {
            "uv": [ 8, 3, 9, 4 ],
            "texture": "#all"
        },
        "west": {
            "uv": [ 6, 3, 7, 4 ],
            "texture": "#all"
        },
        "east": {
            "uv": [ 6, 3, 7, 4 ],
            "texture": "#all"
        }
    }
},
{
    
    "from": [ 6, 12, 8 ],
    "to": [ 7, 13, 9 ],
    "faces": {
        "down": {
            "uv": [ 6, 3, 7, 4 ],
            "texture": "#all"
        },
        "up": {
            "uv": [ 6, 3, 7, 4 ],
            "texture": "#all"
        },
        "north": {
            "uv": [ 6, 3, 7, 4 ],
            "texture": "#all"
        },
        "south": {
            "uv": [ 6, 3, 7, 4 ],
            "texture": "#all"
        },
        "west": {
            "uv": [ 8, 3, 9, 4 ],
            "texture": "#all"
        },
        "east": {
            "uv": [ 8, 3, 9, 4 ],
            "texture": "#all"
        }
    }
},
{
    
    "from": [ 8, 12, 8 ],
    "to": [ 9, 13, 9 ],
    "faces": {
        "down": {
            "uv": [ 8, 3, 9, 4 ],
            "texture": "#all"
        },
        "up": {
            "uv": [ 8, 3, 9, 4 ],
            "texture": "#all"
        },
        "north": {
            "uv": [ 8, 3, 9, 4 ],
            "texture": "#all"
        },
        "south": {
            "uv": [ 8, 3, 9, 4 ],
            "texture": "#all"
        },
        "west": {
            "uv": [ 8, 3, 9, 4 ],
            "texture": "#all"
        },
        "east": {
            "uv": [ 8, 3, 9, 4 ],
            "texture": "#all"
        }
    }
},
{
    
    "from": [ 6, 12, 6 ],
    "to": [ 7, 13, 7 ],
    "faces": {
        "down": {
            "uv": [ 6, 3, 7, 4 ],
            "texture": "#all"
        },
        "up": {
            "uv": [ 6, 3, 7, 4 ],
            "texture": "#all"
        },
        "north": {
            "uv": [ 6, 3, 7, 4 ],
            "texture": "#all"
        },
        "south": {
            "uv": [ 6, 3, 7, 4 ],
            "texture": "#all"
        },
        "west": {
            "uv": [ 6, 3, 7, 4 ],
            "texture": "#all"
        },
        "east": {
            "uv": [ 6, 3, 7, 4 ],
            "texture": "#all"
        }
    }
},
{
    
    "from": [ 6, 9.5, 6 ],
    "to": [ 9, 12, 9 ],
    "faces": {
        "down": {
            "uv": [ 6, 4, 9, 6 ],
            "texture": "#all"
        },
        "up": {
            "uv": [ 6, 4, 9, 6 ],
            "texture": "#all"
        },
        "north": {
            "uv": [ 6, 4, 9, 6 ],
            "texture": "#all"
        },
        "south": {
            "uv": [ 6, 4, 9, 6 ],
            "texture": "#all"
        },
        "west": {
            "uv": [ 6, 4, 9, 6 ],
            "texture": "#all"
        },
        "east": {
            "uv": [ 6, 4, 9, 6 ],
            "texture": "#all"
        }
    }
},
{
    
    "from": [ 7, 0, 7 ],
    "to": [ 8, 10, 8 ],
    "faces": {
        "down": {
            "uv": [ 7, 15, 8, 16 ],
            "texture": "#all"
        },
        "up": {
            "uv": [ 7, 7, 8, 8 ],
            "texture": "#all"
        },
        "north": {
            "uv": [ 7, 7, 8, 16 ],
            "texture": "#all"
        },
        "south": {
            "uv": [ 7, 7, 8, 16 ],
            "texture": "#all"
        },
        "west": {
            "uv": [ 7, 7, 8, 16 ],
            "texture": "#all"
        },
        "east": {
            "uv": [ 7, 7, 8, 16 ],
            "texture": "#all"
        }
    }
}
]
}
