{
    "__comment": "Fair warning, this format is highly likely to change even more in the future!",
    "textures": {
        "particle": "blocks/flower_rose",
		"all": "blocks/flower_rose"
    },
	"elements": [ 
{
    
    "from": [ 6.5, 7, 6 ],
    "to": [ 9.5, 8, 7 ],
    "faces": {
        "down": {
            "uv": [ 5, 8, 8, 9 ],
            "texture": "#all"
        },
        "up": {
            "uv": [ 8, 6, 11, 7 ],
            "texture": "#all"
        },
        "north": {
            "uv": [ 5, 8, 8, 9 ],
            "texture": "#all"
        },
        "south": {
            "uv": [ 8, 6, 11, 7 ],
            "texture": "#all"
        },
        "west": {
            "uv": [ 6, 8, 7, 9 ],
            "texture": "#all"
        },
        "east": {
            "uv": [ 6, 8, 7, 9 ],
            "texture": "#all"
        }
    }
},
{
    
    "from": [ 10, 8.5, 8.5 ],
    "to": [ 11, 9.5, 9.5 ],
    "faces": {
        "down": {
            "uv": [ 9, 8, 10, 9 ],
            "texture": "#all"
        },
        "up": {
            "uv": [ 10, 7, 11, 8 ],
            "texture": "#all"
        },
        "north": {
            "uv": [ 9, 6, 10, 7 ],
            "texture": "#all"
        },
        "south": {
            "uv": [ 10, 6, 11, 7 ],
            "texture": "#all"
        },
        "west": {
            "uv": [ 8.5, 5.5, 9.5, 6.5 ],
            "texture": "#all"
        },
        "east": {
            "uv": [ 8.5, 5.5, 9.5, 6.5 ],
            "texture": "#all"
        }
    }
},
{
    
    "from": [ 6, 8.5, 8.5 ],
    "to": [ 7, 9.5, 9.5 ],
    "faces": {
        "down": {
            "uv": [ 6, 8.5, 7, 9.5 ],
            "texture": "#all"
        },
        "up": {
            "uv": [ 6, 8.5, 7, 9.5 ],
            "texture": "#all"
        },
        "north": {
            "uv": [ 5, 7, 6, 8 ],
            "texture": "#all"
        },
        "south": {
            "uv": [ 6, 6, 7, 7 ],
            "texture": "#all"
        },
        "west": {
            "uv": [ 8.5, 5.5, 9.5, 6.5 ],
            "texture": "#all"
        },
        "east": {
            "uv": [ 8.5, 5.5, 9.5, 6.5 ],
            "texture": "#all"
        }
    }
},
{
    
    "from": [ 9.5, 8, 7.5 ],
    "to": [ 10.5, 9, 8.5 ],
    "faces": {
        "down": {
            "uv": [ 9.5, 7, 10.5, 8 ],
            "texture": "#all"
        },
        "up": {
            "uv": [ 9.5, 7, 10.5, 8 ],
            "texture": "#all"
        },
        "north": {
            "uv": [ 9, 7, 10, 8 ],
            "texture": "#all"
        },
        "south": {
            "uv": [ 9, 7, 10, 8 ],
            "texture": "#all"
        },
        "west": {
            "uv": [ 7, 7.5, 8, 8.5 ],
            "texture": "#all"
        },
        "east": {
            "uv": [ 7, 7.5, 8, 8.5 ],
            "texture": "#all"
        }
    }
},
{
    
    "from": [ 5.5, 7.5, 6.5 ],
    "to": [ 6.5, 8.5, 7.5 ],
    "faces": {
        "down": {
            "uv": [ 5, 7, 6, 8 ],
            "texture": "#all"
        },
        "up": {
            "uv": [ 6, 8, 7, 9 ],
            "texture": "#all"
        },
        "north": {
            "uv": [ 5.5, 8, 6.5, 9 ],
            "texture": "#all"
        },
        "south": {
            "uv": [ 5.5, 8, 6.5, 9 ],
            "texture": "#all"
        },
        "west": {
            "uv": [ 6.5, 8, 7.5, 9 ],
            "texture": "#all"
        },
        "east": {
            "uv": [ 6.5, 8, 7.5, 9 ],
            "texture": "#all"
        }
    }
},
{
    
    "from": [ 9, 7.5, 7 ],
    "to": [ 10, 8.5, 8 ],
    "faces": {
        "down": {
            "uv": [ 9, 7, 10, 8 ],
            "texture": "#all"
        },
        "up": {
            "uv": [ 9, 7, 10, 8 ],
            "texture": "#all"
        },
        "north": {
            "uv": [ 9, 7.5, 10, 8.5 ],
            "texture": "#all"
        },
        "south": {
            "uv": [ 9, 7.5, 10, 8.5 ],
            "texture": "#all"
        },
        "west": {
            "uv": [ 7, 7.5, 8, 8.5 ],
            "texture": "#all"
        },
        "east": {
            "uv": [ 7, 7.5, 8, 8.5 ],
            "texture": "#all"
        }
    }
},
{
    
    "from": [ 5.5, 8, 7.5 ],
    "to": [ 6.5, 9, 8.5 ],
    "faces": {
        "down": {
            "uv": [ 5.5, 7.5, 6.5, 8.5 ],
            "texture": "#all"
        },
        "up": {
            "uv": [ 5.5, 7.5, 6.5, 8.5 ],
            "texture": "#all"
        },
        "north": {
            "uv": [ 5.5, 7, 6.5, 8 ],
            "texture": "#all"
        },
        "south": {
            "uv": [ 5.5, 7, 6.5, 8 ],
            "texture": "#all"
        },
        "west": {
            "uv": [ 7.5, 7, 8.5, 8 ],
            "texture": "#all"
        },
        "east": {
            "uv": [ 7.5, 7, 8.5, 8 ],
            "texture": "#all"
        }
    }
},
{
    
    "from": [ 7, 9, 9 ],
    "to": [ 10, 10, 10 ],
    "faces": {
        "down": {
            "uv": [ 7, 8, 10, 9 ],
            "texture": "#all"
        },
        "up": {
            "uv": [ 7, 8, 10, 9 ],
            "texture": "#all"
        },
        "north": {
            "uv": [ 7, 6, 10, 7 ],
            "texture": "#all"
        },
        "south": {
            "uv": [ 7, 6, 10, 7 ],
            "texture": "#all"
        },
        "west": {
            "uv": [ 9, 6, 10, 7 ],
            "texture": "#all"
        },
        "east": {
            "uv": [ 10, 6, 11, 7 ],
            "texture": "#all"
        }
    }
},
{
    
    "from": [ 6, 8, 8 ],
    "to": [ 10, 9, 9 ],
    "faces": {
        "down": {
            "uv": [ 6, 8, 10, 9 ],
            "texture": "#all"
        },
        "up": {
            "uv": [ 6, 8, 10, 9 ],
            "texture": "#all"
        },
        "north": {
            "uv": [ 6, 7, 10, 8 ],
            "texture": "#all"
        },
        "south": {
            "uv": [ 6, 7, 10, 8 ],
            "texture": "#all"
        },
        "west": {
            "uv": [ 8, 7, 9, 8 ],
            "texture": "#all"
        },
        "east": {
            "uv": [ 8, 7, 9, 8 ],
            "texture": "#all"
        }
    }
},
{
    
    "from": [ 6, 7, 7 ],
    "to": [ 9, 8, 8 ],
    "faces": {
        "down": {
            "uv": [ 6, 7, 9, 8 ],
            "texture": "#all"
        },
        "up": {
            "uv": [ 6, 7, 9, 8 ],
            "texture": "#all"
        },
        "north": {
            "uv": [ 6, 8, 9, 9 ],
            "texture": "#all"
        },
        "south": {
            "uv": [ 6, 8, 9, 9 ],
            "texture": "#all"
        },
        "west": {
            "uv": [ 7, 8, 8, 9 ],
            "texture": "#all"
        },
        "east": {
            "uv": [ 7, 8, 8, 9 ],
            "texture": "#all"
        }
    }
},
{
    
    "from": [ 10, 2, 10 ],
    "to": [ 12, 3, 12 ],
    "faces": {
        "down": {
            "uv": [ 8, 14, 10, 16 ],
            "texture": "#all"
        },
        "up": {
            "uv": [ 8, 14, 10, 16 ],
            "texture": "#all"
        },
        "north": {
            "uv": [ 10, 13, 12, 14 ],
            "texture": "#all"
        },
        "south": {
            "uv": [ 10, 13, 12, 14 ],
            "texture": "#all"
        },
        "west": {
            "uv": [ 10, 13, 12, 14 ],
            "texture": "#all"
        },
        "east": {
            "uv": [ 10, 13, 12, 14 ],
            "texture": "#all"
        }
    }
},
{
    
    "from": [ 9, 0, 9 ],
    "to": [ 10, 2, 10 ],
    "faces": {
        "down": {
            "uv": [ 8, 9, 9, 10 ],
            "texture": "#all"
        },
        "up": {
            "uv": [ 8, 9, 9, 10 ],
            "texture": "#all"
        },
        "north": {
            "uv": [ 9, 14, 10, 16 ],
            "texture": "#all"
        },
        "south": {
            "uv": [ 9, 14, 10, 16 ],
            "texture": "#all"
        },
        "west": {
            "uv": [ 9, 14, 10, 16 ],
            "texture": "#all"
        },
        "east": {
            "uv": [ 9, 14, 10, 16 ],
            "texture": "#all"
        }
    }
},
{
    
    "from": [ 6, 1, 8 ],
    "to": [ 7, 2, 9 ],
    "faces": {
        "down": {
            "uv": [ 8, 11, 9, 12 ],
            "texture": "#all"
        },
        "up": {
            "uv": [ 8, 11, 9, 12 ],
            "texture": "#all"
        },
        "north": {
            "uv": [ 6, 14, 7, 15 ],
            "texture": "#all"
        },
        "south": {
            "uv": [ 6, 14, 7, 15 ],
            "texture": "#all"
        },
        "west": {
            "uv": [ 8, 14, 9, 15 ],
            "texture": "#all"
        },
        "east": {
            "uv": [ 8, 14, 9, 15 ],
            "texture": "#all"
        }
    }
},
{
    
    "from": [ 5, 2, 7.5 ],
    "to": [ 7, 3, 9.5 ],
    "faces": {
        "down": {
            "uv": [ 8, 14, 10, 16 ],
            "texture": "#all"
        },
        "up": {
            "uv": [ 8, 14, 10, 16 ],
            "texture": "#all"
        },
        "north": {
            "uv": [ 5, 13, 7, 14 ],
            "texture": "#all"
        },
        "south": {
            "uv": [ 5, 13, 7, 14 ],
            "texture": "#all"
        },
        "west": {
            "uv": [ 5, 13, 7, 14 ],
            "texture": "#all"
        },
        "east": {
            "uv": [ 5, 13, 7, 14 ],
            "texture": "#all"
        }
    }
},
{
    
    "from": [ 7, 0, 8 ],
    "to": [ 8, 1, 9 ],
    "faces": {
        "down": {
            "uv": [ 7, 9, 8, 10 ],
            "texture": "#all"
        },
        "up": {
            "uv": [ 8, 11, 9, 12 ],
            "texture": "#all"
        },
        "north": {
            "uv": [ 7, 15, 8, 16 ],
            "texture": "#all"
        },
        "south": {
            "uv": [ 7, 15, 8, 16 ],
            "texture": "#all"
        },
        "west": {
            "uv": [ 8, 15, 9, 16 ],
            "texture": "#all"
        },
        "east": {
            "uv": [ 8, 15, 9, 16 ],
            "texture": "#all"
        }
    }
},
{
    
    "from": [ 8, 0, 8 ],
    "to": [ 9, 8, 9 ],
    "faces": {
        "down": {
            "uv": [ 8, 9, 9, 10 ],
            "texture": "#all"
        },
        "up": {
            "uv": [ 8, 9, 9, 10 ],
            "texture": "#all"
        },
        "north": {
            "uv": [ 8, 9, 9, 16 ],
            "texture": "#all"
        },
        "south": {
            "uv": [ 8, 9, 9, 16 ],
            "texture": "#all"
        },
        "west": {
            "uv": [ 8, 9, 9, 16 ],
            "texture": "#all"
        },
        "east": {
            "uv": [ 8, 9, 9, 16 ],
            "texture": "#all"
        }
    }
}
]
}
