{
    "__comment": "Fair warning, this format is highly likely to change even more in the future!",
    "textures": {
        "particle": "blocks/potatoes_stage_3",
		"all": "blocks/potatoes_stage_3"
    },
	"elements": [ 
{
    
    "from": [ 15, 2, 3 ],
    "to": [ 16, 4, 4 ],
    "faces": {
        "down": {
            "uv": [ 15, 12, 16, 13 ],
            "texture": "#all"
        },
        "up": {
            "uv": [ 15, 11, 16, 12 ],
            "texture": "#all"
        },
        "north": {
            "uv": [ 15, 11, 16, 13 ],
            "texture": "#all"
        },
        "south": {
            "uv": [ 15, 11, 16, 13 ],
            "texture": "#all"
        },
        "west": {
            "uv": [ 15, 11, 16, 13 ],
            "texture": "#all"
        },
        "east": {
            "uv": [ 15, 11, 16, 13 ],
            "texture": "#all"
        }
    }
},
{
    
    "from": [ 15, 5, 3 ],
    "to": [ 16, 7, 4 ],
    "faces": {
        "down": {
            "uv": [ 15, 9, 16, 10 ],
            "texture": "#all"
        },
        "up": {
            "uv": [ 15, 8, 16, 9 ],
            "texture": "#all"
        },
        "north": {
            "uv": [ 15, 8, 16, 10 ],
            "texture": "#all"
        },
        "south": {
            "uv": [ 15, 8, 16, 10 ],
            "texture": "#all"
        },
        "west": {
            "uv": [ 15, 8, 16, 10 ],
            "texture": "#all"
        },
        "east": {
            "uv": [ 15, 8, 16, 10 ],
            "texture": "#all"
        }
    }
},
{
    
    "from": [ 14, -1, 3 ],
    "to": [ 15, 0, 4 ],
    "faces": {
        "down": {
            "uv": [ 14, 15, 15, 16 ],
            "texture": "#all"
        },
        "up": {
            "uv": [ 14, 15, 15, 16 ],
            "texture": "#all"
        },
        "north": {
            "uv": [ 14, 15, 15, 16 ],
            "texture": "#all"
        },
        "south": {
            "uv": [ 14, 15, 15, 16 ],
            "texture": "#all"
        },
        "west": {
            "uv": [ 14, 15, 15, 16 ],
            "texture": "#all"
        },
        "east": {
            "uv": [ 14, 15, 15, 16 ],
            "texture": "#all"
        }
    }
},
{
    
    "from": [ 14, 1, 3 ],
    "to": [ 15, 7, 4 ],
    "faces": {
        "down": {
            "uv": [ 14, 13, 15, 14 ],
            "texture": "#all"
        },
        "up": {
            "uv": [ 14, 8, 15, 9 ],
            "texture": "#all"
        },
        "north": {
            "uv": [ 14, 8, 15, 14 ],
            "texture": "#all"
        },
        "south": {
            "uv": [ 14, 8, 15, 14 ],
            "texture": "#all"
        },
        "west": {
            "uv": [ 14, 8, 15, 14 ],
            "texture": "#all"
        },
        "east": {
            "uv": [ 14, 8, 15, 14 ],
            "texture": "#all"
        }
    }
},
{
    
    "from": [ 13, -1, 3 ],
    "to": [ 14, 6, 4 ],
    "faces": {
        "down": {
            "uv": [ 13, 15, 14, 16 ],
            "texture": "#all"
        },
        "up": {
            "uv": [ 13, 9, 14, 10 ],
            "texture": "#all"
        },
        "north": {
            "uv": [ 13, 9, 14, 16 ],
            "texture": "#all"
        },
        "south": {
            "uv": [ 13, 9, 14, 16 ],
            "texture": "#all"
        },
        "west": {
            "uv": [ 13, 9, 14, 16 ],
            "texture": "#all"
        },
        "east": {
            "uv": [ 13, 9, 14, 16 ],
            "texture": "#all"
        }
    }
},
{
    
    "from": [ 12, -1, 3 ],
    "to": [ 13, 6, 4 ],
    "faces": {
        "down": {
            "uv": [ 12, 15, 13, 16 ],
            "texture": "#all"
        },
        "up": {
            "uv": [ 12, 9, 13, 10 ],
            "texture": "#all"
        },
        "north": {
            "uv": [ 12, 9, 13, 16 ],
            "texture": "#all"
        },
        "south": {
            "uv": [ 12, 9, 13, 16 ],
            "texture": "#all"
        },
        "west": {
            "uv": [ 12, 9, 13, 16 ],
            "texture": "#all"
        },
        "east": {
            "uv": [ 12, 9, 13, 16 ],
            "texture": "#all"
        }
    }
},
{
    
    "from": [ 11, -1, 3 ],
    "to": [ 12, 5, 4 ],
    "faces": {
        "down": {
            "uv": [ 11, 15, 12, 16 ],
            "texture": "#all"
        },
        "up": {
            "uv": [ 11, 10, 12, 11 ],
            "texture": "#all"
        },
        "north": {
            "uv": [ 11, 10, 12, 16 ],
            "texture": "#all"
        },
        "south": {
            "uv": [ 11, 10, 12, 16 ],
            "texture": "#all"
        },
        "west": {
            "uv": [ 11, 10, 12, 16 ],
            "texture": "#all"
        },
        "east": {
            "uv": [ 11, 10, 12, 16 ],
            "texture": "#all"
        }
    }
},
{
    
    "from": [ 10, -1, 3 ],
    "to": [ 11, 8, 4 ],
    "faces": {
        "down": {
            "uv": [ 10, 15, 11, 16 ],
            "texture": "#all"
        },
        "up": {
            "uv": [ 10, 7, 11, 8 ],
            "texture": "#all"
        },
        "north": {
            "uv": [ 10, 7, 11, 16 ],
            "texture": "#all"
        },
        "south": {
            "uv": [ 10, 7, 11, 16 ],
            "texture": "#all"
        },
        "west": {
            "uv": [ 10, 7, 11, 16 ],
            "texture": "#all"
        },
        "east": {
            "uv": [ 10, 7, 11, 16 ],
            "texture": "#all"
        }
    }
},
{
    
    "from": [ 9, -1, 3 ],
    "to": [ 10, 7, 4 ],
    "faces": {
        "down": {
            "uv": [ 9, 15, 10, 16 ],
            "texture": "#all"
        },
        "up": {
            "uv": [ 9, 8, 10, 9 ],
            "texture": "#all"
        },
        "north": {
            "uv": [ 9, 8, 10, 16 ],
            "texture": "#all"
        },
        "south": {
            "uv": [ 9, 8, 10, 16 ],
            "texture": "#all"
        },
        "west": {
            "uv": [ 9, 8, 10, 16 ],
            "texture": "#all"
        },
        "east": {
            "uv": [ 9, 8, 10, 16 ],
            "texture": "#all"
        }
    }
},
{
    
    "from": [ 8, -1, 3 ],
    "to": [ 9, 6, 4 ],
    "faces": {
        "down": {
            "uv": [ 8, 15, 9, 16 ],
            "texture": "#all"
        },
        "up": {
            "uv": [ 8, 9, 9, 10 ],
            "texture": "#all"
        },
        "north": {
            "uv": [ 8, 9, 9, 16 ],
            "texture": "#all"
        },
        "south": {
            "uv": [ 8, 9, 9, 16 ],
            "texture": "#all"
        },
        "west": {
            "uv": [ 8, 9, 9, 16 ],
            "texture": "#all"
        },
        "east": {
            "uv": [ 8, 9, 9, 16 ],
            "texture": "#all"
        }
    }
},
{
    
    "from": [ 7, -1, 3 ],
    "to": [ 8, 4, 4 ],
    "faces": {
        "down": {
            "uv": [ 7, 15, 8, 16 ],
            "texture": "#all"
        },
        "up": {
            "uv": [ 7, 11, 8, 12 ],
            "texture": "#all"
        },
        "north": {
            "uv": [ 7, 11, 8, 16 ],
            "texture": "#all"
        },
        "south": {
            "uv": [ 7, 11, 8, 16 ],
            "texture": "#all"
        },
        "west": {
            "uv": [ 7, 11, 8, 16 ],
            "texture": "#all"
        },
        "east": {
            "uv": [ 7, 11, 8, 16 ],
            "texture": "#all"
        }
    }
},
{
    
    "from": [ 6, -1, 3 ],
    "to": [ 7, 6, 4 ],
    "faces": {
        "down": {
            "uv": [ 6, 15, 7, 16 ],
            "texture": "#all"
        },
        "up": {
            "uv": [ 6, 9, 7, 10 ],
            "texture": "#all"
        },
        "north": {
            "uv": [ 6, 9, 7, 16 ],
            "texture": "#all"
        },
        "south": {
            "uv": [ 6, 9, 7, 16 ],
            "texture": "#all"
        },
        "west": {
            "uv": [ 6, 9, 7, 16 ],
            "texture": "#all"
        },
        "east": {
            "uv": [ 6, 9, 7, 16 ],
            "texture": "#all"
        }
    }
},
{
    
    "from": [ 5, -1, 3 ],
    "to": [ 6, 7, 4 ],
    "faces": {
        "down": {
            "uv": [ 5, 15, 6, 16 ],
            "texture": "#all"
        },
        "up": {
            "uv": [ 5, 8, 6, 9 ],
            "texture": "#all"
        },
        "north": {
            "uv": [ 5, 8, 6, 16 ],
            "texture": "#all"
        },
        "south": {
            "uv": [ 5, 8, 6, 16 ],
            "texture": "#all"
        },
        "west": {
            "uv": [ 5, 8, 6, 16 ],
            "texture": "#all"
        },
        "east": {
            "uv": [ 5, 8, 6, 16 ],
            "texture": "#all"
        }
    }
},
{
    
    "from": [ 4, -1, 3 ],
    "to": [ 5, 7, 4 ],
    "faces": {
        "down": {
            "uv": [ 4, 15, 5, 16 ],
            "texture": "#all"
        },
        "up": {
            "uv": [ 4, 8, 5, 9 ],
            "texture": "#all"
        },
        "north": {
            "uv": [ 4, 8, 5, 16 ],
            "texture": "#all"
        },
        "south": {
            "uv": [ 4, 8, 5, 16 ],
            "texture": "#all"
        },
        "west": {
            "uv": [ 4, 8, 5, 16 ],
            "texture": "#all"
        },
        "east": {
            "uv": [ 4, 8, 5, 16 ],
            "texture": "#all"
        }
    }
},
{
    
    "from": [ 3, -1, 3 ],
    "to": [ 4, 6, 4 ],
    "faces": {
        "down": {
            "uv": [ 3, 15, 4, 16 ],
            "texture": "#all"
        },
        "up": {
            "uv": [ 3, 9, 4, 10 ],
            "texture": "#all"
        },
        "north": {
            "uv": [ 3, 9, 4, 16 ],
            "texture": "#all"
        },
        "south": {
            "uv": [ 3, 9, 4, 16 ],
            "texture": "#all"
        },
        "west": {
            "uv": [ 3, 9, 4, 16 ],
            "texture": "#all"
        },
        "east": {
            "uv": [ 3, 9, 4, 16 ],
            "texture": "#all"
        }
    }
},
{
    
    "from": [ 2, -1, 3 ],
    "to": [ 3, 6, 4 ],
    "faces": {
        "down": {
            "uv": [ 2, 15, 3, 16 ],
            "texture": "#all"
        },
        "up": {
            "uv": [ 2, 9, 3, 10 ],
            "texture": "#all"
        },
        "north": {
            "uv": [ 2, 9, 3, 16 ],
            "texture": "#all"
        },
        "south": {
            "uv": [ 2, 9, 3, 16 ],
            "texture": "#all"
        },
        "west": {
            "uv": [ 2, 9, 3, 16 ],
            "texture": "#all"
        },
        "east": {
            "uv": [ 2, 9, 3, 16 ],
            "texture": "#all"
        }
    }
},
{
    
    "from": [ 1, -1, 3 ],
    "to": [ 2, 0, 4 ],
    "faces": {
        "down": {
            "uv": [ 1, 15, 2, 16 ],
            "texture": "#all"
        },
        "up": {
            "uv": [ 1, 15, 2, 16 ],
            "texture": "#all"
        },
        "north": {
            "uv": [ 1, 15, 2, 16 ],
            "texture": "#all"
        },
        "south": {
            "uv": [ 1, 15, 2, 16 ],
            "texture": "#all"
        },
        "west": {
            "uv": [ 1, 15, 2, 16 ],
            "texture": "#all"
        },
        "east": {
            "uv": [ 1, 15, 2, 16 ],
            "texture": "#all"
        }
    }
},
{
    
    "from": [ 1, 1, 3 ],
    "to": [ 2, 2, 4 ],
    "faces": {
        "down": {
            "uv": [ 1, 13, 2, 14 ],
            "texture": "#all"
        },
        "up": {
            "uv": [ 1, 13, 2, 14 ],
            "texture": "#all"
        },
        "north": {
            "uv": [ 1, 13, 2, 14 ],
            "texture": "#all"
        },
        "south": {
            "uv": [ 1, 13, 2, 14 ],
            "texture": "#all"
        },
        "west": {
            "uv": [ 1, 13, 2, 14 ],
            "texture": "#all"
        },
        "east": {
            "uv": [ 1, 13, 2, 14 ],
            "texture": "#all"
        }
    }
},
{
    
    "from": [ 1, 3, 3 ],
    "to": [ 2, 7, 4 ],
    "faces": {
        "down": {
            "uv": [ 1, 11, 2, 12 ],
            "texture": "#all"
        },
        "up": {
            "uv": [ 1, 8, 2, 9 ],
            "texture": "#all"
        },
        "north": {
            "uv": [ 1, 8, 2, 12 ],
            "texture": "#all"
        },
        "south": {
            "uv": [ 1, 8, 2, 12 ],
            "texture": "#all"
        },
        "west": {
            "uv": [ 1, 8, 2, 12 ],
            "texture": "#all"
        },
        "east": {
            "uv": [ 1, 8, 2, 12 ],
            "texture": "#all"
        }
    }
},
{
    
    "from": [ 0, 4, 3 ],
    "to": [ 1, 7, 4 ],
    "faces": {
        "down": {
            "uv": [ 0, 10, 1, 11 ],
            "texture": "#all"
        },
        "up": {
            "uv": [ 0, 8, 1, 9 ],
            "texture": "#all"
        },
        "north": {
            "uv": [ 0, 8, 1, 11 ],
            "texture": "#all"
        },
        "south": {
            "uv": [ 0, 8, 1, 11 ],
            "texture": "#all"
        },
        "west": {
            "uv": [ 0, 8, 1, 11 ],
            "texture": "#all"
        },
        "east": {
            "uv": [ 0, 8, 1, 11 ],
            "texture": "#all"
        }
    }
},
{
    
    "from": [ 12, 2, 15 ],
    "to": [ 13, 4, 16 ],
    "faces": {
        "down": {
            "uv": [ 15, 12, 16, 13 ],
            "texture": "#all"
        },
        "up": {
            "uv": [ 15, 11, 16, 12 ],
            "texture": "#all"
        },
        "north": {
            "uv": [ 15, 11, 16, 13 ],
            "texture": "#all"
        },
        "south": {
            "uv": [ 15, 11, 16, 13 ],
            "texture": "#all"
        },
        "west": {
            "uv": [ 15, 11, 16, 13 ],
            "texture": "#all"
        },
        "east": {
            "uv": [ 15, 11, 16, 13 ],
            "texture": "#all"
        }
    }
},
{
    
    "from": [ 12, 5, 15 ],
    "to": [ 13, 7, 16 ],
    "faces": {
        "down": {
            "uv": [ 15, 9, 16, 10 ],
            "texture": "#all"
        },
        "up": {
            "uv": [ 15, 8, 16, 9 ],
            "texture": "#all"
        },
        "north": {
            "uv": [ 15, 8, 16, 10 ],
            "texture": "#all"
        },
        "south": {
            "uv": [ 15, 8, 16, 10 ],
            "texture": "#all"
        },
        "west": {
            "uv": [ 15, 8, 16, 10 ],
            "texture": "#all"
        },
        "east": {
            "uv": [ 15, 8, 16, 10 ],
            "texture": "#all"
        }
    }
},
{
    
    "from": [ 12, -1, 14 ],
    "to": [ 13, 0, 15 ],
    "faces": {
        "down": {
            "uv": [ 14, 15, 15, 16 ],
            "texture": "#all"
        },
        "up": {
            "uv": [ 14, 15, 15, 16 ],
            "texture": "#all"
        },
        "north": {
            "uv": [ 14, 15, 15, 16 ],
            "texture": "#all"
        },
        "south": {
            "uv": [ 14, 15, 15, 16 ],
            "texture": "#all"
        },
        "west": {
            "uv": [ 14, 15, 15, 16 ],
            "texture": "#all"
        },
        "east": {
            "uv": [ 14, 15, 15, 16 ],
            "texture": "#all"
        }
    }
},
{
    
    "from": [ 12, 1, 14 ],
    "to": [ 13, 7, 15 ],
    "faces": {
        "down": {
            "uv": [ 14, 13, 15, 14 ],
            "texture": "#all"
        },
        "up": {
            "uv": [ 14, 8, 15, 9 ],
            "texture": "#all"
        },
        "north": {
            "uv": [ 14, 8, 15, 14 ],
            "texture": "#all"
        },
        "south": {
            "uv": [ 14, 8, 15, 14 ],
            "texture": "#all"
        },
        "west": {
            "uv": [ 14, 8, 15, 14 ],
            "texture": "#all"
        },
        "east": {
            "uv": [ 14, 8, 15, 14 ],
            "texture": "#all"
        }
    }
},
{
    
    "from": [ 12, -1, 13 ],
    "to": [ 13, 6, 14 ],
    "faces": {
        "down": {
            "uv": [ 13, 15, 14, 16 ],
            "texture": "#all"
        },
        "up": {
            "uv": [ 13, 9, 14, 10 ],
            "texture": "#all"
        },
        "north": {
            "uv": [ 13, 9, 14, 16 ],
            "texture": "#all"
        },
        "south": {
            "uv": [ 13, 9, 14, 16 ],
            "texture": "#all"
        },
        "west": {
            "uv": [ 13, 9, 14, 16 ],
            "texture": "#all"
        },
        "east": {
            "uv": [ 13, 9, 14, 16 ],
            "texture": "#all"
        }
    }
},
{
    
    "from": [ 12, -1, 12 ],
    "to": [ 13, 6, 13 ],
    "faces": {
        "down": {
            "uv": [ 12, 15, 13, 16 ],
            "texture": "#all"
        },
        "up": {
            "uv": [ 12, 9, 13, 10 ],
            "texture": "#all"
        },
        "north": {
            "uv": [ 12, 9, 13, 16 ],
            "texture": "#all"
        },
        "south": {
            "uv": [ 12, 9, 13, 16 ],
            "texture": "#all"
        },
        "west": {
            "uv": [ 12, 9, 13, 16 ],
            "texture": "#all"
        },
        "east": {
            "uv": [ 12, 9, 13, 16 ],
            "texture": "#all"
        }
    }
},
{
    
    "from": [ 12, -1, 11 ],
    "to": [ 13, 5, 12 ],
    "faces": {
        "down": {
            "uv": [ 11, 15, 12, 16 ],
            "texture": "#all"
        },
        "up": {
            "uv": [ 11, 10, 12, 11 ],
            "texture": "#all"
        },
        "north": {
            "uv": [ 11, 10, 12, 16 ],
            "texture": "#all"
        },
        "south": {
            "uv": [ 11, 10, 12, 16 ],
            "texture": "#all"
        },
        "west": {
            "uv": [ 11, 10, 12, 16 ],
            "texture": "#all"
        },
        "east": {
            "uv": [ 11, 10, 12, 16 ],
            "texture": "#all"
        }
    }
},
{
    
    "from": [ 12, -1, 10 ],
    "to": [ 13, 8, 11 ],
    "faces": {
        "down": {
            "uv": [ 10, 15, 11, 16 ],
            "texture": "#all"
        },
        "up": {
            "uv": [ 10, 7, 11, 8 ],
            "texture": "#all"
        },
        "north": {
            "uv": [ 10, 7, 11, 16 ],
            "texture": "#all"
        },
        "south": {
            "uv": [ 10, 7, 11, 16 ],
            "texture": "#all"
        },
        "west": {
            "uv": [ 10, 7, 11, 16 ],
            "texture": "#all"
        },
        "east": {
            "uv": [ 10, 7, 11, 16 ],
            "texture": "#all"
        }
    }
},
{
    
    "from": [ 12, -1, 9 ],
    "to": [ 13, 7, 10 ],
    "faces": {
        "down": {
            "uv": [ 9, 15, 10, 16 ],
            "texture": "#all"
        },
        "up": {
            "uv": [ 9, 8, 10, 9 ],
            "texture": "#all"
        },
        "north": {
            "uv": [ 9, 8, 10, 16 ],
            "texture": "#all"
        },
        "south": {
            "uv": [ 9, 8, 10, 16 ],
            "texture": "#all"
        },
        "west": {
            "uv": [ 9, 8, 10, 16 ],
            "texture": "#all"
        },
        "east": {
            "uv": [ 9, 8, 10, 16 ],
            "texture": "#all"
        }
    }
},
{
    
    "from": [ 12, -1, 8 ],
    "to": [ 13, 6, 9 ],
    "faces": {
        "down": {
            "uv": [ 8, 15, 9, 16 ],
            "texture": "#all"
        },
        "up": {
            "uv": [ 8, 9, 9, 10 ],
            "texture": "#all"
        },
        "north": {
            "uv": [ 8, 9, 9, 16 ],
            "texture": "#all"
        },
        "south": {
            "uv": [ 8, 9, 9, 16 ],
            "texture": "#all"
        },
        "west": {
            "uv": [ 8, 9, 9, 16 ],
            "texture": "#all"
        },
        "east": {
            "uv": [ 8, 9, 9, 16 ],
            "texture": "#all"
        }
    }
},
{
    
    "from": [ 12, -1, 7 ],
    "to": [ 13, 4, 8 ],
    "faces": {
        "down": {
            "uv": [ 7, 15, 8, 16 ],
            "texture": "#all"
        },
        "up": {
            "uv": [ 7, 11, 8, 12 ],
            "texture": "#all"
        },
        "north": {
            "uv": [ 7, 11, 8, 16 ],
            "texture": "#all"
        },
        "south": {
            "uv": [ 7, 11, 8, 16 ],
            "texture": "#all"
        },
        "west": {
            "uv": [ 7, 11, 8, 16 ],
            "texture": "#all"
        },
        "east": {
            "uv": [ 7, 11, 8, 16 ],
            "texture": "#all"
        }
    }
},
{
    
    "from": [ 12, -1, 6 ],
    "to": [ 13, 6, 7 ],
    "faces": {
        "down": {
            "uv": [ 6, 15, 7, 16 ],
            "texture": "#all"
        },
        "up": {
            "uv": [ 6, 9, 7, 10 ],
            "texture": "#all"
        },
        "north": {
            "uv": [ 6, 9, 7, 16 ],
            "texture": "#all"
        },
        "south": {
            "uv": [ 6, 9, 7, 16 ],
            "texture": "#all"
        },
        "west": {
            "uv": [ 6, 9, 7, 16 ],
            "texture": "#all"
        },
        "east": {
            "uv": [ 6, 9, 7, 16 ],
            "texture": "#all"
        }
    }
},
{
    
    "from": [ 12, -1, 5 ],
    "to": [ 13, 7, 6 ],
    "faces": {
        "down": {
            "uv": [ 5, 15, 6, 16 ],
            "texture": "#all"
        },
        "up": {
            "uv": [ 5, 8, 6, 9 ],
            "texture": "#all"
        },
        "north": {
            "uv": [ 5, 8, 6, 16 ],
            "texture": "#all"
        },
        "south": {
            "uv": [ 5, 8, 6, 16 ],
            "texture": "#all"
        },
        "west": {
            "uv": [ 5, 8, 6, 16 ],
            "texture": "#all"
        },
        "east": {
            "uv": [ 5, 8, 6, 16 ],
            "texture": "#all"
        }
    }
},
{
    
    "from": [ 12, -1, 4 ],
    "to": [ 13, 7, 5 ],
    "faces": {
        "down": {
            "uv": [ 4, 15, 5, 16 ],
            "texture": "#all"
        },
        "up": {
            "uv": [ 4, 8, 5, 9 ],
            "texture": "#all"
        },
        "north": {
            "uv": [ 4, 8, 5, 16 ],
            "texture": "#all"
        },
        "south": {
            "uv": [ 4, 8, 5, 16 ],
            "texture": "#all"
        },
        "west": {
            "uv": [ 4, 8, 5, 16 ],
            "texture": "#all"
        },
        "east": {
            "uv": [ 4, 8, 5, 16 ],
            "texture": "#all"
        }
    }
},
{
    
    "from": [ 12, -1, 3 ],
    "to": [ 13, 6, 4 ],
    "faces": {
        "down": {
            "uv": [ 3, 15, 4, 16 ],
            "texture": "#all"
        },
        "up": {
            "uv": [ 3, 9, 4, 10 ],
            "texture": "#all"
        },
        "north": {
            "uv": [ 3, 9, 4, 16 ],
            "texture": "#all"
        },
        "south": {
            "uv": [ 3, 9, 4, 16 ],
            "texture": "#all"
        },
        "west": {
            "uv": [ 3, 9, 4, 16 ],
            "texture": "#all"
        },
        "east": {
            "uv": [ 3, 9, 4, 16 ],
            "texture": "#all"
        }
    }
},
{
    
    "from": [ 12, -1, 2 ],
    "to": [ 13, 6, 3 ],
    "faces": {
        "down": {
            "uv": [ 2, 15, 3, 16 ],
            "texture": "#all"
        },
        "up": {
            "uv": [ 2, 9, 3, 10 ],
            "texture": "#all"
        },
        "north": {
            "uv": [ 2, 9, 3, 16 ],
            "texture": "#all"
        },
        "south": {
            "uv": [ 2, 9, 3, 16 ],
            "texture": "#all"
        },
        "west": {
            "uv": [ 2, 9, 3, 16 ],
            "texture": "#all"
        },
        "east": {
            "uv": [ 2, 9, 3, 16 ],
            "texture": "#all"
        }
    }
},
{
    
    "from": [ 12, -1, 1 ],
    "to": [ 13, 0, 2 ],
    "faces": {
        "down": {
            "uv": [ 1, 15, 2, 16 ],
            "texture": "#all"
        },
        "up": {
            "uv": [ 1, 15, 2, 16 ],
            "texture": "#all"
        },
        "north": {
            "uv": [ 1, 15, 2, 16 ],
            "texture": "#all"
        },
        "south": {
            "uv": [ 1, 15, 2, 16 ],
            "texture": "#all"
        },
        "west": {
            "uv": [ 1, 15, 2, 16 ],
            "texture": "#all"
        },
        "east": {
            "uv": [ 1, 15, 2, 16 ],
            "texture": "#all"
        }
    }
},
{
    
    "from": [ 12, 1, 1 ],
    "to": [ 13, 2, 2 ],
    "faces": {
        "down": {
            "uv": [ 1, 13, 2, 14 ],
            "texture": "#all"
        },
        "up": {
            "uv": [ 1, 13, 2, 14 ],
            "texture": "#all"
        },
        "north": {
            "uv": [ 1, 13, 2, 14 ],
            "texture": "#all"
        },
        "south": {
            "uv": [ 1, 13, 2, 14 ],
            "texture": "#all"
        },
        "west": {
            "uv": [ 1, 13, 2, 14 ],
            "texture": "#all"
        },
        "east": {
            "uv": [ 1, 13, 2, 14 ],
            "texture": "#all"
        }
    }
},
{
    
    "from": [ 12, 3, 1 ],
    "to": [ 13, 7, 2 ],
    "faces": {
        "down": {
            "uv": [ 1, 11, 2, 12 ],
            "texture": "#all"
        },
        "up": {
            "uv": [ 1, 8, 2, 9 ],
            "texture": "#all"
        },
        "north": {
            "uv": [ 1, 8, 2, 12 ],
            "texture": "#all"
        },
        "south": {
            "uv": [ 1, 8, 2, 12 ],
            "texture": "#all"
        },
        "west": {
            "uv": [ 1, 8, 2, 12 ],
            "texture": "#all"
        },
        "east": {
            "uv": [ 1, 8, 2, 12 ],
            "texture": "#all"
        }
    }
},
{
    
    "from": [ 12, 4, 0 ],
    "to": [ 13, 7, 1 ],
    "faces": {
        "down": {
            "uv": [ 0, 10, 1, 11 ],
            "texture": "#all"
        },
        "up": {
            "uv": [ 0, 8, 1, 9 ],
            "texture": "#all"
        },
        "north": {
            "uv": [ 0, 8, 1, 11 ],
            "texture": "#all"
        },
        "south": {
            "uv": [ 0, 8, 1, 11 ],
            "texture": "#all"
        },
        "west": {
            "uv": [ 0, 8, 1, 11 ],
            "texture": "#all"
        },
        "east": {
            "uv": [ 0, 8, 1, 11 ],
            "texture": "#all"
        }
    }
},
{
    
    "from": [ 0, 2, 12 ],
    "to": [ 1, 4, 13 ],
    "faces": {
        "down": {
            "uv": [ 15, 12, 16, 13 ],
            "texture": "#all"
        },
        "up": {
            "uv": [ 15, 11, 16, 12 ],
            "texture": "#all"
        },
        "north": {
            "uv": [ 15, 11, 16, 13 ],
            "texture": "#all"
        },
        "south": {
            "uv": [ 15, 11, 16, 13 ],
            "texture": "#all"
        },
        "west": {
            "uv": [ 15, 11, 16, 13 ],
            "texture": "#all"
        },
        "east": {
            "uv": [ 15, 11, 16, 13 ],
            "texture": "#all"
        }
    }
},
{
    
    "from": [ 0, 5, 12 ],
    "to": [ 1, 7, 13 ],
    "faces": {
        "down": {
            "uv": [ 15, 9, 16, 10 ],
            "texture": "#all"
        },
        "up": {
            "uv": [ 15, 8, 16, 9 ],
            "texture": "#all"
        },
        "north": {
            "uv": [ 15, 8, 16, 10 ],
            "texture": "#all"
        },
        "south": {
            "uv": [ 15, 8, 16, 10 ],
            "texture": "#all"
        },
        "west": {
            "uv": [ 15, 8, 16, 10 ],
            "texture": "#all"
        },
        "east": {
            "uv": [ 15, 8, 16, 10 ],
            "texture": "#all"
        }
    }
},
{
    
    "from": [ 1, -1, 12 ],
    "to": [ 2, 0, 13 ],
    "faces": {
        "down": {
            "uv": [ 14, 15, 15, 16 ],
            "texture": "#all"
        },
        "up": {
            "uv": [ 14, 15, 15, 16 ],
            "texture": "#all"
        },
        "north": {
            "uv": [ 14, 15, 15, 16 ],
            "texture": "#all"
        },
        "south": {
            "uv": [ 14, 15, 15, 16 ],
            "texture": "#all"
        },
        "west": {
            "uv": [ 14, 15, 15, 16 ],
            "texture": "#all"
        },
        "east": {
            "uv": [ 14, 15, 15, 16 ],
            "texture": "#all"
        }
    }
},
{
    
    "from": [ 1, 1, 12 ],
    "to": [ 2, 7, 13 ],
    "faces": {
        "down": {
            "uv": [ 14, 13, 15, 14 ],
            "texture": "#all"
        },
        "up": {
            "uv": [ 14, 8, 15, 9 ],
            "texture": "#all"
        },
        "north": {
            "uv": [ 14, 8, 15, 14 ],
            "texture": "#all"
        },
        "south": {
            "uv": [ 14, 8, 15, 14 ],
            "texture": "#all"
        },
        "west": {
            "uv": [ 14, 8, 15, 14 ],
            "texture": "#all"
        },
        "east": {
            "uv": [ 14, 8, 15, 14 ],
            "texture": "#all"
        }
    }
},
{
    
    "from": [ 2, -1, 12 ],
    "to": [ 3, 6, 13 ],
    "faces": {
        "down": {
            "uv": [ 13, 15, 14, 16 ],
            "texture": "#all"
        },
        "up": {
            "uv": [ 13, 9, 14, 10 ],
            "texture": "#all"
        },
        "north": {
            "uv": [ 13, 9, 14, 16 ],
            "texture": "#all"
        },
        "south": {
            "uv": [ 13, 9, 14, 16 ],
            "texture": "#all"
        },
        "west": {
            "uv": [ 13, 9, 14, 16 ],
            "texture": "#all"
        },
        "east": {
            "uv": [ 13, 9, 14, 16 ],
            "texture": "#all"
        }
    }
},
{
    
    "from": [ 3, -1, 12 ],
    "to": [ 4, 6, 13 ],
    "faces": {
        "down": {
            "uv": [ 12, 15, 13, 16 ],
            "texture": "#all"
        },
        "up": {
            "uv": [ 12, 9, 13, 10 ],
            "texture": "#all"
        },
        "north": {
            "uv": [ 12, 9, 13, 16 ],
            "texture": "#all"
        },
        "south": {
            "uv": [ 12, 9, 13, 16 ],
            "texture": "#all"
        },
        "west": {
            "uv": [ 12, 9, 13, 16 ],
            "texture": "#all"
        },
        "east": {
            "uv": [ 12, 9, 13, 16 ],
            "texture": "#all"
        }
    }
},
{
    
    "from": [ 4, -1, 12 ],
    "to": [ 5, 5, 13 ],
    "faces": {
        "down": {
            "uv": [ 11, 15, 12, 16 ],
            "texture": "#all"
        },
        "up": {
            "uv": [ 11, 10, 12, 11 ],
            "texture": "#all"
        },
        "north": {
            "uv": [ 11, 10, 12, 16 ],
            "texture": "#all"
        },
        "south": {
            "uv": [ 11, 10, 12, 16 ],
            "texture": "#all"
        },
        "west": {
            "uv": [ 11, 10, 12, 16 ],
            "texture": "#all"
        },
        "east": {
            "uv": [ 11, 10, 12, 16 ],
            "texture": "#all"
        }
    }
},
{
    
    "from": [ 5, -1, 12 ],
    "to": [ 6, 8, 13 ],
    "faces": {
        "down": {
            "uv": [ 10, 15, 11, 16 ],
            "texture": "#all"
        },
        "up": {
            "uv": [ 10, 7, 11, 8 ],
            "texture": "#all"
        },
        "north": {
            "uv": [ 10, 7, 11, 16 ],
            "texture": "#all"
        },
        "south": {
            "uv": [ 10, 7, 11, 16 ],
            "texture": "#all"
        },
        "west": {
            "uv": [ 10, 7, 11, 16 ],
            "texture": "#all"
        },
        "east": {
            "uv": [ 10, 7, 11, 16 ],
            "texture": "#all"
        }
    }
},
{
    
    "from": [ 6, -1, 12 ],
    "to": [ 7, 7, 13 ],
    "faces": {
        "down": {
            "uv": [ 9, 15, 10, 16 ],
            "texture": "#all"
        },
        "up": {
            "uv": [ 9, 8, 10, 9 ],
            "texture": "#all"
        },
        "north": {
            "uv": [ 9, 8, 10, 16 ],
            "texture": "#all"
        },
        "south": {
            "uv": [ 9, 8, 10, 16 ],
            "texture": "#all"
        },
        "west": {
            "uv": [ 9, 8, 10, 16 ],
            "texture": "#all"
        },
        "east": {
            "uv": [ 9, 8, 10, 16 ],
            "texture": "#all"
        }
    }
},
{
    
    "from": [ 7, -1, 12 ],
    "to": [ 8, 6, 13 ],
    "faces": {
        "down": {
            "uv": [ 8, 15, 9, 16 ],
            "texture": "#all"
        },
        "up": {
            "uv": [ 8, 9, 9, 10 ],
            "texture": "#all"
        },
        "north": {
            "uv": [ 8, 9, 9, 16 ],
            "texture": "#all"
        },
        "south": {
            "uv": [ 8, 9, 9, 16 ],
            "texture": "#all"
        },
        "west": {
            "uv": [ 8, 9, 9, 16 ],
            "texture": "#all"
        },
        "east": {
            "uv": [ 8, 9, 9, 16 ],
            "texture": "#all"
        }
    }
},
{
    
    "from": [ 8, -1, 12 ],
    "to": [ 9, 4, 13 ],
    "faces": {
        "down": {
            "uv": [ 7, 15, 8, 16 ],
            "texture": "#all"
        },
        "up": {
            "uv": [ 7, 11, 8, 12 ],
            "texture": "#all"
        },
        "north": {
            "uv": [ 7, 11, 8, 16 ],
            "texture": "#all"
        },
        "south": {
            "uv": [ 7, 11, 8, 16 ],
            "texture": "#all"
        },
        "west": {
            "uv": [ 7, 11, 8, 16 ],
            "texture": "#all"
        },
        "east": {
            "uv": [ 7, 11, 8, 16 ],
            "texture": "#all"
        }
    }
},
{
    
    "from": [ 9, -1, 12 ],
    "to": [ 10, 6, 13 ],
    "faces": {
        "down": {
            "uv": [ 6, 15, 7, 16 ],
            "texture": "#all"
        },
        "up": {
            "uv": [ 6, 9, 7, 10 ],
            "texture": "#all"
        },
        "north": {
            "uv": [ 6, 9, 7, 16 ],
            "texture": "#all"
        },
        "south": {
            "uv": [ 6, 9, 7, 16 ],
            "texture": "#all"
        },
        "west": {
            "uv": [ 6, 9, 7, 16 ],
            "texture": "#all"
        },
        "east": {
            "uv": [ 6, 9, 7, 16 ],
            "texture": "#all"
        }
    }
},
{
    
    "from": [ 10, -1, 12 ],
    "to": [ 11, 7, 13 ],
    "faces": {
        "down": {
            "uv": [ 5, 15, 6, 16 ],
            "texture": "#all"
        },
        "up": {
            "uv": [ 5, 8, 6, 9 ],
            "texture": "#all"
        },
        "north": {
            "uv": [ 5, 8, 6, 16 ],
            "texture": "#all"
        },
        "south": {
            "uv": [ 5, 8, 6, 16 ],
            "texture": "#all"
        },
        "west": {
            "uv": [ 5, 8, 6, 16 ],
            "texture": "#all"
        },
        "east": {
            "uv": [ 5, 8, 6, 16 ],
            "texture": "#all"
        }
    }
},
{
    
    "from": [ 11, -1, 12 ],
    "to": [ 12, 7, 13 ],
    "faces": {
        "down": {
            "uv": [ 4, 15, 5, 16 ],
            "texture": "#all"
        },
        "up": {
            "uv": [ 4, 8, 5, 9 ],
            "texture": "#all"
        },
        "north": {
            "uv": [ 4, 8, 5, 16 ],
            "texture": "#all"
        },
        "south": {
            "uv": [ 4, 8, 5, 16 ],
            "texture": "#all"
        },
        "west": {
            "uv": [ 4, 8, 5, 16 ],
            "texture": "#all"
        },
        "east": {
            "uv": [ 4, 8, 5, 16 ],
            "texture": "#all"
        }
    }
},
{
    
    "from": [ 12, -1, 12 ],
    "to": [ 13, 6, 13 ],
    "faces": {
        "down": {
            "uv": [ 3, 15, 4, 16 ],
            "texture": "#all"
        },
        "up": {
            "uv": [ 3, 9, 4, 10 ],
            "texture": "#all"
        },
        "north": {
            "uv": [ 3, 9, 4, 16 ],
            "texture": "#all"
        },
        "south": {
            "uv": [ 3, 9, 4, 16 ],
            "texture": "#all"
        },
        "west": {
            "uv": [ 3, 9, 4, 16 ],
            "texture": "#all"
        },
        "east": {
            "uv": [ 3, 9, 4, 16 ],
            "texture": "#all"
        }
    }
},
{
    
    "from": [ 13, -1, 12 ],
    "to": [ 14, 6, 13 ],
    "faces": {
        "down": {
            "uv": [ 2, 15, 3, 16 ],
            "texture": "#all"
        },
        "up": {
            "uv": [ 2, 9, 3, 10 ],
            "texture": "#all"
        },
        "north": {
            "uv": [ 2, 9, 3, 16 ],
            "texture": "#all"
        },
        "south": {
            "uv": [ 2, 9, 3, 16 ],
            "texture": "#all"
        },
        "west": {
            "uv": [ 2, 9, 3, 16 ],
            "texture": "#all"
        },
        "east": {
            "uv": [ 2, 9, 3, 16 ],
            "texture": "#all"
        }
    }
},
{
    
    "from": [ 14, -1, 12 ],
    "to": [ 15, 0, 13 ],
    "faces": {
        "down": {
            "uv": [ 1, 15, 2, 16 ],
            "texture": "#all"
        },
        "up": {
            "uv": [ 1, 15, 2, 16 ],
            "texture": "#all"
        },
        "north": {
            "uv": [ 1, 15, 2, 16 ],
            "texture": "#all"
        },
        "south": {
            "uv": [ 1, 15, 2, 16 ],
            "texture": "#all"
        },
        "west": {
            "uv": [ 1, 15, 2, 16 ],
            "texture": "#all"
        },
        "east": {
            "uv": [ 1, 15, 2, 16 ],
            "texture": "#all"
        }
    }
},
{
    
    "from": [ 14, 1, 12 ],
    "to": [ 15, 2, 13 ],
    "faces": {
        "down": {
            "uv": [ 1, 13, 2, 14 ],
            "texture": "#all"
        },
        "up": {
            "uv": [ 1, 13, 2, 14 ],
            "texture": "#all"
        },
        "north": {
            "uv": [ 1, 13, 2, 14 ],
            "texture": "#all"
        },
        "south": {
            "uv": [ 1, 13, 2, 14 ],
            "texture": "#all"
        },
        "west": {
            "uv": [ 1, 13, 2, 14 ],
            "texture": "#all"
        },
        "east": {
            "uv": [ 1, 13, 2, 14 ],
            "texture": "#all"
        }
    }
},
{
    
    "from": [ 14, 3, 12 ],
    "to": [ 15, 7, 13 ],
    "faces": {
        "down": {
            "uv": [ 1, 11, 2, 12 ],
            "texture": "#all"
        },
        "up": {
            "uv": [ 1, 8, 2, 9 ],
            "texture": "#all"
        },
        "north": {
            "uv": [ 1, 8, 2, 12 ],
            "texture": "#all"
        },
        "south": {
            "uv": [ 1, 8, 2, 12 ],
            "texture": "#all"
        },
        "west": {
            "uv": [ 1, 8, 2, 12 ],
            "texture": "#all"
        },
        "east": {
            "uv": [ 1, 8, 2, 12 ],
            "texture": "#all"
        }
    }
},
{
    
    "from": [ 15, 4, 12 ],
    "to": [ 16, 7, 13 ],
    "faces": {
        "down": {
            "uv": [ 0, 10, 1, 11 ],
            "texture": "#all"
        },
        "up": {
            "uv": [ 0, 8, 1, 9 ],
            "texture": "#all"
        },
        "north": {
            "uv": [ 0, 8, 1, 11 ],
            "texture": "#all"
        },
        "south": {
            "uv": [ 0, 8, 1, 11 ],
            "texture": "#all"
        },
        "west": {
            "uv": [ 0, 8, 1, 11 ],
            "texture": "#all"
        },
        "east": {
            "uv": [ 0, 8, 1, 11 ],
            "texture": "#all"
        }
    }
},
{
    
    "from": [ 3, 2, 0 ],
    "to": [ 4, 4, 1 ],
    "faces": {
        "down": {
            "uv": [ 15, 12, 16, 13 ],
            "texture": "#all"
        },
        "up": {
            "uv": [ 15, 11, 16, 12 ],
            "texture": "#all"
        },
        "north": {
            "uv": [ 15, 11, 16, 13 ],
            "texture": "#all"
        },
        "south": {
            "uv": [ 15, 11, 16, 13 ],
            "texture": "#all"
        },
        "west": {
            "uv": [ 15, 11, 16, 13 ],
            "texture": "#all"
        },
        "east": {
            "uv": [ 15, 11, 16, 13 ],
            "texture": "#all"
        }
    }
},
{
    
    "from": [ 3, 5, 0 ],
    "to": [ 4, 7, 1 ],
    "faces": {
        "down": {
            "uv": [ 15, 9, 16, 10 ],
            "texture": "#all"
        },
        "up": {
            "uv": [ 15, 8, 16, 9 ],
            "texture": "#all"
        },
        "north": {
            "uv": [ 15, 8, 16, 10 ],
            "texture": "#all"
        },
        "south": {
            "uv": [ 15, 8, 16, 10 ],
            "texture": "#all"
        },
        "west": {
            "uv": [ 15, 8, 16, 10 ],
            "texture": "#all"
        },
        "east": {
            "uv": [ 15, 8, 16, 10 ],
            "texture": "#all"
        }
    }
},
{
    
    "from": [ 3, -1, 1 ],
    "to": [ 4, 0, 2 ],
    "faces": {
        "down": {
            "uv": [ 14, 15, 15, 16 ],
            "texture": "#all"
        },
        "up": {
            "uv": [ 14, 15, 15, 16 ],
            "texture": "#all"
        },
        "north": {
            "uv": [ 14, 15, 15, 16 ],
            "texture": "#all"
        },
        "south": {
            "uv": [ 14, 15, 15, 16 ],
            "texture": "#all"
        },
        "west": {
            "uv": [ 14, 15, 15, 16 ],
            "texture": "#all"
        },
        "east": {
            "uv": [ 14, 15, 15, 16 ],
            "texture": "#all"
        }
    }
},
{
    
    "from": [ 3, 1, 1 ],
    "to": [ 4, 7, 2 ],
    "faces": {
        "down": {
            "uv": [ 14, 13, 15, 14 ],
            "texture": "#all"
        },
        "up": {
            "uv": [ 14, 8, 15, 9 ],
            "texture": "#all"
        },
        "north": {
            "uv": [ 14, 8, 15, 14 ],
            "texture": "#all"
        },
        "south": {
            "uv": [ 14, 8, 15, 14 ],
            "texture": "#all"
        },
        "west": {
            "uv": [ 14, 8, 15, 14 ],
            "texture": "#all"
        },
        "east": {
            "uv": [ 14, 8, 15, 14 ],
            "texture": "#all"
        }
    }
},
{
    
    "from": [ 3, -1, 2 ],
    "to": [ 4, 6, 3 ],
    "faces": {
        "down": {
            "uv": [ 13, 15, 14, 16 ],
            "texture": "#all"
        },
        "up": {
            "uv": [ 13, 9, 14, 10 ],
            "texture": "#all"
        },
        "north": {
            "uv": [ 13, 9, 14, 16 ],
            "texture": "#all"
        },
        "south": {
            "uv": [ 13, 9, 14, 16 ],
            "texture": "#all"
        },
        "west": {
            "uv": [ 13, 9, 14, 16 ],
            "texture": "#all"
        },
        "east": {
            "uv": [ 13, 9, 14, 16 ],
            "texture": "#all"
        }
    }
},
{
    
    "from": [ 3, -1, 3 ],
    "to": [ 4, 6, 4 ],
    "faces": {
        "down": {
            "uv": [ 12, 15, 13, 16 ],
            "texture": "#all"
        },
        "up": {
            "uv": [ 12, 9, 13, 10 ],
            "texture": "#all"
        },
        "north": {
            "uv": [ 12, 9, 13, 16 ],
            "texture": "#all"
        },
        "south": {
            "uv": [ 12, 9, 13, 16 ],
            "texture": "#all"
        },
        "west": {
            "uv": [ 12, 9, 13, 16 ],
            "texture": "#all"
        },
        "east": {
            "uv": [ 12, 9, 13, 16 ],
            "texture": "#all"
        }
    }
},
{
    
    "from": [ 3, -1, 4 ],
    "to": [ 4, 5, 5 ],
    "faces": {
        "down": {
            "uv": [ 11, 15, 12, 16 ],
            "texture": "#all"
        },
        "up": {
            "uv": [ 11, 10, 12, 11 ],
            "texture": "#all"
        },
        "north": {
            "uv": [ 11, 10, 12, 16 ],
            "texture": "#all"
        },
        "south": {
            "uv": [ 11, 10, 12, 16 ],
            "texture": "#all"
        },
        "west": {
            "uv": [ 11, 10, 12, 16 ],
            "texture": "#all"
        },
        "east": {
            "uv": [ 11, 10, 12, 16 ],
            "texture": "#all"
        }
    }
},
{
    
    "from": [ 3, -1, 5 ],
    "to": [ 4, 8, 6 ],
    "faces": {
        "down": {
            "uv": [ 10, 15, 11, 16 ],
            "texture": "#all"
        },
        "up": {
            "uv": [ 10, 7, 11, 8 ],
            "texture": "#all"
        },
        "north": {
            "uv": [ 10, 7, 11, 16 ],
            "texture": "#all"
        },
        "south": {
            "uv": [ 10, 7, 11, 16 ],
            "texture": "#all"
        },
        "west": {
            "uv": [ 10, 7, 11, 16 ],
            "texture": "#all"
        },
        "east": {
            "uv": [ 10, 7, 11, 16 ],
            "texture": "#all"
        }
    }
},
{
    
    "from": [ 3, -1, 6 ],
    "to": [ 4, 7, 7 ],
    "faces": {
        "down": {
            "uv": [ 9, 15, 10, 16 ],
            "texture": "#all"
        },
        "up": {
            "uv": [ 9, 8, 10, 9 ],
            "texture": "#all"
        },
        "north": {
            "uv": [ 9, 8, 10, 16 ],
            "texture": "#all"
        },
        "south": {
            "uv": [ 9, 8, 10, 16 ],
            "texture": "#all"
        },
        "west": {
            "uv": [ 9, 8, 10, 16 ],
            "texture": "#all"
        },
        "east": {
            "uv": [ 9, 8, 10, 16 ],
            "texture": "#all"
        }
    }
},
{
    
    "from": [ 3, -1, 7 ],
    "to": [ 4, 6, 8 ],
    "faces": {
        "down": {
            "uv": [ 8, 15, 9, 16 ],
            "texture": "#all"
        },
        "up": {
            "uv": [ 8, 9, 9, 10 ],
            "texture": "#all"
        },
        "north": {
            "uv": [ 8, 9, 9, 16 ],
            "texture": "#all"
        },
        "south": {
            "uv": [ 8, 9, 9, 16 ],
            "texture": "#all"
        },
        "west": {
            "uv": [ 8, 9, 9, 16 ],
            "texture": "#all"
        },
        "east": {
            "uv": [ 8, 9, 9, 16 ],
            "texture": "#all"
        }
    }
},
{
    
    "from": [ 3, -1, 8 ],
    "to": [ 4, 4, 9 ],
    "faces": {
        "down": {
            "uv": [ 7, 15, 8, 16 ],
            "texture": "#all"
        },
        "up": {
            "uv": [ 7, 11, 8, 12 ],
            "texture": "#all"
        },
        "north": {
            "uv": [ 7, 11, 8, 16 ],
            "texture": "#all"
        },
        "south": {
            "uv": [ 7, 11, 8, 16 ],
            "texture": "#all"
        },
        "west": {
            "uv": [ 7, 11, 8, 16 ],
            "texture": "#all"
        },
        "east": {
            "uv": [ 7, 11, 8, 16 ],
            "texture": "#all"
        }
    }
},
{
    
    "from": [ 3, -1, 9 ],
    "to": [ 4, 6, 10 ],
    "faces": {
        "down": {
            "uv": [ 6, 15, 7, 16 ],
            "texture": "#all"
        },
        "up": {
            "uv": [ 6, 9, 7, 10 ],
            "texture": "#all"
        },
        "north": {
            "uv": [ 6, 9, 7, 16 ],
            "texture": "#all"
        },
        "south": {
            "uv": [ 6, 9, 7, 16 ],
            "texture": "#all"
        },
        "west": {
            "uv": [ 6, 9, 7, 16 ],
            "texture": "#all"
        },
        "east": {
            "uv": [ 6, 9, 7, 16 ],
            "texture": "#all"
        }
    }
},
{
    
    "from": [ 3, -1, 10 ],
    "to": [ 4, 7, 11 ],
    "faces": {
        "down": {
            "uv": [ 5, 15, 6, 16 ],
            "texture": "#all"
        },
        "up": {
            "uv": [ 5, 8, 6, 9 ],
            "texture": "#all"
        },
        "north": {
            "uv": [ 5, 8, 6, 16 ],
            "texture": "#all"
        },
        "south": {
            "uv": [ 5, 8, 6, 16 ],
            "texture": "#all"
        },
        "west": {
            "uv": [ 5, 8, 6, 16 ],
            "texture": "#all"
        },
        "east": {
            "uv": [ 5, 8, 6, 16 ],
            "texture": "#all"
        }
    }
},
{
    
    "from": [ 3, -1, 11 ],
    "to": [ 4, 7, 12 ],
    "faces": {
        "down": {
            "uv": [ 4, 15, 5, 16 ],
            "texture": "#all"
        },
        "up": {
            "uv": [ 4, 8, 5, 9 ],
            "texture": "#all"
        },
        "north": {
            "uv": [ 4, 8, 5, 16 ],
            "texture": "#all"
        },
        "south": {
            "uv": [ 4, 8, 5, 16 ],
            "texture": "#all"
        },
        "west": {
            "uv": [ 4, 8, 5, 16 ],
            "texture": "#all"
        },
        "east": {
            "uv": [ 4, 8, 5, 16 ],
            "texture": "#all"
        }
    }
},
{
    
    "from": [ 3, -1, 12 ],
    "to": [ 4, 6, 13 ],
    "faces": {
        "down": {
            "uv": [ 3, 15, 4, 16 ],
            "texture": "#all"
        },
        "up": {
            "uv": [ 3, 9, 4, 10 ],
            "texture": "#all"
        },
        "north": {
            "uv": [ 3, 9, 4, 16 ],
            "texture": "#all"
        },
        "south": {
            "uv": [ 3, 9, 4, 16 ],
            "texture": "#all"
        },
        "west": {
            "uv": [ 3, 9, 4, 16 ],
            "texture": "#all"
        },
        "east": {
            "uv": [ 3, 9, 4, 16 ],
            "texture": "#all"
        }
    }
},
{
    
    "from": [ 3, -1, 13 ],
    "to": [ 4, 6, 14 ],
    "faces": {
        "down": {
            "uv": [ 2, 15, 3, 16 ],
            "texture": "#all"
        },
        "up": {
            "uv": [ 2, 9, 3, 10 ],
            "texture": "#all"
        },
        "north": {
            "uv": [ 2, 9, 3, 16 ],
            "texture": "#all"
        },
        "south": {
            "uv": [ 2, 9, 3, 16 ],
            "texture": "#all"
        },
        "west": {
            "uv": [ 2, 9, 3, 16 ],
            "texture": "#all"
        },
        "east": {
            "uv": [ 2, 9, 3, 16 ],
            "texture": "#all"
        }
    }
},
{
    
    "from": [ 3, -1, 14 ],
    "to": [ 4, 0, 15 ],
    "faces": {
        "down": {
            "uv": [ 1, 15, 2, 16 ],
            "texture": "#all"
        },
        "up": {
            "uv": [ 1, 15, 2, 16 ],
            "texture": "#all"
        },
        "north": {
            "uv": [ 1, 15, 2, 16 ],
            "texture": "#all"
        },
        "south": {
            "uv": [ 1, 15, 2, 16 ],
            "texture": "#all"
        },
        "west": {
            "uv": [ 1, 15, 2, 16 ],
            "texture": "#all"
        },
        "east": {
            "uv": [ 1, 15, 2, 16 ],
            "texture": "#all"
        }
    }
},
{
    
    "from": [ 3, 1, 14 ],
    "to": [ 4, 2, 15 ],
    "faces": {
        "down": {
            "uv": [ 1, 13, 2, 14 ],
            "texture": "#all"
        },
        "up": {
            "uv": [ 1, 13, 2, 14 ],
            "texture": "#all"
        },
        "north": {
            "uv": [ 1, 13, 2, 14 ],
            "texture": "#all"
        },
        "south": {
            "uv": [ 1, 13, 2, 14 ],
            "texture": "#all"
        },
        "west": {
            "uv": [ 1, 13, 2, 14 ],
            "texture": "#all"
        },
        "east": {
            "uv": [ 1, 13, 2, 14 ],
            "texture": "#all"
        }
    }
},
{
    
    "from": [ 3, 3, 14 ],
    "to": [ 4, 7, 15 ],
    "faces": {
        "down": {
            "uv": [ 1, 11, 2, 12 ],
            "texture": "#all"
        },
        "up": {
            "uv": [ 1, 8, 2, 9 ],
            "texture": "#all"
        },
        "north": {
            "uv": [ 1, 8, 2, 12 ],
            "texture": "#all"
        },
        "south": {
            "uv": [ 1, 8, 2, 12 ],
            "texture": "#all"
        },
        "west": {
            "uv": [ 1, 8, 2, 12 ],
            "texture": "#all"
        },
        "east": {
            "uv": [ 1, 8, 2, 12 ],
            "texture": "#all"
        }
    }
},
{
    
    "from": [ 3, 4, 15 ],
    "to": [ 4, 7, 16 ],
    "faces": {
        "down": {
            "uv": [ 0, 10, 1, 11 ],
            "texture": "#all"
        },
        "up": {
            "uv": [ 0, 8, 1, 9 ],
            "texture": "#all"
        },
        "north": {
            "uv": [ 0, 8, 1, 11 ],
            "texture": "#all"
        },
        "south": {
            "uv": [ 0, 8, 1, 11 ],
            "texture": "#all"
        },
        "west": {
            "uv": [ 0, 8, 1, 11 ],
            "texture": "#all"
        },
        "east": {
            "uv": [ 0, 8, 1, 11 ],
            "texture": "#all"
        }
    }
}
]
}
