{
"__comment":"Made by Know2Good",
"textures": {
	"block": "blocks/prismarine_dark",
	"tile": "blocks/prismarine_dark",
	"particle":"blocks/prismarine_dark"
},
"elements":[
	{
		"type":"cube", //The inner block
		"from":[0,0,0],
		"to":[16,16,16],
		"rotation": {"origin": [ 8, 1, 8 ], "axis": "y", "angle": 0 },
		"faces": {
			"down":{"uv":[0,16,16,0],"texture":"#block","cull":"down"},
			"up":{"uv":[0,0,16,16],"texture":"#block","cull":"up"},
			"north":{"uv":[16,16,0,0],"texture":"#block","cull":"north"},
			"south":{"uv":[0,16,16,0],"texture":"#block","cull":"south"},
			"west":{"uv":[0,16,16,0],"texture":"#block","cull":"west"},
			"east":{"uv":[16,16,0,0],"texture":"#block","cull":"east"}
		}
	},
{
		"type":"cube", //Up & Down row 1 tile 1
		"from":[0.51,-0.25,0.51],
		"to":[3.49,16.25,3.49],
		"rotation": {"origin": [ 8, 1, 8 ], "axis": "y", "angle": 0 },
		"faces": {
			"down":{"uv":[0,0,3,3],"texture":"#tile","cull":"down"},
			"up":{"uv":[0,0,3,3],"texture":"#tile","cull":"up"},
			"north":{"uv":[0,0,3,16],"texture":"#tile","cull":Know2Good},
			"south":{"uv":[0,0,3,16],"texture":"#tile","cull":Know2Good},
			"west":{"uv":[0,0,3,16],"texture":"#tile","cull":Know2Good},
			"east":{"uv":[0,0,3,16],"texture":"#tile","cull":Know2Good}
		}
	},
	{
		"type":"cube", //Up & Down row 1 tile 2
		"from":[4.51,-0.25,0.51],
		"to":[7.49,16.25,3.49],
		"rotation": {"origin": [ 8, 1, 8 ], "axis": "y", "angle": 0 },
		"faces": {
			"down":{"uv":[4,0,7,3],"texture":"#tile","cull":"down"},
			"up":{"uv":[4,0,7,3],"texture":"#tile","cull":"up"},
			"north":{"uv":[4,0,7,16],"texture":"#tile","cull":Know2Good},
			"south":{"uv":[4,0,7,16],"texture":"#tile","cull":Know2Good},
			"west":{"uv":[4,0,7,16],"texture":"#tile","cull":Know2Good},
			"east":{"uv":[4,0,7,16],"texture":"#tile","cull":Know2Good}
		}
	},
	{
		"type":"cube", //Up & Down 1 tile 3
		"from":[8.51,-0.25,0.51],
		"to":[11.49,16.25,3.49],
		"rotation": {"origin": [ 8, 1, 8 ], "axis": "y", "angle": 0 },
		"faces": {
			"down":{"uv":[8,0,11,3],"texture":"#tile","cull":"down"},
			"up":{"uv":[8,0,11,3],"texture":"#tile","cull":"up"},
			"north":{"uv":[8,0,11,16],"texture":"#tile","cull":Know2Good},
			"south":{"uv":[8,0,11,16],"texture":"#tile","cull":Know2Good},
			"west":{"uv":[8,0,11,16],"texture":"#tile","cull":Know2Good},
			"east":{"uv":[8,0,11,16],"texture":"#tile","cull":Know2Good}
		}
	},
	{
		"type":"cube", //Up & Down 1 tile 4
		"from":[12.51,-0.25,0.51],
		"to":[15.49,16.25,3.49],
		"rotation": {"origin": [ 8, 1, 8 ], "axis": "y", "angle": 0 },
		"faces": {
			"down":{"uv":[12,0,15,3],"texture":"#tile","cull":"down"},
			"up":{"uv":[12,0,15,3],"texture":"#tile","cull":"up"},
			"north":{"uv":[12,0,15,16],"texture":"#tile","cull":Know2Good},
			"south":{"uv":[12,0,15,16],"texture":"#tile","cull":Know2Good},
			"west":{"uv":[12,0,15,16],"texture":"#tile","cull":Know2Good},
			"east":{"uv":[12,0,15,16],"texture":"#tile","cull":Know2Good}
		}
	},
	{
		"type":"cube", //Up & Down 2 tile 1
		"from":[0.51,-0.25,4.51],
		"to":[3.49,16.25,7.49],
		"rotation": {"origin": [ 8, 1, 8 ], "axis": "y", "angle": 0 },
		"faces": {
			"down":{"uv":[0,4,3,7],"texture":"#tile","cull":"down"},
			"up":{"uv":[0,4,3,7],"texture":"#tile","cull":"up"},
			"north":{"uv":[0,4,3,16],"texture":"#tile","cull":Know2Good},
			"south":{"uv":[0,4,3,16],"texture":"#tile","cull":Know2Good},
			"west":{"uv":[0,4,3,16],"texture":"#tile","cull":Know2Good},
			"east":{"uv":[0,4,3,16],"texture":"#tile","cull":Know2Good}
		}
	},
	{
		"type":"cube", //Up & Down 2 tile 2
		"from":[4.51,-0.25,4.51],
		"to":[7.49,16.25,7.49],
		"rotation": {"origin": [ 8, 1, 8 ], "axis": "y", "angle": 0 },
		"faces": {
			"down":{"uv":[4,4,7,7],"texture":"#tile","cull":"down"},
			"up":{"uv":[4,4,7,7],"texture":"#tile","cull":"up"},
			"north":{"uv":[4,4,7,16],"texture":"#tile","cull":Know2Good},
			"south":{"uv":[4,4,7,16],"texture":"#tile","cull":Know2Good},
			"west":{"uv":[4,4,7,16],"texture":"#tile","cull":Know2Good},
			"east":{"uv":[4,4,7,16],"texture":"#tile","cull":Know2Good}
		}
	},
	{
		"type":"cube", //Up & Down 2 tile 3
		"from":[8.51,-0.25,4.51],
		"to":[11.49,16.25,7.49],
		"rotation": {"origin": [ 8, 1, 8 ], "axis": "y", "angle": 0 },
		"faces": {
			"down":{"uv":[8,4,11,7],"texture":"#tile","cull":"down"},
			"up":{"uv":[8,4,11,7],"texture":"#tile","cull":"up"},
			"north":{"uv":[8,4,11,16],"texture":"#tile","cull":Know2Good},
			"south":{"uv":[8,4,11,16],"texture":"#tile","cull":Know2Good},
			"west":{"uv":[8,4,11,16],"texture":"#tile","cull":Know2Good},
			"east":{"uv":[8,4,11,16],"texture":"#tile","cull":Know2Good}
		}
	},
	{
		"type":"cube", //Up & Down 2 tile 4
		"from":[12.51,-0.25,4.51],
		"to":[15.49,16.25,7.49],
		"rotation": {"origin": [ 8, 1, 8 ], "axis": "y", "angle": 0 },
		"faces": {
			"down":{"uv":[12,4,15,7],"texture":"#tile","cull":"down"},
			"up":{"uv":[12,4,15,7],"texture":"#tile","cull":"up"},
			"north":{"uv":[12,4,15,16],"texture":"#tile","cull":Know2Good},
			"south":{"uv":[12,4,15,16],"texture":"#tile","cull":Know2Good},
			"west":{"uv":[12,4,15,16],"texture":"#tile","cull":Know2Good},
			"east":{"uv":[12,4,15,16],"texture":"#tile","cull":Know2Good}
		}
	},
	{
		"type":"cube", //Up & Down 3 tile 1
		"from":[0.51,-0.25,8.51],
		"to":[3.49,16.25,11.49],
		"rotation": {"origin": [ 8, 1, 8 ], "axis": "y", "angle": 0 },
		"faces": {
			"down":{"uv":[0,8,3,11],"texture":"#tile","cull":"down"},
			"up":{"uv":[0,8,3,11],"texture":"#tile","cull":"up"},
			"north":{"uv":[0,8,3,16],"texture":"#tile","cull":Know2Good},
			"south":{"uv":[0,8,3,16],"texture":"#tile","cull":Know2Good},
			"west":{"uv":[0,8,3,16],"texture":"#tile","cull":Know2Good},
			"east":{"uv":[0,8,3,16],"texture":"#tile","cull":Know2Good}
		}
	},
{
		"type":"cube", //Up & Down 3 tile 2
		"from":[4.51,-0.25,8.51],
		"to":[7.49,16.25,11.49],
		"rotation": {"origin": [ 8, 1, 8 ], "axis": "y", "angle": 0 },
		"faces": {
			"down":{"uv":[4,8,7,11],"texture":"#tile","cull":"down"},
			"up":{"uv":[4,8,7,11],"texture":"#tile","cull":"up"},
			"north":{"uv":[4,8,7,16],"texture":"#tile","cull":Know2Good},
			"south":{"uv":[4,8,7,16],"texture":"#tile","cull":Know2Good},
			"west":{"uv":[4,8,7,16],"texture":"#tile","cull":Know2Good},
			"east":{"uv":[4,8,7,16],"texture":"#tile","cull":Know2Good}
		}
	},
	{
		"type":"cube", //Up & Down 3 tile 3
		"from":[8.51,-0.25,8.51],
		"to":[11.49,16.25,11.49],
		"rotation": {"origin": [ 8, 1, 8 ], "axis": "y", "angle": 0 },
		"faces": {
			"down":{"uv":[8,8,11,11],"texture":"#tile","cull":"down"},
			"up":{"uv":[8,8,11,11],"texture":"#tile","cull":"up"},
			"north":{"uv":[8,8,11,16],"texture":"#tile","cull":Know2Good},
			"south":{"uv":[8,8,11,16],"texture":"#tile","cull":Know2Good},
			"west":{"uv":[8,8,11,16],"texture":"#tile","cull":Know2Good},
			"east":{"uv":[8,8,11,16],"texture":"#tile","cull":Know2Good}
		}
	},
	{
		"type":"cube", //Up & Down 3 tile 4
		"from":[12.51,-0.25,8.51],
		"to":[15.49,16.25,11.49],
		"rotation": {"origin": [ 8, 1, 8 ], "axis": "y", "angle": 0 },
		"faces": {
			"down":{"uv":[12,8,15,11],"texture":"#tile","cull":"down"},
			"up":{"uv":[12,8,15,11],"texture":"#tile","cull":"up"},
			"north":{"uv":[12,8,15,16],"texture":"#tile","cull":Know2Good},
			"south":{"uv":[12,8,15,16],"texture":"#tile","cull":Know2Good},
			"west":{"uv":[12,8,15,16],"texture":"#tile","cull":Know2Good},
			"east":{"uv":[12,8,15,16],"texture":"#tile","cull":Know2Good}
		}
	},
	{
		"type":"cube", //Up & Down 4 tile 1
		"from":[0.51,-0.25,12.51],
		"to":[3.49,16.25,15.49],
		"rotation": {"origin": [ 8, 1, 8 ], "axis": "y", "angle": 0 },
		"faces": {
			"down":{"uv":[0,12,3,15],"texture":"#tile","cull":"down"},
			"up":{"uv":[0,12,3,15],"texture":"#tile","cull":"up"},
			"north":{"uv":[0,12,3,16],"texture":"#tile","cull":Know2Good},
			"south":{"uv":[0,12,3,16],"texture":"#tile","cull":Know2Good},
			"west":{"uv":[0,12,3,16],"texture":"#tile","cull":Know2Good},
			"east":{"uv":[0,12,3,16],"texture":"#tile","cull":Know2Good}
		}
	},
	{
		"type":"cube", //Up & Down 4 tile 2
		"from":[4.51,-0.25,12.51],
		"to":[7.49,16.25,15.49],
		"rotation": {"origin": [ 8, 1, 8 ], "axis": "y", "angle": 0 },
		"faces": {
			"down":{"uv":[4,12,7,15],"texture":"#tile","cull":"down"},
			"up":{"uv":[4,12,7,15],"texture":"#tile","cull":"up"},
			"north":{"uv":[4,12,7,16],"texture":"#tile","cull":Know2Good},
			"south":{"uv":[4,12,7,16],"texture":"#tile","cull":Know2Good},
			"west":{"uv":[4,12,7,16],"texture":"#tile","cull":Know2Good},
			"east":{"uv":[4,12,7,16],"texture":"#tile","cull":Know2Good}
		}
	},
	{
		"type":"cube", //Up & Down 4 tile 3
		"from":[8.51,-0.25,12.51],
		"to":[11.49,16.25,15.49],
		"rotation": {"origin": [ 8, 1, 8 ], "axis": "y", "angle": 0 },
		"faces": {
			"down":{"uv":[8,12,11,15],"texture":"#tile","cull":"down"},
			"up":{"uv":[8,12,11,15],"texture":"#tile","cull":"up"},
			"north":{"uv":[8,12,11,16],"texture":"#tile","cull":Know2Good},
			"south":{"uv":[8,12,11,16],"texture":"#tile","cull":Know2Good},
			"west":{"uv":[8,12,11,16],"texture":"#tile","cull":Know2Good},
			"east":{"uv":[8,12,11,16],"texture":"#tile","cull":Know2Good}
		}
	},
	{
		"type":"cube", //Up & Down 4 tile 4
		"from":[12.51,-0.25,12.51],
		"to":[15.49,16.25,15.49],
		"rotation": {"origin": [ 8, 1, 8 ], "axis": "y", "angle": 0 },
		"faces": {
			"down":{"uv":[12,12,16,16],"texture":"#tile","cull":"down"},
			"up":{"uv":[12,12,16,16],"texture":"#tile","cull":"up"},
			"north":{"uv":[12,12,16,15],"texture":"#tile","cull":Know2Good},
			"south":{"uv":[12,12,16,15],"texture":"#tile","cull":Know2Good},
			"west":{"uv":[12,12,16,16],"texture":"#tile","cull":Know2Good},
			"east":{"uv":[12,12,16,16],"texture":"#tile","cull":Know2Good}
		}
	},
	{
		"type":"cube", //North & South row 1 tile 1
		"from":[0.51,0.51,-0.25],
		"to":[3.49,3.49,16.25],
		"rotation": {"origin": [ 8, 1, 8 ], "axis": "y", "angle": 0 },
		"faces": {
			"down":{"uv":[0,0,3,16],"texture":"#tile","cull":Know2Good},
			"up":{"uv":[0,0,3,16],"texture":"#tile","cull":Know2Good},
			"north":{"uv":[0,0,3,3],"texture":"#tile","cull":"north"},
			"south":{"uv":[0,0,3,3],"texture":"#tile","cull":"south"},
			"west":{"uv":[0,0,3,3],"texture":"#tile","cull":Know2Good},
			"east":{"uv":[0,0,3,3],"texture":"#tile","cull":Know2Good}
		}
	},
	{
		"type":"cube", //North & South row 1 tile 2
		"from":[4.51,0.51,-0.25],
		"to":[7.49,3.49,16.25],
		"rotation": {"origin": [ 8, 1, 8 ], "axis": "y", "angle": 0 },
		"faces": {
			"down":{"uv":[4,0,7,16],"texture":"#tile","cull":Know2Good},
			"up":{"uv":[4,0,7,16],"texture":"#tile","cull":Know2Good},
			"north":{"uv":[4,0,7,3],"texture":"#tile","cull":"north"},
			"south":{"uv":[4,0,7,3],"texture":"#tile","cull":"south"},
			"west":{"uv":[4,0,7,3],"texture":"#tile","cull":Know2Good},
			"east":{"uv":[4,0,7,3],"texture":"#tile","cull":Know2Good}
		}
	},
	{
		"type":"cube", //North & South 1 tile 3
		"from":[8.51,0.51,-0.25],
		"to":[11.49,3.49,16.25],
		"rotation": {"origin": [ 8, 1, 8 ], "axis": "y", "angle": 0 },
		"faces": {
			"down":{"uv":[8,0,11,16],"texture":"#tile","cull":Know2Good},
			"up":{"uv":[8,0,11,16],"texture":"#tile","cull":Know2Good},
			"north":{"uv":[8,0,11,3],"texture":"#tile","cull":"north"},
			"south":{"uv":[8,0,11,3],"texture":"#tile","cull":"south"},
			"west":{"uv":[8,0,11,3],"texture":"#tile","cull":Know2Good},
			"east":{"uv":[8,0,11,3],"texture":"#tile","cull":Know2Good}
		}
	},
	{
		"type":"cube", //North & South 1 tile 4
		"from":[12.51,0.51,-0.25],
		"to":[15.49,3.49,16.25],
		"rotation": {"origin": [ 8, 1, 8 ], "axis": "y", "angle": 0 },
		"faces": {
			"down":{"uv":[12,0,15,16],"texture":"#tile","cull":Know2Good},
			"up":{"uv":[12,0,15,16],"texture":"#tile","cull":Know2Good},
			"north":{"uv":[12,0,15,3],"texture":"#tile","cull":"north"},
			"south":{"uv":[12,0,15,3],"texture":"#tile","cull":"south"},
			"west":{"uv":[12,0,15,3],"texture":"#tile","cull":Know2Good},
			"east":{"uv":[12,0,15,3],"texture":"#tile","cull":Know2Good}
		}
	},
	{
		"type":"cube", //North & South 2 tile 1
		"from":[0.51,4.51,-0.25],
		"to":[3.49,7.49,16.25],
		"rotation": {"origin": [ 8, 1, 8 ], "axis": "y", "angle": 0 },
		"faces": {
			"down":{"uv":[0,4,3,16],"texture":"#tile","cull":Know2Good},
			"up":{"uv":[0,4,3,16],"texture":"#tile","cull":Know2Good},
			"north":{"uv":[0,4,3,7],"texture":"#tile","cull":"north"},
			"south":{"uv":[0,4,3,7],"texture":"#tile","cull":"south"},
			"west":{"uv":[0,4,3,7],"texture":"#tile","cull":Know2Good},
			"east":{"uv":[0,4,3,7],"texture":"#tile","cull":Know2Good}
		}
	},
	{
		"type":"cube", //North & South 2 tile 2
		"from":[4.51,4.51,-0.25],
		"to":[7.49,7.49,16.25],
		"rotation": {"origin": [ 8, 1, 8 ], "axis": "y", "angle": 0 },
		"faces": {
			"down":{"uv":[4,4,7,16],"texture":"#tile","cull":Know2Good},
			"up":{"uv":[4,4,7,16],"texture":"#tile","cull":Know2Good},
			"north":{"uv":[4,4,7,7],"texture":"#tile","cull":"north"},
			"south":{"uv":[4,4,7,7],"texture":"#tile","cull":"south"},
			"west":{"uv":[4,4,7,7],"texture":"#tile","cull":Know2Good},
			"east":{"uv":[4,4,7,7],"texture":"#tile","cull":Know2Good}
		}
	},
	{
		"type":"cube", //North & South 2 tile 3
		"from":[8.51,4.51,-0.25],
		"to":[11.49,7.49,16.25],
		"rotation": {"origin": [ 8, 1, 8 ], "axis": "y", "angle": 0 },
		"faces": {
			"down":{"uv":[8,4,11,16],"texture":"#tile","cull":Know2Good},
			"up":{"uv":[8,4,11,16],"texture":"#tile","cull":Know2Good},
			"north":{"uv":[8,4,11,7],"texture":"#tile","cull":"north"},
			"south":{"uv":[8,4,11,7],"texture":"#tile","cull":"south"},
			"west":{"uv":[8,4,11,7],"texture":"#tile","cull":Know2Good},
			"east":{"uv":[8,4,11,7],"texture":"#tile","cull":Know2Good}
		}
	},
	{
		"type":"cube", //North & South 2 tile 4
		"from":[12.51,4.51,-0.25],
		"to":[15.49,7.49,16.25],
		"rotation": {"origin": [ 8, 1, 8 ], "axis": "y", "angle": 0 },
		"faces": {
			"down":{"uv":[12,4,15,16],"texture":"#tile","cull":Know2Good},
			"up":{"uv":[12,4,15,16],"texture":"#tile","cull":Know2Good},
			"north":{"uv":[12,4,15,7],"texture":"#tile","cull":"north"},
			"south":{"uv":[12,4,15,7],"texture":"#tile","cull":"south"},
			"west":{"uv":[12,4,15,7],"texture":"#tile","cull":Know2Good},
			"east":{"uv":[12,4,15,7],"texture":"#tile","cull":Know2Good}
		}
	},
	{
		"type":"cube", //North & South 3 tile 1
		"from":[0.51,8.51,-0.25],
		"to":[3.49,11.49,16.25],
		"rotation": {"origin": [ 8, 1, 8 ], "axis": "y", "angle": 0 },
		"faces": {
			"down":{"uv":[0,8,3,16],"texture":"#tile","cull":Know2Good},
			"up":{"uv":[0,8,3,16],"texture":"#tile","cull":Know2Good},
			"north":{"uv":[0,8,3,11],"texture":"#tile","cull":"north"},
			"south":{"uv":[0,8,3,11],"texture":"#tile","cull":"south"},
			"west":{"uv":[0,8,3,11],"texture":"#tile","cull":Know2Good},
			"east":{"uv":[0,8,3,11],"texture":"#tile","cull":Know2Good}
		}
	},
{
		"type":"cube", //North & South 3 tile 2
		"from":[4.51,8.51,-0.25],
		"to":[7.49,11.49,16.25],
		"rotation": {"origin": [ 8, 1, 8 ], "axis": "y", "angle": 0 },
		"faces": {
			"down":{"uv":[4,8,7,16],"texture":"#tile","cull":Know2Good},
			"up":{"uv":[4,8,7,16],"texture":"#tile","cull":Know2Good},
			"north":{"uv":[4,8,7,11],"texture":"#tile","cull":"north"},
			"south":{"uv":[4,8,7,11],"texture":"#tile","cull":"south"},
			"west":{"uv":[4,8,7,11],"texture":"#tile","cull":Know2Good},
			"east":{"uv":[4,8,7,11],"texture":"#tile","cull":Know2Good}
		}
	},
	{
		"type":"cube", //North & South 3 tile 3
		"from":[8.51,8.51,-0.25],
		"to":[11.49,11.49,16.25],
		"rotation": {"origin": [ 8, 1, 8 ], "axis": "y", "angle": 0 },
		"faces": {
			"down":{"uv":[8,8,11,16],"texture":"#tile","cull":Know2Good},
			"up":{"uv":[8,8,11,16],"texture":"#tile","cull":Know2Good},
			"north":{"uv":[8,8,11,11],"texture":"#tile","cull":"north"},
			"south":{"uv":[8,8,11,11],"texture":"#tile","cull":Know2Good},
			"west":{"uv":[8,8,11,11],"texture":"#tile","cull":"south"},
			"east":{"uv":[8,8,11,11],"texture":"#tile","cull":Know2Good}
		}
	},
	{
		"type":"cube", //North & South 3 tile 4
		"from":[12.51,8.51,-0.25],
		"to":[15.49,11.49,16.25],
		"rotation": {"origin": [ 8, 1, 8 ], "axis": "y", "angle": 0 },
		"faces": {
			"down":{"uv":[12,8,15,16],"texture":"#tile","cull":Know2Good},
			"up":{"uv":[12,8,15,16],"texture":"#tile","cull":Know2Good},
			"north":{"uv":[12,8,15,11],"texture":"#tile","cull":"north"},
			"south":{"uv":[12,8,15,11],"texture":"#tile","cull":"south"},
			"west":{"uv":[12,8,15,11],"texture":"#tile","cull":Know2Good},
			"east":{"uv":[12,8,15,11],"texture":"#tile","cull":Know2Good}
		}
	},
	{
		"type":"cube", //North & South 4 tile 1
		"from":[0.51,12.51,-0.25],
		"to":[3.49,15.49,16.25],
		"rotation": {"origin": [ 8, 1, 8 ], "axis": "y", "angle": 0 },
		"faces": {
			"down":{"uv":[0,12,3,16],"texture":"#tile","cull":Know2Good},
			"up":{"uv":[0,12,3,16],"texture":"#tile","cull":Know2Good},
			"north":{"uv":[0,12,3,15],"texture":"#tile","cull":"north"},
			"south":{"uv":[0,12,3,15],"texture":"#tile","cull":"south"},
			"west":{"uv":[0,12,3,15],"texture":"#tile","cull":Know2Good},
			"east":{"uv":[0,12,3,15],"texture":"#tile","cull":Know2Good}
		}
	},
	{
		"type":"cube", //North & South 4 tile 2
		"from":[4.51,12.51,-0.25],
		"to":[7.49,15.49,16.25],
		"rotation": {"origin": [ 8, 1, 8 ], "axis": "y", "angle": 0 },
		"faces": {
			"down":{"uv":[4,12,7,16],"texture":"#tile","cull":Know2Good},
			"up":{"uv":[4,12,7,16],"texture":"#tile","cull":Know2Good},
			"north":{"uv":[4,12,7,15],"texture":"#tile","cull":"north"},
			"south":{"uv":[4,12,7,15],"texture":"#tile","cull":"south"},
			"west":{"uv":[4,12,7,15],"texture":"#tile","cull":Know2Good},
			"east":{"uv":[4,12,7,15],"texture":"#tile","cull":Know2Good}
		}
	},
	{
		"type":"cube", //North & South 4 tile 3
		"from":[8.51,12.51,-0.25],
		"to":[11.49,15.49,16.25],
		"rotation": {"origin": [ 8, 1, 8 ], "axis": "y", "angle": 0 },
		"faces": {
			"down":{"uv":[8,12,11,16],"texture":"#tile","cull":Know2Good},
			"up":{"uv":[8,12,11,16],"texture":"#tile","cull":Know2Good},
			"north":{"uv":[8,12,11,15],"texture":"#tile","cull":"north"},
			"south":{"uv":[8,12,11,15],"texture":"#tile","cull":"south"},
			"west":{"uv":[8,12,11,15],"texture":"#tile","cull":Know2Good},
			"east":{"uv":[8,12,11,15],"texture":"#tile","cull":Know2Good}
		}
	},
	{
		"type":"cube", //North & South 4 tile 4
		"from":[12.51,12.51,-0.25],
		"to":[15.49,15.49,16.25],
		"rotation": {"origin": [ 8, 1, 8 ], "axis": "y", "angle": 0 },
		"faces": {
			"down":{"uv":[12,12,16,16],"texture":"#tile","cull":Know2Good},
			"up":{"uv":[12,12,16,16],"texture":"#tile","cull":Know2Good},
			"north":{"uv":[12,12,16,15],"texture":"#tile","cull":"north"},
			"south":{"uv":[12,12,16,15],"texture":"#tile","cull":"south"},
			"west":{"uv":[12,12,16,15],"texture":"#tile","cull":Know2Good},
			"east":{"uv":[12,12,16,15],"texture":"#tile","cull":Know2Good}
		}
	},
	{
		"type":"cube", //East & West row 1 tile 1
		"from":[-0.25,0.51,0.51],
		"to":[16.25,3.49,3.49],
		"rotation": {"origin": [ 8, 1, 8 ], "axis": "y", "angle": 0 },
		"faces": {
			"down":{"uv":[0,0,3,3],"texture":"#tile","cull":Know2Good},
			"up":{"uv":[0,0,3,3],"texture":"#tile","cull":Know2Good},
			"north":{"uv":[0,0,3,3],"texture":"#tile","cull":Know2Good},
			"south":{"uv":[0,0,3,3],"texture":"#tile","cull":Know2Good},
			"west":{"uv":[0,0,3,3],"texture":"#tile","cull":"west"},
			"east":{"uv":[0,0,3,3],"texture":"#tile","cull":"east"}
		}
	},
	{
		"type":"cube", //East & West row 1 tile 2
		"from":[-0.25,4.51,0.51],
		"to":[16.25,7.49,3.49],
		"rotation": {"origin": [ 8, 1, 8 ], "axis": "y", "angle": 0 },
		"faces": {
			"down":{"uv":[4,0,7,3],"texture":"#tile","cull":Know2Good},
			"up":{"uv":[4,0,7,3],"texture":"#tile","cull":Know2Good},
			"north":{"uv":[4,0,7,3],"texture":"#tile","cull":Know2Good},
			"south":{"uv":[4,0,7,3],"texture":"#tile","cull":Know2Good},
			"west":{"uv":[4,0,7,3],"texture":"#tile","cull":"west"},
			"east":{"uv":[4,0,7,3],"texture":"#tile","cull":"east"}
		}
	},
	{
		"type":"cube", //East & West 1 tile 3
		"from":[-0.25,8.51,0.51],
		"to":[16.25,11.49,3.49],
		"rotation": {"origin": [ 8, 1, 8 ], "axis": "y", "angle": 0 },
		"faces": {
			"down":{"uv":[8,0,11,3],"texture":"#tile","cull":Know2Good},
			"up":{"uv":[8,0,11,3],"texture":"#tile","cull":Know2Good},
			"north":{"uv":[8,0,11,3],"texture":"#tile","cull":Know2Good},
			"south":{"uv":[8,0,11,3],"texture":"#tile","cull":Know2Good},
			"west":{"uv":[8,0,11,3],"texture":"#tile","cull":"west"},
			"east":{"uv":[8,0,11,3],"texture":"#tile","cull":"east"}
		}
	},
	{
		"type":"cube", //East & West 1 tile 4
		"from":[-0.25,12.51,0.51],
		"to":[16.25,15.49,3.49],
		"rotation": {"origin": [ 8, 1, 8 ], "axis": "y", "angle": 0 },
		"faces": {
			"down":{"uv":[12,0,15,3],"texture":"#tile","cull":Know2Good},
			"up":{"uv":[12,0,15,3],"texture":"#tile","cull":Know2Good},
			"north":{"uv":[12,0,15,3],"texture":"#tile","cull":Know2Good},
			"south":{"uv":[12,0,15,3],"texture":"#tile","cull":Know2Good},
			"west":{"uv":[12,0,15,3],"texture":"#tile","cull":"west"},
			"east":{"uv":[12,0,15,3],"texture":"#tile","cull":"east"}
		}
	},
	{
		"type":"cube", //East & West 2 tile 1
		"from":[-0.25,0.51,4.51],
		"to":[16.25,3.49,7.49],
		"rotation": {"origin": [ 8, 1, 8 ], "axis": "y", "angle": 0 },
		"faces": {
			"down":{"uv":[0,4,3,7],"texture":"#tile","cull":Know2Good},
			"up":{"uv":[0,4,3,7],"texture":"#tile","cull":Know2Good},
			"north":{"uv":[0,4,3,7],"texture":"#tile","cull":Know2Good},
			"south":{"uv":[0,4,3,7],"texture":"#tile","cull":Know2Good},
			"west":{"uv":[0,4,3,7],"texture":"#tile","cull":"west"},
			"east":{"uv":[0,4,3,7],"texture":"#tile","cull":"east"}
		}
	},
	{
		"type":"cube", //East & West 2 tile 2
		"from":[-0.25,4.51,4.51],
		"to":[16.25,7.49,7.49],
		"rotation": {"origin": [ 8, 1, 8 ], "axis": "y", "angle": 0 },
		"faces": {
			"down":{"uv":[4,4,7,7],"texture":"#tile","cull":Know2Good},
			"up":{"uv":[4,4,7,7],"texture":"#tile","cull":Know2Good},
			"north":{"uv":[4,4,7,7],"texture":"#tile","cull":Know2Good},
			"south":{"uv":[4,4,7,7],"texture":"#tile","cull":Know2Good},
			"west":{"uv":[4,4,7,7],"texture":"#tile","cull":"west"},
			"east":{"uv":[4,4,7,7],"texture":"#tile","cull":"east"}
		}
	},
	{
		"type":"cube", //East & West 2 tile 3
		"from":[-0.25,8.51,4.51],
		"to":[16.25,11.49,7.49],
		"rotation": {"origin": [ 8, 1, 8 ], "axis": "y", "angle": 0 },
		"faces": {
			"down":{"uv":[8,4,11,7],"texture":"#tile","cull":Know2Good},
			"up":{"uv":[8,4,11,7],"texture":"#tile","cull":Know2Good},
			"north":{"uv":[8,4,11,7],"texture":"#tile","cull":Know2Good},
			"south":{"uv":[8,4,11,7],"texture":"#tile","cull":Know2Good},
			"west":{"uv":[8,4,11,7],"texture":"#tile","cull":"west"},
			"east":{"uv":[8,4,11,7],"texture":"#tile","cull":"east"}
		}
	},
	{
		"type":"cube", //East & West 2 tile 4
		"from":[-0.25,12.51,4.51],
		"to":[16.25,15.49,7.49],
		"rotation": {"origin": [ 8, 1, 8 ], "axis": "y", "angle": 0 },
		"faces": {
			"down":{"uv":[12,4,15,7],"texture":"#tile","cull":Know2Good},
			"up":{"uv":[12,4,15,7],"texture":"#tile","cull":Know2Good},
			"north":{"uv":[12,4,15,7],"texture":"#tile","cull":Know2Good},
			"south":{"uv":[12,4,15,7],"texture":"#tile","cull":Know2Good},
			"west":{"uv":[12,4,15,7],"texture":"#tile","cull":"west"},
			"east":{"uv":[12,4,15,7],"texture":"#tile","cull":"east"}
		}
	},
	{
		"type":"cube", //East & West 3 tile 1
		"from":[-0.25,0.51,8.51],
		"to":[16.25,3.49,11.49],
		"rotation": {"origin": [ 8, 1, 8 ], "axis": "y", "angle": 0 },
		"faces": {
			"down":{"uv":[0,8,3,11],"texture":"#tile","cull":Know2Good},
			"up":{"uv":[0,8,3,11],"texture":"#tile","cull":Know2Good},
			"north":{"uv":[0,8,3,11],"texture":"#tile","cull":Know2Good},
			"south":{"uv":[0,8,3,11],"texture":"#tile","cull":Know2Good},
			"west":{"uv":[0,8,3,11],"texture":"#tile","cull":"west"},
			"east":{"uv":[0,8,3,11],"texture":"#tile","cull":"east"}
		}
	},
{
		"type":"cube", //East & West 3 tile 2
		"from":[-0.25,4.51,8.51],
		"to":[16.25,7.49,11.49],
		"rotation": {"origin": [ 8, 1, 8 ], "axis": "y", "angle": 0 },
		"faces": {
			"down":{"uv":[4,8,7,11],"texture":"#tile","cull":Know2Good},
			"up":{"uv":[4,8,7,11],"texture":"#tile","cull":Know2Good},
			"north":{"uv":[4,8,7,11],"texture":"#tile","cull":Know2Good},
			"south":{"uv":[4,8,7,11],"texture":"#tile","cull":Know2Good},
			"west":{"uv":[4,8,7,11],"texture":"#tile","cull":"west"},
			"east":{"uv":[4,8,7,11],"texture":"#tile","cull":"east"}
		}
	},
	{
		"type":"cube", //East & West 3 tile 3
		"from":[-0.25,8.51,8.51],
		"to":[16.25,11.49,11.49],
		"rotation": {"origin": [ 8, 1, 8 ], "axis": "y", "angle": 0 },
		"faces": {
			"down":{"uv":[8,8,11,11],"texture":"#tile","cull":Know2Good},
			"up":{"uv":[8,8,11,11],"texture":"#tile","cull":Know2Good},
			"north":{"uv":[8,8,11,11],"texture":"#tile","cull":Know2Good},
			"south":{"uv":[8,8,11,11],"texture":"#tile","cull":Know2Good},
			"west":{"uv":[8,8,11,11],"texture":"#tile","cull":"west"},
			"east":{"uv":[8,8,11,11],"texture":"#tile","cull":"east"}
		}
	},
	{
		"type":"cube", //East & West 3 tile 4
		"from":[-0.25,12.51,8.51],
		"to":[16.25,15.49,11.49],
		"rotation": {"origin": [ 8, 1, 8 ], "axis": "y", "angle": 0 },
		"faces": {
			"down":{"uv":[12,8,15,11],"texture":"#tile","cull":Know2Good},
			"up":{"uv":[12,8,15,11],"texture":"#tile","cull":Know2Good},
			"north":{"uv":[12,8,15,11],"texture":"#tile","cull":Know2Good},
			"south":{"uv":[12,8,15,11],"texture":"#tile","cull":Know2Good},
			"west":{"uv":[12,8,15,11],"texture":"#tile","cull":"west"},
			"east":{"uv":[12,8,15,11],"texture":"#tile","cull":"east"}
		}
	},
	{
		"type":"cube", //East & West 4 tile 1
		"from":[-0.25,0.51,12.51],
		"to":[16.25,3.49,15.49],
		"rotation": {"origin": [ 8, 1, 8 ], "axis": "y", "angle": 0 },
		"faces": {
			"down":{"uv":[0,12,3,15],"texture":"#tile","cull":Know2Good},
			"up":{"uv":[0,12,3,15],"texture":"#tile","cull":Know2Good},
			"north":{"uv":[0,12,3,15],"texture":"#tile","cull":Know2Good},
			"south":{"uv":[0,12,3,15],"texture":"#tile","cull":Know2Good},
			"west":{"uv":[0,12,3,15],"texture":"#tile","cull":"west"},
			"east":{"uv":[0,12,3,15],"texture":"#tile","cull":"east"}
		}
	},
	{
		"type":"cube", //East & West 4 tile 2
		"from":[-0.25,4.51,12.51],
		"to":[16.25,7.49,15.49],
		"rotation": {"origin": [ 8, 1, 8 ], "axis": "y", "angle": 0 },
		"faces": {
			"down":{"uv":[4,12,7,15],"texture":"#tile","cull":Know2Good},
			"up":{"uv":[4,12,7,15],"texture":"#tile","cull":Know2Good},
			"north":{"uv":[4,12,7,15],"texture":"#tile","cull":Know2Good},
			"south":{"uv":[4,12,7,15],"texture":"#tile","cull":Know2Good},
			"west":{"uv":[4,12,7,15],"texture":"#tile","cull":"west"},
			"east":{"uv":[4,12,7,15],"texture":"#tile","cull":"east"}
		}
	},
	{
		"type":"cube", //East & West 4 tile 3
		"from":[-0.25,8.51,12.51],
		"to":[16.25,11.49,15.49],
		"rotation": {"origin": [ 8, 1, 8 ], "axis": "y", "angle": 0 },
		"faces": {
			"down":{"uv":[8,12,11,15],"texture":"#tile","cull":Know2Good},
			"up":{"uv":[8,12,11,15],"texture":"#tile","cull":Know2Good},
			"north":{"uv":[8,12,11,15],"texture":"#tile","cull":Know2Good},
			"south":{"uv":[8,12,11,15],"texture":"#tile","cull":Know2Good},
			"west":{"uv":[8,12,11,15],"texture":"#tile","cull":"west"},
			"east":{"uv":[8,12,11,15],"texture":"#tile","cull":"east"}
		}
	},
	{
		"type":"cube", //East & West 4 tile 4
		"from":[-0.25,12.51,12.51],
		"to":[16.25,15.49,15.49],
		"rotation": {"origin": [ 8, 1, 8 ], "axis": "y", "angle": 0 },
		"faces": {
			"down":{"uv":[12,12,16,15],"texture":"#tile","cull":Know2Good},
			"up":{"uv":[12,12,16,15],"texture":"#tile","cull":Know2Good},
			"north":{"uv":[12,12,16,15],"texture":"#tile","cull":Know2Good},
			"south":{"uv":[12,12,16,15],"texture":"#tile","cull":Know2Good},
			"west":{"uv":[12,12,16,15],"texture":"#tile","cull":"west"},
			"east":{"uv":[12,12,16,15],"texture":"#tile","cull":"east"}
		}
	}
],
"display": {
	"thirdperson": {
		"rotation": [ 0, 45, 1 ],
		"translation": [ 0, 0.5, 0 ],
		"scale": [ 1.1, 1.1, 1.1 ]
	},
	"firstperson": {
		"rotation": [ 0, 0, 0 ],
		"translation": [ 0, 0, 0 ],
		"scale": [ 1, 1, 1 ]
	},
	"gui": {
		"rotation": [ 0, 0, 0 ],
		"translation": [ 0, 0, 0 ],
		"scale": [ 1, 1, 1 ]
	}
}
}