{
"__comment": "Designed by Glitcherdotbe with BDcraft Cubik PRO 0.95 Beta - http://bdcraft.net",
"textures": {
    "particle": "blocks/pumpkin_side",
    "texture1": "blocks/pumpkin_side",
    "texture2": "blocks/pumpkin_top"
},
"elements": [ 
{
    "from": [ 0, 0, 0 ],
    "to": [ 16, 16, 16 ],
    "faces": {
        "down":  { "uv": [ 16, 16, 0, 0 ], "rotation": 180, "texture": "#texture1" },
        "up":    { "uv": [ 0, 0, 16, 16 ], "rotation": 180, "texture": "#texture2" },
        "north": { "uv": [ 0, 0, 16, 16 ], "texture": "#texture1" },
        "south": { "uv": [ 0, 0, 16, 16 ], "texture": "#texture1" },
        "west":  { "uv": [ 0, 0, 16, 16 ], "texture": "#texture1" },
        "east":  { "uv": [ 0, 0, 16, 16 ], "texture": "#texture1" }
    }
}
],
"display": {
    "thirdperson_righthand": {
        "rotation": [ 60, 45, 0 ],
        "translation": [ 0, 2, -1 ],
        "scale": [ 0.4, 0.4, 0.4 ]
    },
    "thirdperson_lefthand": {
        "rotation": [ 60, 45, 0 ],
        "translation": [ 0, 2, -2 ],
        "scale": [ 0.4, 0.4, 0.4 ]
    },
    "ground": {
        "rotation": [ 0, 0, 0 ],
        "translation": [ 0, 1.5, 0 ],
        "scale": [ 0.2, 0.2, 0.2 ]
    },
    "firstperson_righthand": {
        "rotation": [ 0, 135, 0 ],
        "translation": [ 0, 0, 0 ],
        "scale": [ 0.4, 0.4, 0.4 ]
    },
    "firstperson_lefthand": {
        "rotation": [ 0, 135, 0 ],
        "translation": [ 0, 0, 0 ],
        "scale": [ 0.4, 0.4, 0.4 ]
    },
    "gui": {
        "rotation": [ 30, -135, 0 ],
        "translation": [ 0, 0, 0 ],
        "scale": [ 0.65, 0.65, 0.65 ]
    }
}
}