{
    "__comment": "Fair warning, this format is highly likely to change even more in the future!",
    "textures": {
		"particle": "blocks/quartz_block_lines",
        "end": "blocks/quartz_block_lines_top",
        "side": "blocks/quartz_block_lines"
    },
	 "elements": [
        {   
            "from": [ 0, 0, 0 ],
            "to": [ 16, 16, 16 ],
            "faces": {
                "down": {
                    "uv": [ 0, 0, 16, 16 ],
                    "texture": "#end"
                },
                "up": {
                    "uv": [ 0, 0, 16, 16 ],
                    "texture": "#end"
                },
                "north": {
                    "uv": [ 0, 0, 16, 16 ],
                    "texture": "#side"
                },
                "south": {
                    "uv": [ 0, 0, 16, 16 ],
                    "texture": "#side"
                },
                "west": {
                    "uv": [ 0, 0, 16, 16 ],
                    "texture": "#side"
                },
                "east": {
                    "uv": [ 0, 0, 16, 16 ],
                    "texture": "#side"
                }
            }
        },
		{
			
			"from": [ 1, 0, -0.5 ],
			"to": [ 3, 16, 0 ],
			"faces": {
				"north": {
					"uv": [ 13, 0, 15, 16 ],
					"texture": "#side"
				},
				"west": {
					"uv": [ 15, 0, 16, 16 ],
					"texture": "#side"
				},
				"east": {
					"uv": [ 12, 0, 13, 16 ],
					"texture": "#side"
				},
				"up": {
					"uv": [ 13, 0, 15, 1 ],
					"texture": "#side"
				},
				"down": {
					"uv": [ 13, 0, 15, 1 ],
					"texture": "#side"
				}
			}
		},
		{
			
			"from": [ 5, 0, -0.5 ],
			"to": [ 7, 16, 0 ],
			"faces": {
				"north": {
					"uv": [ 9, 0, 11, 16 ],
					"texture": "#side"
				},
				"west": {
					"uv": [ 11, 0, 12, 16 ],
					"texture": "#side"
				},
				"east": {
					"uv": [ 8, 0, 9, 16 ],
					"texture": "#side"
				},
				"up": {
					"uv": [ 9, 0, 11, 1 ],
					"texture": "#side"
				},
				"down": {
					"uv": [ 9, 0, 11, 1 ],
					"texture": "#side"
				}
			}
		},
		{
			
			"from": [ 9, 0, -0.5 ],
			"to": [ 11, 16, 0 ],
			"faces": {
				"north": {
					"uv": [ 5, 0, 7, 16 ],
					"texture": "#side"
				},
				"west": {
					"uv": [ 7, 0, 8, 16 ],
					"texture": "#side"
				},
				"east": {
					"uv": [ 4, 0, 5, 16 ],
					"texture": "#side"
				},
				"up": {
					"uv": [ 5, 0, 7, 1 ],
					"texture": "#side"
				},
				"down": {
					"uv": [ 5, 0, 7, 1 ],
					"texture": "#side"
				}
			}
		},
		{
			
			"from": [ 13, 0, -0.5 ],
			"to": [ 15, 16, 0 ],
			"faces": {
				"north": {
					"uv": [ 1, 0, 3, 16 ],
					"texture": "#side"
				},
				"west": {
					"uv": [ 3, 0, 4, 16 ],
					"texture": "#side"
				},
				"east": {
					"uv": [ 1, 0, 2, 16 ],
					"texture": "#side"
				},
				"up": {
					"uv": [ 1, 0, 3, 1 ],
					"texture": "#side"
				},
				"down": {
					"uv": [ 1, 0, 3, 1 ],
					"texture": "#side"
				}
			}
		},
		{
			
			"from": [ -0.5, 0, 1 ],
			"to": [ 0, 16, 3 ],
			"faces": {
				"west": {
					"uv": [ 13, 0, 15, 16 ],
					"texture": "#side"
				},
				"south": {
					"uv": [ 15, 0, 16, 16 ],
					"texture": "#side"
				},
				"north": {
					"uv": [ 12, 0, 13, 16 ],
					"texture": "#side"
				},
				"up": {
					"uv": [ 13, 0, 15, 1 ],
					"texture": "#side",
					"rotation": 90
				},
				"down": {
					"uv": [ 13, 0, 15, 1 ],
					"texture": "#side",
					"rotation": 90
				}
			}
		},
		{
			
			"from": [ -0.5, 0, 5 ],
			"to": [ 0, 16, 7 ],
			"faces": {
				"west": {
					"uv": [ 9, 0, 11, 16 ],
					"texture": "#side"
				},
				"south": {
					"uv": [ 11, 0, 12, 16 ],
					"texture": "#side"
				},
				"north": {
					"uv": [ 8, 0, 9, 16 ],
					"texture": "#side"
				},
				"up": {
					"uv": [ 9, 0, 11, 1 ],
					"texture": "#side",
					"rotation": 90
				},
				"down": {
					"uv": [ 9, 0, 11, 1 ],
					"texture": "#side",
					"rotation": 90
				}
			}
		},
		{
			
			"from": [ -0.5, 0, 9 ],
			"to": [ 0, 16, 11 ],
			"faces": {
				"west": {
					"uv": [ 5, 0, 7, 16 ],
					"texture": "#side"
				},
				"south": {
					"uv": [ 7, 0, 8, 16 ],
					"texture": "#side"
				},
				"north": {
					"uv": [ 4, 0, 5, 16 ],
					"texture": "#side"
				},
				"up": {
					"uv": [ 5, 0, 7, 1 ],
					"texture": "#side",
					"rotation": 90
				},
				"down": {
					"uv": [ 5, 0, 7, 1 ],
					"texture": "#side",
					"rotation": 90
				}
			}
		},
		{
			
			"from": [ -0.5, 0, 13 ],
			"to": [ 0, 16, 15 ],
			"faces": {
				"west": {
					"uv": [ 1, 0, 3, 16 ],
					"texture": "#side"
				},
				"south": {
					"uv": [ 3, 0, 4, 16 ],
					"texture": "#side"
				},
				"north": {
					"uv": [ 1, 0, 2, 16 ],
					"texture": "#side"
				},
				"up": {
					"uv": [ 1, 0, 3, 1 ],
					"texture": "#side",
					"rotation": 90
				},
				"down": {
					"uv": [ 1, 0, 3, 1 ],
					"texture": "#side",
					"rotation": 90
				}
			}
		},
		{
			
			"from": [ 16, 0, 1 ],
			"to": [ 16.5, 16, 3 ],
			"faces": {
				"east": {
					"uv": [ 13, 0, 15, 16 ],
					"texture": "#side"
				},
				"south": {
					"uv": [ 15, 0, 16, 16 ],
					"texture": "#side"
				},
				"north": {
					"uv": [ 12, 0, 13, 16 ],
					"texture": "#side"
				},
				"up": {
					"uv": [ 13, 0, 15, 1 ],
					"texture": "#side",
					"rotation": 270
				},
				"down": {
					"uv": [ 13, 0, 15, 1 ],
					"texture": "#side",
					"rotation": 270
				}
			}
		},
		{
			
			"from": [ 16, 0, 5 ],
			"to": [ 16.5, 16, 7 ],
			"faces": {
				"east": {
					"uv": [ 9, 0, 11, 16 ],
					"texture": "#side"
				},
				"south": {
					"uv": [ 11, 0, 12, 16 ],
					"texture": "#side"
				},
				"north": {
					"uv": [ 8, 0, 9, 16 ],
					"texture": "#side"
				},
				"up": {
					"uv": [ 9, 0, 11, 1 ],
					"texture": "#side",
					"rotation": 270
				},
				"down": {
					"uv": [ 9, 0, 11, 1 ],
					"texture": "#side",
					"rotation": 270
				}
			}
		},
		{
			
			"from": [ 16, 0, 9 ],
			"to": [ 16.5, 16, 11 ],
			"faces": {
				"east": {
					"uv": [ 5, 0, 7, 16 ],
					"texture": "#side"
				},
				"south": {
					"uv": [ 7, 0, 8, 16 ],
					"texture": "#side"
				},
				"north": {
					"uv": [ 4, 0, 5, 16 ],
					"texture": "#side"
				},
				"up": {
					"uv": [ 5, 0, 7, 1 ],
					"texture": "#side",
					"rotation": 270
				},
				"down": {
					"uv": [ 5, 0, 7, 1 ],
					"texture": "#side",
					"rotation": 270
				}
			}
		},
		{
			
			"from": [ 16, 0, 13 ],
			"to": [ 16.5, 16, 15 ],
			"faces": {
				"east": {
					"uv": [ 1, 0, 3, 16 ],
					"texture": "#side"
				},
				"south": {
					"uv": [ 3, 0, 4, 16 ],
					"texture": "#side"
				},
				"north": {
					"uv": [ 1, 0, 2, 16 ],
					"texture": "#side"
				},
				"up": {
					"uv": [ 1, 0, 3, 1 ],
					"texture": "#side",
					"rotation": 270
				},
				"down": {
					"uv": [ 1, 0, 3, 1 ],
					"texture": "#side",
					"rotation": 270
				}
			}
		},
		{
			
			"from": [ 1, 0, 16 ],
			"to": [ 3, 16, 16.5 ],
			"faces": {
				"south": {
					"uv": [ 13, 0, 15, 16 ],
					"texture": "#side"
				},
				"west": {
					"uv": [ 15, 0, 16, 16 ],
					"texture": "#side"
				},
				"east": {
					"uv": [ 12, 0, 13, 16 ],
					"texture": "#side"
				},
				"up": {
					"uv": [ 13, 0, 15, 1 ],
					"texture": "#side"
				},
				"down": {
					"uv": [ 13, 0, 15, 1 ],
					"texture": "#side"
				}
			}
		},
		{
			
			"from": [ 5, 0, 16 ],
			"to": [ 7, 16, 16.5 ],
			"faces": {
				"south": {
					"uv": [ 9, 0, 11, 16 ],
					"texture": "#side"
				},
				"west": {
					"uv": [ 11, 0, 12, 16 ],
					"texture": "#side"
				},
				"east": {
					"uv": [ 8, 0, 9, 16 ],
					"texture": "#side"
				},
				"up": {
					"uv": [ 9, 0, 11, 1 ],
					"texture": "#side"
				},
				"down": {
					"uv": [ 9, 0, 11, 1 ],
					"texture": "#side"
				}
			}
		},
		{
			
			"from": [ 9, 0, 16 ],
			"to": [ 11, 16, 16.5 ],
			"faces": {
				"south": {
					"uv": [ 5, 0, 7, 16 ],
					"texture": "#side"
				},
				"west": {
					"uv": [ 7, 0, 8, 16 ],
					"texture": "#side"
				},
				"east": {
					"uv": [ 4, 0, 5, 16 ],
					"texture": "#side"
				},
				"up": {
					"uv": [ 5, 0, 7, 1 ],
					"texture": "#side"
				},
				"down": {
					"uv": [ 5, 0, 7, 1 ],
					"texture": "#side"
				}
			}
		},
		{
			
			"from": [ 13, 0, 16 ],
			"to": [ 15, 16, 16.5 ],
			"faces": {
				"south": {
					"uv": [ 1, 0, 3, 16 ],
					"texture": "#side"
				},
				"west": {
					"uv": [ 3, 0, 4, 16 ],
					"texture": "#side"
				},
				"east": {
					"uv": [ 1, 0, 2, 16 ],
					"texture": "#side"
				},
				"up": {
					"uv": [ 1, 0, 3, 1 ],
					"texture": "#side"
				},
				"down": {
					"uv": [ 1, 0, 3, 1 ],
					"texture": "#side"
				}
			}
		}
    ]
}
