{
"__comment": "Designed by Glitcherdotbe with BDcraft Cubik PRO 0.95 Beta - http://bdcraft.net",
"textures": {
    "particle": "blocks/reeds",
    "texture1": "blocks/reeds"
},
"elements": [ 
{
    "__comment": "Main",
    "from": [ 3, 0, 1 ],
    "to": [ 5, 16, 3 ],
    "faces": {
        "down":  { "uv": [ 3, 16, 1, 14 ], "texture": "#texture1", "tintindex": 1, "cullface": "down" },
        "up":    { "uv": [ 1, 0, 3, 2 ], "texture": "#texture1", "tintindex": 1, "cullface": "up" },
        "north": { "uv": [ 1, 0, 3, 16 ], "texture": "#texture1", "tintindex": 1 },
        "south": { "uv": [ 1, 0, 3, 16 ], "texture": "#texture1", "tintindex": 1 },
        "west":  { "uv": [ 1, 0, 3, 16 ], "texture": "#texture1", "tintindex": 1 },
        "east":  { "uv": [ 1, 0, 3, 16 ], "texture": "#texture1", "tintindex": 1 }
    }
},
{
    "__comment": "Main",
    "from": [ 1, 0, 5 ],
    "to": [ 3, 16, 7 ],
    "faces": {
        "down":  { "uv": [ 7, 2, 5, 0 ], "texture": "#texture1", "tintindex": 1, "cullface": "down" },
        "up":    { "uv": [ 5, 0, 7, 2 ], "texture": "#texture1", "tintindex": 1, "cullface": "up" },
        "north": { "uv": [ 5, 0, 7, 16 ], "texture": "#texture1", "tintindex": 1 },
        "south": { "uv": [ 5, 0, 7, 16 ], "texture": "#texture1", "tintindex": 1 },
        "west":  { "uv": [ 5, 0, 7, 16 ], "texture": "#texture1", "tintindex": 1 },
        "east":  { "uv": [ 5, 0, 7, 16 ], "texture": "#texture1", "tintindex": 1 }
    }
},
{
    "__comment": "Main",
    "from": [ 7, 0, 7 ],
    "to": [ 9, 16, 9 ],
    "faces": {
        "down":  { "uv": [ 11, 16, 9, 14 ], "texture": "#texture1", "tintindex": 1, "cullface": "down" },
        "up":    { "uv": [ 9, 0, 11, 2 ], "texture": "#texture1", "tintindex": 1, "cullface": "up" },
        "north": { "uv": [ 9, 0, 11, 16 ], "texture": "#texture1", "tintindex": 1 },
        "south": { "uv": [ 9, 0, 11, 16 ], "texture": "#texture1", "tintindex": 1 },
        "west":  { "uv": [ 9, 0, 11, 16 ], "texture": "#texture1", "tintindex": 1 },
        "east":  { "uv": [ 9, 0, 11, 16 ], "texture": "#texture1", "tintindex": 1 }
    }
},
{
    "__comment": "Main",
    "from": [ 12, 0, 2 ],
    "to": [ 14, 16, 4 ],
    "faces": {
        "down":  { "uv": [ 15, 16, 13, 14 ], "texture": "#texture1", "tintindex": 1, "cullface": "down" },
        "up":    { "uv": [ 13, 0, 15, 2 ], "texture": "#texture1", "tintindex": 1, "cullface": "up" },
        "north": { "uv": [ 13, 0, 15, 16 ], "texture": "#texture1", "tintindex": 1 },
        "south": { "uv": [ 13, 0, 15, 16 ], "texture": "#texture1", "tintindex": 1 },
        "west":  { "uv": [ 13, 0, 15, 16 ], "texture": "#texture1", "tintindex": 1 },
        "east":  { "uv": [ 13, 0, 15, 16 ], "texture": "#texture1", "tintindex": 1 }
    }
},
{
    "__comment": "Main",
    "from": [ 13, 0, 9.5 ],
    "to": [ 15, 16, 11.5 ],
    "faces": {
        "down":  { "uv": [ 3, 16, 1, 14 ], "texture": "#texture1", "tintindex": 1, "cullface": "down" },
        "up":    { "uv": [ 1, 0, 3, 2 ], "texture": "#texture1", "tintindex": 1, "cullface": "up" },
        "north": { "uv": [ 1, 0, 3, 16 ], "texture": "#texture1", "tintindex": 1 },
        "south": { "uv": [ 1, 0, 3, 16 ], "texture": "#texture1", "tintindex": 1 },
        "west":  { "uv": [ 1, 0, 3, 16 ], "texture": "#texture1", "tintindex": 1 },
        "east":  { "uv": [ 1, 0, 3, 16 ], "texture": "#texture1", "tintindex": 1 }
    }
},
{
    "__comment": "Main",
    "from": [ 4.5, 0, 13 ],
    "to": [ 6.5, 16, 15 ],
    "faces": {
        "down":  { "uv": [ 15, 16, 13, 14 ], "texture": "#texture1", "tintindex": 1, "cullface": "down" },
        "up":    { "uv": [ 13, 0, 15, 2 ], "texture": "#texture1", "tintindex": 1, "cullface": "up" },
        "north": { "uv": [ 13, 0, 15, 16 ], "texture": "#texture1", "tintindex": 1 },
        "south": { "uv": [ 13, 0, 15, 16 ], "texture": "#texture1", "tintindex": 1 },
        "west":  { "uv": [ 13, 0, 15, 16 ], "texture": "#texture1", "tintindex": 1 },
        "east":  { "uv": [ 13, 0, 15, 16 ], "texture": "#texture1", "tintindex": 1 }
    }
},
{
    "__comment": "Main",
    "from": [ 0, 10, 5 ],
    "to": [ 1, 12, 7 ],
    "faces": {
        "down":  { "uv": [ 8, 5, 7.5, 3 ], "texture": "#texture1", "tintindex": 1 },
        "up":    { "uv": [ 7.5, 3, 8, 5 ], "texture": "#texture1", "tintindex": 1 },
        "north": { "uv": [ 7.5, 3, 8, 5 ], "texture": "#texture1", "tintindex": 1 },
        "south": { "uv": [ 7.5, 3, 8, 5 ], "texture": "#texture1", "tintindex": 1 },
        "west":  { "uv": [ 7, 3, 8, 5 ], "texture": "#texture1", "tintindex": 1, "cullface": "west" }
    }
},
{
    "__comment": "Side",
    "from": [ 1, 5, 7 ],
    "to": [ 3, 6, 8 ],
    "faces": {
        "down":  { "uv": [ 4, 10, 5, 11 ], "texture": "#texture1", "tintindex": 1 },
        "up":    { "uv": [ 4, 10, 5, 11 ], "texture": "#texture1", "tintindex": 1 },
        "south": { "uv": [ 8, 11, 9, 12 ], "texture": "#texture1", "tintindex": 1 },
        "west":  { "uv": [ 4, 10, 5, 11 ], "texture": "#texture1", "tintindex": 1 },
        "east":  { "uv": [ 0, 9, 1, 10 ], "texture": "#texture1", "tintindex": 1 }
    }
},
{
    "__comment": "Side",
    "from": [ 15, 7, 9.5 ],
    "to": [ 16, 8, 11.5 ],
    "faces": {
        "down":  { "uv": [ 4, 10, 5, 11 ], "texture": "#texture1", "tintindex": 1 },
        "up":    { "uv": [ 4, 10, 5, 11 ], "texture": "#texture1", "tintindex": 1 },
        "north": { "uv": [ 8, 11, 9, 12 ], "texture": "#texture1", "tintindex": 1 },
        "south": { "uv": [ 8, 11, 9, 12 ], "texture": "#texture1", "tintindex": 1 },
        "east":  { "uv": [ 0, 9, 1, 10 ], "texture": "#texture1", "tintindex": 1, "cullface": "east" }
    }
},
{
    "__comment": "Side",
    "from": [ 6.5, 6, 13 ],
    "to": [ 7.5, 7, 15 ],
    "faces": {
        "down":  { "uv": [ 4, 10, 5, 11 ], "texture": "#texture1", "tintindex": 1 },
        "up":    { "uv": [ 4, 10, 5, 11 ], "texture": "#texture1", "tintindex": 1 },
        "north": { "uv": [ 8, 11, 9, 12 ], "texture": "#texture1", "tintindex": 1 },
        "south": { "uv": [ 8, 11, 9, 12 ], "texture": "#texture1", "tintindex": 1 },
        "east":  { "uv": [ 0, 9, 1, 10 ], "texture": "#texture1", "tintindex": 1 }
    }
},
{
    "__comment": "Side",
    "from": [ 3.5, 13, 13 ],
    "to": [ 4.5, 15, 15 ],
    "faces": {
        "down":  { "uv": [ 8, 5, 7.5, 3 ], "texture": "#texture1", "tintindex": 1 },
        "up":    { "uv": [ 7.5, 3, 8, 5 ], "texture": "#texture1", "tintindex": 1 },
        "north": { "uv": [ 7.5, 3, 8, 5 ], "texture": "#texture1", "tintindex": 1 },
        "south": { "uv": [ 7.5, 3, 8, 5 ], "texture": "#texture1", "tintindex": 1 },
        "west":  { "uv": [ 7, 3, 8, 5 ], "texture": "#texture1", "tintindex": 1 }
    }
},
{
    "__comment": "Side",
    "from": [ 14, 14, 2 ],
    "to": [ 15, 15, 4 ],
    "faces": {
        "down":  { "uv": [ 4, 10, 5, 11 ], "texture": "#texture1", "tintindex": 1 },
        "up":    { "uv": [ 4, 10, 5, 11 ], "texture": "#texture1", "tintindex": 1 },
        "north": { "uv": [ 8, 11, 9, 12 ], "texture": "#texture1", "tintindex": 1 },
        "south": { "uv": [ 8, 11, 9, 12 ], "texture": "#texture1", "tintindex": 1 },
        "east":  { "uv": [ 0, 9, 1, 10 ], "texture": "#texture1", "tintindex": 1 }
    }
},
{
    "__comment": "Side",
    "from": [ 3, 6, 0 ],
    "to": [ 5, 8, 1 ],
    "faces": {
        "down":  { "uv": [ 8, 5, 7.5, 3 ], "texture": "#texture1", "tintindex": 1 },
        "up":    { "uv": [ 7.5, 3, 8, 5 ], "texture": "#texture1", "tintindex": 1 },
        "north": { "uv": [ 7.5, 3, 8, 5 ], "texture": "#texture1", "tintindex": 1, "cullface": "north" },
        "west":  { "uv": [ 7, 3, 8, 5 ], "texture": "#texture1", "tintindex": 1 },
        "east":  { "uv": [ 7, 3, 8, 5 ], "texture": "#texture1", "tintindex": 1 }
    }
},
{
    "__comment": "Side",
    "from": [ 12, 5, 1 ],
    "to": [ 14, 7, 2 ],
    "faces": {
        "down":  { "uv": [ 8, 5, 7.5, 3 ], "texture": "#texture1", "tintindex": 1 },
        "up":    { "uv": [ 7.5, 3, 8, 5 ], "texture": "#texture1", "tintindex": 1 },
        "north": { "uv": [ 7.5, 3, 8, 5 ], "texture": "#texture1", "tintindex": 1 },
        "west":  { "uv": [ 7, 3, 8, 5 ], "texture": "#texture1", "tintindex": 1 },
        "east":  { "uv": [ 7, 3, 8, 5 ], "texture": "#texture1", "tintindex": 1 }
    }
},
{
    "__comment": "Side",
    "from": [ 7, 9, 9 ],
    "to": [ 9, 11, 10 ],
    "faces": {
        "down":  { "uv": [ 8, 5, 7.5, 3 ], "texture": "#texture1", "tintindex": 1 },
        "up":    { "uv": [ 7.5, 3, 8, 5 ], "texture": "#texture1", "tintindex": 1 },
        "south": { "uv": [ 7.5, 3, 8, 5 ], "texture": "#texture1", "tintindex": 1 },
        "west":  { "uv": [ 7, 3, 8, 5 ], "texture": "#texture1", "tintindex": 1 },
        "east":  { "uv": [ 7, 3, 8, 5 ], "texture": "#texture1", "tintindex": 1 }
    }
},
{
    "__comment": "Side",
    "from": [ 7, 1, 6 ],
    "to": [ 9, 3, 7 ],
    "faces": {
        "down":  { "uv": [ 8, 5, 7.5, 3 ], "texture": "#texture1", "tintindex": 1 },
        "up":    { "uv": [ 7.5, 3, 8, 5 ], "texture": "#texture1", "tintindex": 1 },
        "north": { "uv": [ 7.5, 3, 8, 5 ], "texture": "#texture1", "tintindex": 1 },
        "west":  { "uv": [ 7, 3, 8, 5 ], "texture": "#texture1", "tintindex": 1 },
        "east":  { "uv": [ 7, 3, 8, 5 ], "texture": "#texture1", "tintindex": 1 }
    }
}
]
}