{
"__comment":"Made by Know2Good, part of the 'Default 3D™' resource pack || Official download page: http://www.planetminecraft.com/texture_pack/default-3d-2985741/ || © 2014 Know2Good. All rights reserved. ",
"textures": {
	"block": "blocks/door_spruce_upper",
	"particle":"blocks/door_spruce_upper"
},
"elements":[
	{
		"type":"cube", //The inner block
		"from":[0.75,0,1],
		"to":[2.25,15.999,16],
		"rotation": {"origin": [ 8, 1, 8 ], "axis": "y", "angle": 0 },
		"faces": {
			"up":{"uv":[1,0,16,1],"texture":"#block","cullface":"Know2Good","rotation":90},
			"south":{"uv":[15,0,16,16],"texture":"#block","cullface":"Know2Good"},
			"west":{"uv":[1,0,16,16],"texture":"#block","cullface":"Know2Good"},
			"east":{"uv":[16,0,1,16],"texture":"#block","cullface":"Know2Good"}
		}
	},
	{
		"type":"cube", //Bottom hinge
		"from":[-0.25,0,-0.25],
		"to":[3.25,1,1],
		"rotation": {"origin": [ 8, 1, 8 ], "axis": "y", "angle": 0 },
		"faces": {
			"up":{"uv":[0,15,1,16],"texture":"#block","cullface":"Know2Good","rotation":90},
			"down":{"uv":[0,15,1,16],"texture":"#block","cullface":"Know2Good","rotation":270},
			"north":{"uv":[0,15,1,16],"texture":"#block","cullface":"Know2Good"},
			"south":{"uv":[0,15,1,16],"texture":"#block","cullface":"Know2Good"},
			"west":{"uv":[0,15,1,16],"texture":"#block","cullface":"Know2Good"},
			"east":{"uv":[1,15,0,16],"texture":"#block","cullface":"Know2Good"}
		}
	},
	{
		"type":"cube", //Top hinge
		"from":[-0.25,10,-0.25],
		"to":[3.25,12,1],
		"rotation": {"origin": [ 8, 1, 8 ], "axis": "y", "angle": 0 },
		"faces": {
			"up":{"uv":[0,4,1,5],"texture":"#block","cullface":"Know2Good","rotation":90},
			"down":{"uv":[0,5,1,6],"texture":"#block","cullface":"Know2Good","rotation":270},
			"north":{"uv":[0,4,1,6],"texture":"#block","cullface":"Know2Good"},
			"south":{"uv":[0,4,1,6],"texture":"#block","cullface":"Know2Good"},
			"west":{"uv":[0,4,1,6],"texture":"#block","cullface":"Know2Good"},
			"east":{"uv":[1,4,0,6],"texture":"#block","cullface":"Know2Good"}
		}
	},
	{
		"type":"cube", //Middle hinge side
		"from":[1,0.001,0],
		"to":[2,16,1],
		"rotation": {"origin": [ 8, 1, 8 ], "axis": "y", "angle": 0 },
		"faces": {
			"up":{"uv":[1,0,2,1],"texture":"#block","cullface":"Know2Good"},
			"north":{"uv":[1,0,2,16],"texture":"#block","cullface":"Know2Good"}
		}
	},
	{
		"type":"cube", //Hinge side (east)
		"from":[2,0,0],
		"to":[3,16,3],
		"rotation": {"origin": [ 8, 1, 8 ], "axis": "y", "angle": 0 },
		"faces": {
			"up":{"uv":[0,0,3,1],"texture":"#block","cullface":"Know2Good","rotation":90},
			"north":{"uv":[0,0,1,16],"texture":"#block","cullface":"Know2Good"},
			"south":{"uv":[2,0,3,16],"texture":"#block","cullface":"Know2Good"},
			"east":{"uv":[3,0,0,16],"texture":"#block","cullface":"Know2Good"}
		}
	},
	{
		"type":"cube", //Hinge side (west)
		"from":[0,0,0],
		"to":[1,16,3],
		"rotation": {"origin": [ 8, 1, 8 ], "axis": "y", "angle": 0 },
		"faces": {
			"up":{"uv":[0,0,3,1],"texture":"#block","cullface":"Know2Good","rotation":90},
			"north":{"uv":[0,0,1,16],"texture":"#block","cullface":"Know2Good"},
			"south":{"uv":[2,0,3,16],"texture":"#block","cullface":"Know2Good"},
			"west":{"uv":[0,0,3,16],"texture":"#block","cullface":"Know2Good"}
		}
	},
	{
		"type":"cube", //First vertical log
		"from":[0,0,4],
		"to":[3,16,6],
		"rotation": {"origin": [ 8, 1, 8 ], "axis": "y", "angle": 0 },
		"faces": {
			"up":{"uv":[4,0,6,3],"texture":"#block","cullface":"Know2Good","rotation":90},
			"north":{"uv":[4,0,5,16],"texture":"#block","cullface":"Know2Good"},
			"south":{"uv":[5,0,6,16],"texture":"#block","cullface":"Know2Good"},
			"west":{"uv":[4,0,6,16],"texture":"#block","cullface":"Know2Good"},
			"east":{"uv":[6,0,4,16],"texture":"#block","cullface":"Know2Good"}
		}
	},
	{
		"type":"cube", //Second vertical log
		"from":[0,0,7],
		"to":[3,16,9],
		"rotation": {"origin": [ 8, 1, 8 ], "axis": "y", "angle": 0 },
		"faces": {
			"up":{"uv":[7,0,9,3],"texture":"#block","cullface":"Know2Good","rotation":90},
			"north":{"uv":[7,0,8,16],"texture":"#block","cullface":"Know2Good"},
			"south":{"uv":[8,0,9,16],"texture":"#block","cullface":"Know2Good"},
			"west":{"uv":[7,0,9,16],"texture":"#block","cullface":"Know2Good"},
			"east":{"uv":[9,0,7,16],"texture":"#block","cullface":"Know2Good"}
		}
	},
	{
		"type":"cube", //Third vertical log
		"from":[0,0,10],
		"to":[3,16,12],
		"rotation": {"origin": [ 8, 1, 8 ], "axis": "y", "angle": 0 },
		"faces": {
			"up":{"uv":[10,0,12,3],"texture":"#block","cullface":"Know2Good","rotation":90},
			"north":{"uv":[10,0,11,16],"texture":"#block","cullface":"Know2Good"},
			"south":{"uv":[11,0,12,16],"texture":"#block","cullface":"Know2Good"},
			"west":{"uv":[10,0,12,16],"texture":"#block","cullface":"Know2Good"},
			"east":{"uv":[12,0,10,16],"texture":"#block","cullface":"Know2Good"}
		}
	},
	{
		"type":"cube", //Fourth vertical log
		"from":[0,0,13],
		"to":[3,16,15],
		"rotation": {"origin": [ 8, 1, 8 ], "axis": "y", "angle": 0 },
		"faces": {
			"up":{"uv":[13,0,15,3],"texture":"#block","cullface":"Know2Good","rotation":90},
			"north":{"uv":[13,0,14,16],"texture":"#block","cullface":"Know2Good"},
			"south":{"uv":[14,0,15,16],"texture":"#block","cullface":"Know2Good"},
			"west":{"uv":[13,0,15,16],"texture":"#block","cullface":"Know2Good"},
			"east":{"uv":[15,0,13,16],"texture":"#block","cullface":"Know2Good"}
		}
	},
	{
		"type":"cube", //Metal safety 1.1
		"from":[-0.2,0,-0.2],
		"to":[3.2,1,3.2],
		"rotation": {"origin": [ 8, 1, 8 ], "axis": "y", "angle": 0 },
		"faces": {
			"up":{"uv":[0,15,3,16],"texture":"#block","cullface":"Know2Good","rotation":90},
			"down":{"uv":[0,15,3,16],"texture":"#block","cullface":"Know2Good","rotation":270},
			"north":{"uv":[0,15,1,16],"texture":"#block","cullface":"Know2Good"},
			"south":{"uv":[2,15,3,16],"texture":"#block","cullface":"Know2Good"},
			"west":{"uv":[0,15,3,16],"texture":"#block","cullface":"Know2Good"},
			"east":{"uv":[3,15,0,16],"texture":"#block","cullface":"Know2Good"}
		}
	},
	{
		"type":"cube", //Metal safety 2.1
		"from":[-0.2,0,3.8],
		"to":[3.2,1,6.2],
		"rotation": {"origin": [ 8, 1, 8 ], "axis": "y", "angle": 0 },
		"faces": {
			"up":{"uv":[4,15,6,16],"texture":"#block","cullface":"Know2Good","rotation":90},
			"down":{"uv":[4,15,6,16],"texture":"#block","cullface":"Know2Good","rotation":270},
			"north":{"uv":[4,15,5,16],"texture":"#block","cullface":"Know2Good"},
			"south":{"uv":[5,15,6,16],"texture":"#block","cullface":"Know2Good"},
			"west":{"uv":[4,15,6,16],"texture":"#block","cullface":"Know2Good"},
			"east":{"uv":[6,15,4,16],"texture":"#block","cullface":"Know2Good"}
		}
	},
	{
		"type":"cube", //Metal safety 3.1
		"from":[-0.2,0,6.8],
		"to":[3.2,1,9.2],
		"rotation": {"origin": [ 8, 1, 8 ], "axis": "y", "angle": 0 },
		"faces": {
			"up":{"uv":[7,15,9,16],"texture":"#block","cullface":"Know2Good","rotation":90},
			"down":{"uv":[7,15,9,16],"texture":"#block","cullface":"Know2Good","rotation":270},
			"north":{"uv":[7,15,8,16],"texture":"#block","cullface":"Know2Good"},
			"south":{"uv":[8,15,9,16],"texture":"#block","cullface":"Know2Good"},
			"west":{"uv":[7,15,9,16],"texture":"#block","cullface":"Know2Good"},
			"east":{"uv":[9,15,7,16],"texture":"#block","cullface":"Know2Good"}
		}
	},
	{
		"type":"cube", //Metal safety 4.1
		"from":[-0.2,0,9.8],
		"to":[3.2,1,12.2],
		"rotation": {"origin": [ 8, 1, 8 ], "axis": "y", "angle": 0 },
		"faces": {
			"up":{"uv":[10,15,12,16],"texture":"#block","cullface":"Know2Good","rotation":90},
			"down":{"uv":[10,15,12,16],"texture":"#block","cullface":"Know2Good","rotation":270},
			"north":{"uv":[10,15,11,16],"texture":"#block","cullface":"Know2Good"},
			"south":{"uv":[11,15,12,16],"texture":"#block","cullface":"Know2Good"},
			"west":{"uv":[10,15,12,16],"texture":"#block","cullface":"Know2Good"},
			"east":{"uv":[12,15,10,16],"texture":"#block","cullface":"Know2Good"}
		}
	},
	{
		"type":"cube", //Metal safety 5.1
		"from":[-0.2,0,12.8],
		"to":[3.2,1,15.2],
		"rotation": {"origin": [ 8, 1, 8 ], "axis": "y", "angle": 0 },
		"faces": {
			"up":{"uv":[13,15,15,16],"texture":"#block","cullface":"Know2Good","rotation":90},
			"down":{"uv":[13,15,15,16],"texture":"#block","cullface":"Know2Good","rotation":270},
			"north":{"uv":[13,15,14,16],"texture":"#block","cullface":"Know2Good"},
			"south":{"uv":[14,15,15,16],"texture":"#block","cullface":"Know2Good"},
			"west":{"uv":[13,15,15,16],"texture":"#block","cullface":"Know2Good"},
			"east":{"uv":[15,15,13,16],"texture":"#block","cullface":"Know2Good"}
		}
	},
	{
		"type":"cube", //Metal safety 1.2
		"from":[-0.2,11,-0.2],
		"to":[3.2,12,3.2],
		"rotation": {"origin": [ 8, 1, 8 ], "axis": "y", "angle": 0 },
		"faces": {
			"up":{"uv":[0,4,3,5],"texture":"#block","cullface":"Know2Good","rotation":90},
			"down":{"uv":[0,4,3,5],"texture":"#block","cullface":"Know2Good","rotation":270},
			"north":{"uv":[0,4,1,5],"texture":"#block","cullface":"Know2Good"},
			"south":{"uv":[2,4,3,5],"texture":"#block","cullface":"Know2Good"},
			"west":{"uv":[0,4,3,5],"texture":"#block","cullface":"Know2Good"},
			"east":{"uv":[3,4,0,5],"texture":"#block","cullface":"Know2Good"}
		}
	},
	{
		"type":"cube", //Metal safety 2.2
		"from":[-0.2,11,3.8],
		"to":[3.2,12,6.2],
		"rotation": {"origin": [ 8, 1, 8 ], "axis": "y", "angle": 0 },
		"faces": {
			"up":{"uv":[4,4,6,5],"texture":"#block","cullface":"Know2Good","rotation":90},
			"down":{"uv":[4,4,6,5],"texture":"#block","cullface":"Know2Good","rotation":270},
			"north":{"uv":[4,4,5,5],"texture":"#block","cullface":"Know2Good"},
			"south":{"uv":[5,4,6,5],"texture":"#block","cullface":"Know2Good"},
			"west":{"uv":[4,4,6,5],"texture":"#block","cullface":"Know2Good"},
			"east":{"uv":[6,4,4,5],"texture":"#block","cullface":"Know2Good"}
		}
	},
	{
		"type":"cube", //Metal safety 3.2
		"from":[-0.2,11,6.8],
		"to":[3.2,12,9.2],
		"rotation": {"origin": [ 8, 1, 8 ], "axis": "y", "angle": 0 },
		"faces": {
			"up":{"uv":[7,4,9,5],"texture":"#block","cullface":"Know2Good","rotation":90},
			"down":{"uv":[7,4,9,5],"texture":"#block","cullface":"Know2Good","rotation":270},
			"north":{"uv":[7,4,8,5],"texture":"#block","cullface":"Know2Good"},
			"south":{"uv":[8,4,9,5],"texture":"#block","cullface":"Know2Good"},
			"west":{"uv":[7,4,9,5],"texture":"#block","cullface":"Know2Good"},
			"east":{"uv":[9,4,7,5],"texture":"#block","cullface":"Know2Good"}
		}
	},
	{
		"type":"cube", //Metal safety 4.2
		"from":[-0.2,11,9.8],
		"to":[3.2,12,12.2],
		"rotation": {"origin": [ 8, 1, 8 ], "axis": "y", "angle": 0 },
		"faces": {
			"up":{"uv":[10,4,12,5],"texture":"#block","cullface":"Know2Good","rotation":90},
			"down":{"uv":[10,4,12,5],"texture":"#block","cullface":"Know2Good","rotation":270},
			"north":{"uv":[10,4,11,5],"texture":"#block","cullface":"Know2Good"},
			"south":{"uv":[11,4,12,5],"texture":"#block","cullface":"Know2Good"},
			"west":{"uv":[10,4,12,5],"texture":"#block","cullface":"Know2Good"},
			"east":{"uv":[12,4,10,5],"texture":"#block","cullface":"Know2Good"}
		}
	},
	{
		"type":"cube", //Metal safety 5.2
		"from":[-0.2,11,12.8],
		"to":[3.2,12,15.2],
		"rotation": {"origin": [ 8, 1, 8 ], "axis": "y", "angle": 0 },
		"faces": {
			"up":{"uv":[13,4,15,5],"texture":"#block","cullface":"Know2Good","rotation":90},
			"down":{"uv":[13,4,15,5],"texture":"#block","cullface":"Know2Good","rotation":270},
			"north":{"uv":[13,4,14,5],"texture":"#block","cullface":"Know2Good"},
			"south":{"uv":[14,4,15,5],"texture":"#block","cullface":"Know2Good"},
			"west":{"uv":[13,4,15,5],"texture":"#block","cullface":"Know2Good"},
			"east":{"uv":[15,4,13,5],"texture":"#block","cullface":"Know2Good"}
		}
	}
],
"display": {
	"thirdperson": {
		"rotation": [ 0, 45, 1 ],
		"translation": [ 0, 0.5, 0 ],
		"scale": [ 1.1, 1.1, 1.1 ]
	},
	"firstperson": {
		"rotation": [ 0, 0, 0 ],
		"translation": [ 0, 0, 0 ],
		"scale": [ 1, 1, 1 ]
	},
	"gui": {
		"rotation": [ 0, 0, 0 ],
		"translation": [ 0, 0, 0 ],
		"scale": [ 1, 1, 1 ]
	}
}
}