{
"__comment":"Made by Know2Good, part of the 'Default 3D™' resource pack || Official download page: http://www.planetminecraft.com/texture_pack/default-3d-2985741/ || © 2014 Know2Good. All rights reserved. ",
"textures": {
	"block": "blocks/door_spruce_lower",
	"particle":"blocks/door_spruce_lower"
},
"elements":[
	{
		"type":"cube", //The inner block
		"from":[0.75,0.001,1],
		"to":[2.25,16,16],
		"rotation": {"origin": [ 8, 1, 8 ], "axis": "y", "angle": 0 },
		"faces": {
			"down":{"uv":[1,15,16,16],"texture":"#block","cullface":"Know2Good","rotation":270},
			"south":{"uv":[15,0,16,16],"texture":"#block","cullface":"Know2Good"},
			"west":{"uv":[1,0,16,16],"texture":"#block","cullface":"Know2Good"},
			"east":{"uv":[16,0,1,16],"texture":"#block","cullface":"Know2Good"}
		}
	},
	{
		"type":"cube", //Bottom hinge
		"from":[-0.25,4,-0.25],
		"to":[3.25,6,1],
		"rotation": {"origin": [ 8, 1, 8 ], "axis": "y", "angle": 0 },
		"faces": {
			"up":{"uv":[0,10,1,11],"texture":"#block","cullface":"Know2Good","rotation":90},
			"down":{"uv":[0,11,1,12],"texture":"#block","cullface":"Know2Good","rotation":270},
			"north":{"uv":[0,10,1,12],"texture":"#block","cullface":"Know2Good"},
			"south":{"uv":[0,10,1,12],"texture":"#block","cullface":"Know2Good"},
			"west":{"uv":[0,10,1,12],"texture":"#block","cullface":"Know2Good"},
			"east":{"uv":[1,10,0,12],"texture":"#block","cullface":"Know2Good"}
		}
	},
	{
		"type":"cube", //Top hinge
		"from":[-0.25,15,-0.25],
		"to":[3.25,16,1],
		"rotation": {"origin": [ 8, 1, 8 ], "axis": "y", "angle": 0 },
		"faces": {
			"up":{"uv":[0,0,1,0],"texture":"#block","cullface":"Know2Good","rotation":90},
			"down":{"uv":[0,0,1,1],"texture":"#block","cullface":"Know2Good","rotation":270},
			"north":{"uv":[0,0,1,1],"texture":"#block","cullface":"Know2Good"},
			"south":{"uv":[0,0,1,1],"texture":"#block","cullface":"Know2Good"},
			"west":{"uv":[0,0,1,1],"texture":"#block","cullface":"Know2Good"},
			"east":{"uv":[1,0,0,1],"texture":"#block","cullface":"Know2Good"}
		}
	},
	{
		"type":"cube", //Middle hinge side
		"from":[1,0.001,0],
		"to":[2,16,1],
		"rotation": {"origin": [ 8, 1, 8 ], "axis": "y", "angle": 0 },
		"faces": {
			"down":{"uv":[1,15,2,16],"texture":"#block","cullface":"Know2Good","rotation":270},
			"north":{"uv":[1,0,2,16],"texture":"#block","cullface":"Know2Good"}
		}
	},
	{
		"type":"cube", //Hinge side (east)
		"from":[2,0,0],
		"to":[3,16,3],
		"rotation": {"origin": [ 8, 1, 8 ], "axis": "y", "angle": 0 },
		"faces": {
			"down":{"uv":[0,15,3,16],"texture":"#block","cullface":"Know2Good","rotation":270},
			"north":{"uv":[0,0,1,16],"texture":"#block","cullface":"Know2Good"},
			"south":{"uv":[2,0,3,16],"texture":"#block","cullface":"Know2Good"},
			"east":{"uv":[3,0,0,16],"texture":"#block","cullface":"Know2Good"}
		}
	},
	{
		"type":"cube", //Hinge side (west)
		"from":[0,0,0],
		"to":[1,16,3],
		"rotation": {"origin": [ 8, 1, 8 ], "axis": "y", "angle": 0 },
		"faces": {
			"down":{"uv":[0,15,3,16],"texture":"#block","cullface":"Know2Good","rotation":270},
			"north":{"uv":[0,0,1,16],"texture":"#block","cullface":"Know2Good"},
			"south":{"uv":[2,0,3,16],"texture":"#block","cullface":"Know2Good"},
			"west":{"uv":[0,0,3,16],"texture":"#block","cullface":"Know2Good"}
		}
	},
	{
		"type":"cube", //First vertical log
		"from":[0,0,4],
		"to":[3,16,6],
		"rotation": {"origin": [ 8, 1, 8 ], "axis": "y", "angle": 0 },
		"faces": {
			"down":{"uv":[4,12,6,15],"texture":"#block","cullface":"Know2Good","rotation":270},
			"north":{"uv":[4,0,5,16],"texture":"#block","cullface":"Know2Good"},
			"south":{"uv":[5,0,6,16],"texture":"#block","cullface":"Know2Good"},
			"west":{"uv":[4,0,6,16],"texture":"#block","cullface":"Know2Good"},
			"east":{"uv":[6,0,4,16],"texture":"#block","cullface":"Know2Good"}
		}
	},
	{
		"type":"cube", //Second vertical log
		"from":[0,0,7],
		"to":[3,16,9],
		"rotation": {"origin": [ 8, 1, 8 ], "axis": "y", "angle": 0 },
		"faces": {
			"down":{"uv":[7,12,9,15],"texture":"#block","cullface":"Know2Good","rotation":270},
			"north":{"uv":[7,0,8,16],"texture":"#block","cullface":"Know2Good"},
			"south":{"uv":[8,0,9,16],"texture":"#block","cullface":"Know2Good"},
			"west":{"uv":[7,0,9,16],"texture":"#block","cullface":"Know2Good"},
			"east":{"uv":[9,0,7,16],"texture":"#block","cullface":"Know2Good"}
		}
	},
	{
		"type":"cube", //Third vertical log
		"from":[0,0,10],
		"to":[3,16,12],
		"rotation": {"origin": [ 8, 1, 8 ], "axis": "y", "angle": 0 },
		"faces": {
			"down":{"uv":[10,12,12,15],"texture":"#block","cullface":"Know2Good","rotation":270},
			"north":{"uv":[10,0,11,16],"texture":"#block","cullface":"Know2Good"},
			"south":{"uv":[11,0,12,16],"texture":"#block","cullface":"Know2Good"},
			"west":{"uv":[10,0,12,16],"texture":"#block","cullface":"Know2Good"},
			"east":{"uv":[12,0,10,16],"texture":"#block","cullface":"Know2Good"}
		}
	},
	{
		"type":"cube", //Fourth vertical log
		"from":[0,0,13],
		"to":[3,16,15],
		"rotation": {"origin": [ 8, 1, 8 ], "axis": "y", "angle": 0 },
		"faces": {
			"down":{"uv":[13,12,15,15],"texture":"#block","cullface":"Know2Good","rotation":270},
			"north":{"uv":[13,0,14,16],"texture":"#block","cullface":"Know2Good"},
			"south":{"uv":[14,0,15,16],"texture":"#block","cullface":"Know2Good"},
			"west":{"uv":[13,0,15,16],"texture":"#block","cullface":"Know2Good"},
			"east":{"uv":[15,0,13,16],"texture":"#block","cullface":"Know2Good"}
		}
	},
	{
		"type":"cube", //Prevent handle 1
		"from":[0.749,0,12],
		"to":[2.251,16,13],
		"rotation": {"origin": [ 8, 1, 8 ], "axis": "y", "angle": 0 },
		"faces": {
			"west":{"uv":[3,0,4,16],"texture":"#block","cullface":"Know2Good"},
			"east":{"uv":[3,0,4,16],"texture":"#block","cullface":"Know2Good"}
		}
	},
	{
		"type":"cube", //Prevent handle 2
		"from":[0,11.999,11.999],
		"to":[3,13.001,12.001],
		"rotation": {"origin": [ 8, 1, 8 ], "axis": "y", "angle": 0 },
		"faces": {
			"south":{"uv":[10,4,11,5],"texture":"#block","cullface":"Know2Good"}
		}
	},
	{
		"type":"cube", //Prevent handle 3
		"from":[0,14.999,11.999],
		"to":[3,16.001,12.001],
		"rotation": {"origin": [ 8, 1, 8 ], "axis": "y", "angle": 0 },
		"faces": {
			"south":{"uv":[10,4,11,5],"texture":"#block","cullface":"Know2Good"}
		}
	},
	{
		"type":"cube", //Prevent handle 4
		"from":[0,13,12.999],
		"to":[3,15,13.001],
		"rotation": {"origin": [ 8, 1, 8 ], "axis": "y", "angle": 0 },
		"faces": {
			"north":{"uv":[14,1,15,3],"texture":"#block","cullface":"Know2Good"}
		}
	},
	{
		"type":"cube", //Prevent handle 5
		"from":[0,13,9.999],
		"to":[3,15,10.001],
		"rotation": {"origin": [ 8, 1, 8 ], "axis": "y", "angle": 0 },
		"faces": {
			"north":{"uv":[8,3,9,5],"texture":"#block","cullface":"Know2Good"}
		}
	},
	{
		"type":"cube", //Handle top west
		"from":[-0.5,15,11],
		"to":[0,16,13],
		"rotation": {"origin": [ 8, 1, 8 ], "axis": "y", "angle": 0 },
		"faces": {
			"up":{"uv":[11,0,13,1],"texture":"#block","cullface":"Know2Good","rotation":90},
			"down":{"uv":[11,0,13,1],"texture":"#block","cullface":"Know2Good","rotation":270},
			"north":{"uv":[11,0,12,1],"texture":"#block","cullface":"Know2Good"},
			"south":{"uv":[12,0,13,1],"texture":"#block","cullface":"Know2Good"},
			"west":{"uv":[11,0,13,1],"texture":"#block","cullface":"Know2Good"},
			"east":{"uv":[13,0,11,1],"texture":"#block","cullface":"Know2Good"}
		}
	},
	{
		"type":"cube", //Handle bottom west
		"from":[-0.5,12,11],
		"to":[0,13,13],
		"rotation": {"origin": [ 8, 1, 8 ], "axis": "y", "angle": 0 },
		"faces": {
			"up":{"uv":[11,3,13,4],"texture":"#block","cullface":"Know2Good","rotation":90},
			"down":{"uv":[11,3,13,4],"texture":"#block","cullface":"Know2Good","rotation":270},
			"north":{"uv":[11,3,12,4],"texture":"#block","cullface":"Know2Good"},
			"south":{"uv":[12,3,13,4],"texture":"#block","cullface":"Know2Good"},
			"west":{"uv":[11,3,13,4],"texture":"#block","cullface":"Know2Good"},
			"east":{"uv":[13,3,11,4],"texture":"#block","cullface":"Know2Good"}
		}
	},
	{
		"type":"cube", //Handle right west
		"from":[-0.5,13,13],
		"to":[0,15,14],
		"rotation": {"origin": [ 8, 1, 8 ], "axis": "y", "angle": 0 },
		"faces": {
			"up":{"uv":[13,1,14,2],"texture":"#block","cullface":"Know2Good","rotation":90},
			"down":{"uv":[13,2,14,3],"texture":"#block","cullface":"Know2Good","rotation":270},
			"north":{"uv":[13,1,14,3],"texture":"#block","cullface":"Know2Good"},
			"south":{"uv":[13,1,14,3],"texture":"#block","cullface":"Know2Good"},
			"west":{"uv":[13,1,14,3],"texture":"#block","cullface":"Know2Good"},
			"east":{"uv":[14,1,13,3],"texture":"#block","cullface":"Know2Good"}
		}
	},
	{
		"type":"cube", //Handle left west
		"from":[-0.5,13,10],
		"to":[0,15,11],
		"rotation": {"origin": [ 8, 1, 8 ], "axis": "y", "angle": 0 },
		"faces": {
			"up":{"uv":[10,1,11,2],"texture":"#block","cullface":"Know2Good","rotation":90},
			"down":{"uv":[10,2,11,3],"texture":"#block","cullface":"Know2Good","rotation":270},
			"north":{"uv":[10,1,11,3],"texture":"#block","cullface":"Know2Good"},
			"south":{"uv":[10,1,11,3],"texture":"#block","cullface":"Know2Good"},
			"west":{"uv":[10,1,11,3],"texture":"#block","cullface":"Know2Good"},
			"east":{"uv":[11,1,10,3],"texture":"#block","cullface":"Know2Good"}
		}
	},
	{
		"type":"cube", //Handle top east
		"from":[3,15,11],
		"to":[3.5,16,13],
		"rotation": {"origin": [ 8, 1, 8 ], "axis": "y", "angle": 0 },
		"faces": {
			"up":{"uv":[11,0,13,1],"texture":"#block","cullface":"Know2Good","rotation":90},
			"down":{"uv":[11,0,13,1],"texture":"#block","cullface":"Know2Good","rotation":270},
			"north":{"uv":[11,0,12,1],"texture":"#block","cullface":"Know2Good"},
			"south":{"uv":[12,0,13,1],"texture":"#block","cullface":"Know2Good"},
			"west":{"uv":[11,0,13,1],"texture":"#block","cullface":"Know2Good"},
			"east":{"uv":[13,0,11,1],"texture":"#block","cullface":"Know2Good"}
		}
	},
	{
		"type":"cube", //Handle bottom east
		"from":[3,12,11],
		"to":[3.5,13,13],
		"rotation": {"origin": [ 8, 1, 8 ], "axis": "y", "angle": 0 },
		"faces": {
			"up":{"uv":[11,3,13,4],"texture":"#block","cullface":"Know2Good","rotation":90},
			"down":{"uv":[11,3,13,4],"texture":"#block","cullface":"Know2Good","rotation":270},
			"north":{"uv":[11,3,12,4],"texture":"#block","cullface":"Know2Good"},
			"south":{"uv":[12,3,13,4],"texture":"#block","cullface":"Know2Good"},
			"west":{"uv":[11,3,13,4],"texture":"#block","cullface":"Know2Good"},
			"east":{"uv":[13,3,11,4],"texture":"#block","cullface":"Know2Good"}
		}
	},
	{
		"type":"cube", //Handle right east
		"from":[3,13,13],
		"to":[3.5,15,14],
		"rotation": {"origin": [ 8, 1, 8 ], "axis": "y", "angle": 0 },
		"faces": {
			"up":{"uv":[13,1,14,2],"texture":"#block","cullface":"Know2Good","rotation":90},
			"down":{"uv":[13,2,14,3],"texture":"#block","cullface":"Know2Good","rotation":270},
			"north":{"uv":[13,1,14,3],"texture":"#block","cullface":"Know2Good"},
			"south":{"uv":[13,1,14,3],"texture":"#block","cullface":"Know2Good"},
			"west":{"uv":[13,1,14,3],"texture":"#block","cullface":"Know2Good"},
			"east":{"uv":[14,1,13,3],"texture":"#block","cullface":"Know2Good"}
		}
	},
	{
		"type":"cube", //Handle left east
		"from":[3,13,10],
		"to":[3.5,15,11],
		"rotation": {"origin": [ 8, 1, 8 ], "axis": "y", "angle": 0 },
		"faces": {
			"up":{"uv":[10,1,11,2],"texture":"#block","cullface":"Know2Good","rotation":90},
			"down":{"uv":[10,2,11,3],"texture":"#block","cullface":"Know2Good","rotation":270},
			"north":{"uv":[10,1,11,3],"texture":"#block","cullface":"Know2Good"},
			"south":{"uv":[10,1,11,3],"texture":"#block","cullface":"Know2Good"},
			"west":{"uv":[10,1,11,3],"texture":"#block","cullface":"Know2Good"},
			"east":{"uv":[11,1,10,3],"texture":"#block","cullface":"Know2Good"}
		}
	},
	{
		"type":"cube", //Metal safety 1
		"from":[-0.2,5,-0.2],
		"to":[3.2,6,3.2],
		"rotation": {"origin": [ 8, 1, 8 ], "axis": "y", "angle": 0 },
		"faces": {
			"up":{"uv":[0,10,3,11],"texture":"#block","cullface":"Know2Good","rotation":90},
			"down":{"uv":[0,10,3,11],"texture":"#block","cullface":"Know2Good","rotation":270},
			"north":{"uv":[0,10,1,11],"texture":"#block","cullface":"Know2Good"},
			"south":{"uv":[2,10,3,11],"texture":"#block","cullface":"Know2Good"},
			"west":{"uv":[0,10,3,11],"texture":"#block","cullface":"Know2Good"},
			"east":{"uv":[3,10,0,11],"texture":"#block","cullface":"Know2Good"}
		}
	},
	{
		"type":"cube", //Metal safety 2
		"from":[-0.2,5,3.8],
		"to":[3.2,6,6.2],
		"rotation": {"origin": [ 8, 1, 8 ], "axis": "y", "angle": 0 },
		"faces": {
			"up":{"uv":[4,10,6,11],"texture":"#block","cullface":"Know2Good","rotation":90},
			"down":{"uv":[4,10,6,11],"texture":"#block","cullface":"Know2Good","rotation":270},
			"north":{"uv":[4,10,5,11],"texture":"#block","cullface":"Know2Good"},
			"south":{"uv":[5,10,6,11],"texture":"#block","cullface":"Know2Good"},
			"west":{"uv":[4,10,6,11],"texture":"#block","cullface":"Know2Good"},
			"east":{"uv":[6,10,4,11],"texture":"#block","cullface":"Know2Good"}
		}
	},
	{
		"type":"cube", //Metal safety 3
		"from":[-0.2,5,6.8],
		"to":[3.2,6,9.2],
		"rotation": {"origin": [ 8, 1, 8 ], "axis": "y", "angle": 0 },
		"faces": {
			"up":{"uv":[7,10,9,11],"texture":"#block","cullface":"Know2Good","rotation":90},
			"down":{"uv":[7,10,9,11],"texture":"#block","cullface":"Know2Good","rotation":270},
			"north":{"uv":[7,10,8,11],"texture":"#block","cullface":"Know2Good"},
			"south":{"uv":[8,10,9,11],"texture":"#block","cullface":"Know2Good"},
			"west":{"uv":[7,10,9,11],"texture":"#block","cullface":"Know2Good"},
			"east":{"uv":[9,10,7,11],"texture":"#block","cullface":"Know2Good"}
		}
	},
	{
		"type":"cube", //Metal safety 4
		"from":[-0.2,5,9.8],
		"to":[3.2,6,12.2],
		"rotation": {"origin": [ 8, 1, 8 ], "axis": "y", "angle": 0 },
		"faces": {
			"up":{"uv":[10,10,12,11],"texture":"#block","cullface":"Know2Good","rotation":90},
			"down":{"uv":[10,10,12,11],"texture":"#block","cullface":"Know2Good","rotation":270},
			"north":{"uv":[10,10,11,11],"texture":"#block","cullface":"Know2Good"},
			"south":{"uv":[11,10,12,11],"texture":"#block","cullface":"Know2Good"},
			"west":{"uv":[10,10,12,11],"texture":"#block","cullface":"Know2Good"},
			"east":{"uv":[12,10,10,11],"texture":"#block","cullface":"Know2Good"}
		}
	},
	{
		"type":"cube", //Metal safety 4
		"from":[-0.2,5,12.8],
		"to":[3.2,6,15.2],
		"rotation": {"origin": [ 8, 1, 8 ], "axis": "y", "angle": 0 },
		"faces": {
			"up":{"uv":[13,10,15,11],"texture":"#block","cullface":"Know2Good","rotation":90},
			"down":{"uv":[13,10,15,11],"texture":"#block","cullface":"Know2Good","rotation":270},
			"north":{"uv":[13,10,14,11],"texture":"#block","cullface":"Know2Good"},
			"south":{"uv":[14,10,15,11],"texture":"#block","cullface":"Know2Good"},
			"west":{"uv":[13,10,15,11],"texture":"#block","cullface":"Know2Good"},
			"east":{"uv":[15,10,13,11],"texture":"#block","cullface":"Know2Good"}
		}
	}
],
"display": {
	"thirdperson": {
		"rotation": [ 0, 45, 1 ],
		"translation": [ 0, 0.5, 0 ],
		"scale": [ 1.1, 1.1, 1.1 ]
	},
	"firstperson": {
		"rotation": [ 0, 0, 0 ],
		"translation": [ 0, 0, 0 ],
		"scale": [ 1, 1, 1 ]
	},
	"gui": {
		"rotation": [ 0, 0, 0 ],
		"translation": [ 0, 0, 0 ],
		"scale": [ 1, 1, 1 ]
	}
}
}