{
    "__comment": "Fair warning, this format is highly likely to change even more in the future!",
    "textures": {
        "bottom": "blocks/tnt_bottom",
		"particle": "blocks/tnt_side",
        "top": "blocks/tnt_top",
        "side": "blocks/tnt_side"
    },
	"elements": [
        {   
            "from": [ 0, 0, 0 ],
            "to": [ 16, 16, 16 ],
            "faces": {
                "down": {
                    "uv": [ 0, 0, 8, 8 ],
                    "texture": "#bottom"
                },
                "up": {
                    "uv": [ 0, 0, 16, 16 ],
                    "texture": "#top"
                },
                "north": {
                    "uv": [ 0, 0, 16, 16 ],
                    "texture": "#side"
                },
                "south": {
                    "uv": [ 0, 0, 16, 16 ],
                    "texture": "#side"
                },
                "west": {
                    "uv": [ 0, 0, 16, 16 ],
                    "texture": "#side"
                },
                "east": {
                    "uv": [ 0, 0, 16, 16 ],
                    "texture": "#side"
                }
            }
        },
        {   
            "from": [ 6, 16, 7 ],
            "to": [ 7, 17, 8 ],
            "faces": {
                "down": {
                    "uv": [ 8, 8, 9, 9 ],
                    "texture": "#bottom"
                },
                "up": {
                    "uv": [ 6, 6, 7, 7 ],
                    "texture": "#top"
                },
                "north": {
                    "uv": [ 6, 6, 7, 7 ],
                    "texture": "#side"
                },
                "south": {
                    "uv": [ 6, 6, 7, 7 ],
                    "texture": "#side"
                },
                "west": {
                    "uv": [ 6, 6, 7, 7 ],
                    "texture": "#side"
                },
                "east": {
                    "uv": [ 6, 6, 7, 7 ],
                    "texture": "#side"
                }
            }
        },
        {   
            "from": [ 8, 16, 7 ],
            "to": [ 9, 17, 8 ],
            "faces": {
                "down": {
                    "uv": [ 8, 8, 9, 9 ],
                    "texture": "#bottom"
                },
                "up": {
                    "uv": [ 6, 6, 7, 7 ],
                    "texture": "#top"
                },
                "north": {
                    "uv": [ 6, 6, 7, 7 ],
                    "texture": "#side"
                },
                "south": {
                    "uv": [ 6, 6, 7, 7 ],
                    "texture": "#side"
                },
                "west": {
                    "uv": [ 6, 6, 7, 7 ],
                    "texture": "#side"
                },
                "east": {
                    "uv": [ 6, 6, 7, 7 ],
                    "texture": "#side"
                }
            }
        },
        {   
            "from": [ 6, 16, 9 ],
            "to": [ 7, 17, 10 ],
            "faces": {
                "down": {
                    "uv": [ 8, 8, 9, 9 ],
                    "texture": "#bottom"
                },
                "up": {
                    "uv": [ 6, 6, 7, 7 ],
                    "texture": "#top"
                },
                "north": {
                    "uv": [ 6, 6, 7, 7 ],
                    "texture": "#side"
                },
                "south": {
                    "uv": [ 6, 6, 7, 7 ],
                    "texture": "#side"
                },
                "west": {
                    "uv": [ 6, 6, 7, 7 ],
                    "texture": "#side"
                },
                "east": {
                    "uv": [ 6, 6, 7, 7 ],
                    "texture": "#side"
                }
            }
        },
        {   
            "from": [ 7, 16, 10 ],
            "to": [ 8, 17, 11 ],
            "faces": {
                "down": {
                    "uv": [ 8, 8, 9, 9 ],
                    "texture": "#bottom"
                },
                "up": {
                    "uv": [ 6, 6, 7, 7 ],
                    "texture": "#top"
                },
                "north": {
                    "uv": [ 6, 6, 7, 7 ],
                    "texture": "#side"
                },
                "south": {
                    "uv": [ 6, 6, 7, 7 ],
                    "texture": "#side"
                },
                "west": {
                    "uv": [ 6, 6, 7, 7 ],
                    "texture": "#side"
                },
                "east": {
                    "uv": [ 6, 6, 7, 7 ],
                    "texture": "#side"
                }
            }
        },
        {   
            "from": [ 9, 16, 9 ],
            "to": [ 10, 17, 10 ],
            "faces": {
                "down": {
                    "uv": [ 8, 8, 9, 9 ],
                    "texture": "#bottom"
                },
                "up": {
                    "uv": [ 6, 6, 7, 7 ],
                    "texture": "#top"
                },
                "north": {
                    "uv": [ 6, 6, 7, 7 ],
                    "texture": "#side"
                },
                "south": {
                    "uv": [ 6, 6, 7, 7 ],
                    "texture": "#side"
                },
                "west": {
                    "uv": [ 6, 6, 7, 7 ],
                    "texture": "#side"
                },
                "east": {
                    "uv": [ 6, 6, 7, 7 ],
                    "texture": "#side"
                }
            }
        },
        {   
            "from": [ 7, 17, 8 ],
            "to": [ 8, 18, 9 ],
            "faces": {
                "down": {
                    "uv": [ 8, 8, 9, 9 ],
                    "texture": "#bottom"
                },
                "up": {
                    "uv": [ 6, 6, 7, 7 ],
                    "texture": "#top"
                },
                "north": {
                    "uv": [ 6, 6, 7, 7 ],
                    "texture": "#side"
                },
                "south": {
                    "uv": [ 6, 6, 7, 7 ],
                    "texture": "#side"
                },
                "west": {
                    "uv": [ 6, 6, 7, 7 ],
                    "texture": "#side"
                },
                "east": {
                    "uv": [ 6, 6, 7, 7 ],
                    "texture": "#side"
                }
            }
        },
        {   
            "from": [ 7, 17, 9 ],
            "to": [ 8, 18, 10 ],
            "faces": {
                "down": {
                    "uv": [ 8, 8, 9, 9 ],
                    "texture": "#bottom"
                },
                "up": {
                    "uv": [ 6, 6, 7, 7 ],
                    "texture": "#top"
                },
                "north": {
                    "uv": [ 6, 6, 7, 7 ],
                    "texture": "#side"
                },
                "south": {
                    "uv": [ 6, 6, 7, 7 ],
                    "texture": "#side"
                },
                "west": {
                    "uv": [ 6, 6, 7, 7 ],
                    "texture": "#side"
                },
                "east": {
                    "uv": [ 6, 6, 7, 7 ],
                    "texture": "#side"
                }
            }
        },
        {   
            "from": [ 8, 17, 9 ],
            "to": [ 9, 18, 10 ],
            "faces": {
                "down": {
                    "uv": [ 8, 8, 9, 9 ],
                    "texture": "#bottom"
                },
                "up": {
                    "uv": [ 6, 6, 7, 7 ],
                    "texture": "#top"
                },
                "north": {
                    "uv": [ 6, 6, 7, 7 ],
                    "texture": "#side"
                },
                "south": {
                    "uv": [ 6, 6, 7, 7 ],
                    "texture": "#side"
                },
                "west": {
                    "uv": [ 6, 6, 7, 7 ],
                    "texture": "#side"
                },
                "east": {
                    "uv": [ 6, 6, 7, 7 ],
                    "texture": "#side"
                }
            }
        },
        {   
            "from": [ 8, 18, 10 ],
            "to": [ 9, 19, 11 ],
            "faces": {
                "down": {
                    "uv": [ 8, 8, 9, 9 ],
                    "texture": "#bottom"
                },
                "up": {
                    "uv": [ 6, 6, 7, 7 ],
                    "texture": "#top"
                },
                "north": {
                    "uv": [ 6, 6, 7, 7 ],
                    "texture": "#side"
                },
                "south": {
                    "uv": [ 6, 6, 7, 7 ],
                    "texture": "#side"
                },
                "west": {
                    "uv": [ 6, 6, 7, 7 ],
                    "texture": "#side"
                },
                "east": {
                    "uv": [ 6, 6, 7, 7 ],
                    "texture": "#side"
                }
            }
        },
        {   
            "from": [ 8, 18, 11 ],
            "to": [ 9, 19, 12 ],
            "faces": {
                "down": {
                    "uv": [ 8, 8, 9, 9 ],
                    "texture": "#bottom"
                },
                "up": {
                    "uv": [ 6, 6, 7, 7 ],
                    "texture": "#top"
                },
                "north": {
                    "uv": [ 6, 6, 7, 7 ],
                    "texture": "#side"
                },
                "south": {
                    "uv": [ 6, 6, 7, 7 ],
                    "texture": "#side"
                },
                "west": {
                    "uv": [ 6, 6, 7, 7 ],
                    "texture": "#side"
                },
                "east": {
                    "uv": [ 6, 6, 7, 7 ],
                    "texture": "#side"
                }
            }
        },
        {   
            "from": [ 9, 19, 12 ],
            "to": [ 11, 20, 13 ],
            "faces": {
                "down": {
                    "uv": [ 8, 8, 9, 9 ],
                    "texture": "#bottom"
                },
                "up": {
                    "uv": [ 6, 6, 7, 7 ],
                    "texture": "#top"
                },
                "north": {
                    "uv": [ 6, 6, 7, 7 ],
                    "texture": "#side"
                },
                "south": {
                    "uv": [ 6, 6, 7, 7 ],
                    "texture": "#side"
                },
                "west": {
                    "uv": [ 6, 6, 7, 7 ],
                    "texture": "#side"
                },
                "east": {
                    "uv": [ 6, 6, 7, 7 ],
                    "texture": "#side"
                }
            }
        },
        {   
            "from": [ 11, 19, 11 ],
            "to": [ 12, 20, 12 ],
            "faces": {
                "down": {
                    "uv": [ 8, 8, 9, 9 ],
                    "texture": "#bottom"
                },
                "up": {
                    "uv": [ 6, 6, 7, 7 ],
                    "texture": "#top"
                },
                "north": {
                    "uv": [ 6, 6, 7, 7 ],
                    "texture": "#side"
                },
                "south": {
                    "uv": [ 6, 6, 7, 7 ],
                    "texture": "#side"
                },
                "west": {
                    "uv": [ 6, 6, 7, 7 ],
                    "texture": "#side"
                },
                "east": {
                    "uv": [ 6, 6, 7, 7 ],
                    "texture": "#side"
                }
            }
        },
        {   
            "from": [ 12, 20, 9 ],
            "to": [ 13, 21, 11 ],
            "faces": {
                "down": {
                    "uv": [ 8, 8, 9, 9 ],
                    "texture": "#bottom"
                },
                "up": {
                    "uv": [ 6, 6, 7, 7 ],
                    "texture": "#top"
                },
                "north": {
                    "uv": [ 6, 6, 7, 7 ],
                    "texture": "#side"
                },
                "south": {
                    "uv": [ 6, 6, 7, 7 ],
                    "texture": "#side"
                },
                "west": {
                    "uv": [ 6, 6, 7, 7 ],
                    "texture": "#side"
                },
                "east": {
                    "uv": [ 6, 6, 7, 7 ],
                    "texture": "#side"
                }
            }
        },
        {   
            "from": [ 13, 20, 6 ],
            "to": [ 14, 21, 9 ],
            "faces": {
                "down": {
                    "uv": [ 8, 8, 9, 9 ],
                    "texture": "#bottom"
                },
                "up": {
                    "uv": [ 6, 6, 7, 7 ],
                    "texture": "#top"
                },
                "north": {
                    "uv": [ 6, 6, 7, 7 ],
                    "texture": "#side"
                },
                "south": {
                    "uv": [ 6, 6, 7, 7 ],
                    "texture": "#side"
                },
                "west": {
                    "uv": [ 6, 6, 7, 7 ],
                    "texture": "#side"
                },
                "east": {
                    "uv": [ 6, 6, 7, 7 ],
                    "texture": "#side"
                }
            }
        },
        {   
            "from": [ 12, 19, 5 ],
            "to": [ 13, 20, 6 ],
            "faces": {
                "down": {
                    "uv": [ 8, 8, 9, 9 ],
                    "texture": "#bottom"
                },
                "up": {
                    "uv": [ 6, 6, 7, 7 ],
                    "texture": "#top"
                },
                "north": {
                    "uv": [ 6, 6, 7, 7 ],
                    "texture": "#side"
                },
                "south": {
                    "uv": [ 6, 6, 7, 7 ],
                    "texture": "#side"
                },
                "west": {
                    "uv": [ 6, 6, 7, 7 ],
                    "texture": "#side"
                },
                "east": {
                    "uv": [ 6, 6, 7, 7 ],
                    "texture": "#side"
                }
            }
        },
        {   
            "from": [ 10, 18, 4 ],
            "to": [ 12, 19, 5 ],
            "faces": {
                "down": {
                    "uv": [ 8, 8, 9, 9 ],
                    "texture": "#bottom"
                },
                "up": {
                    "uv": [ 6, 6, 7, 7 ],
                    "texture": "#top"
                },
                "north": {
                    "uv": [ 6, 6, 7, 7 ],
                    "texture": "#side"
                },
                "south": {
                    "uv": [ 6, 6, 7, 7 ],
                    "texture": "#side"
                },
                "west": {
                    "uv": [ 6, 6, 7, 7 ],
                    "texture": "#side"
                },
                "east": {
                    "uv": [ 6, 6, 7, 7 ],
                    "texture": "#side"
                }
            }
        },
        {   
            "from": [ 9, 17, 3 ],
            "to": [ 10, 18, 4 ],
            "faces": {
                "down": {
                    "uv": [ 8, 8, 9, 9 ],
                    "texture": "#bottom"
                },
                "up": {
                    "uv": [ 6, 6, 7, 7 ],
                    "texture": "#top"
                },
                "north": {
                    "uv": [ 6, 6, 7, 7 ],
                    "texture": "#side"
                },
                "south": {
                    "uv": [ 6, 6, 7, 7 ],
                    "texture": "#side"
                },
                "west": {
                    "uv": [ 6, 6, 7, 7 ],
                    "texture": "#side"
                },
                "east": {
                    "uv": [ 6, 6, 7, 7 ],
                    "texture": "#side"
                }
            }
        },
        {   
            "from": [ 7, 17, 2 ],
            "to": [ 9, 18, 3 ],
            "faces": {
                "down": {
                    "uv": [ 8, 8, 9, 9 ],
                    "texture": "#bottom"
                },
                "up": {
                    "uv": [ 6, 6, 7, 7 ],
                    "texture": "#top"
                },
                "north": {
                    "uv": [ 6, 6, 7, 7 ],
                    "texture": "#side"
                },
                "south": {
                    "uv": [ 6, 6, 7, 7 ],
                    "texture": "#side"
                },
                "west": {
                    "uv": [ 6, 6, 7, 7 ],
                    "texture": "#side"
                },
                "east": {
                    "uv": [ 6, 6, 7, 7 ],
                    "texture": "#side"
                }
            }
        },
        {   
            "from": [ -0.4, 5, -0.4 ],
            "to": [ 16.4, 11, 16.4 ],
            "faces": {
                "down": {
                    "uv": [ 0.5, 0.5, 1, 1 ],
                    "texture": "#bottom"
                },
                "up": {
                    "uv": [ 1, 1, 2, 2 ],
                    "texture": "#top"
                },
                "north": {
                    "uv": [ 0, 5, 16, 11 ],
                    "texture": "#side"
                },
                "south": {
                    "uv": [ 0, 5, 16, 11 ],
                    "texture": "#side"
                },
                "west": {
                    "uv": [ 0, 5, 16, 11 ],
                    "texture": "#side"
                },
                "east": {
                    "uv": [ 0, 5, 16, 11 ],
                    "texture": "#side"
                }
            }
        }
    ]
}
