{
    "__comment": "Fair warning, this format is highly likely to change even more in the future!",
    "textures": {
        "particle": "#texture"
    },
    "elements": [
        {   
            "from": [ 0, 0, 0 ],
            "to": [ 16, 3, 3 ],
            "faces": {
                "down": {
                    "uv": [ 0, 13, 16, 16 ],
                    "texture": "#texture"
                },
                "up": {
                    "uv": [ 0, 0, 16, 3 ],
                    "texture": "#texture"
                },
                "north": {
                    "uv": [ 0, 16, 16, 13 ],
                    "texture": "#texture"
                },
                "south": {
                    "uv": [ 0, 6, 16, 9 ],
                    "texture": "#texture"
                },
                "west": {
                    "uv": [ 0, 16, 3, 13 ],
                    "texture": "#texture"
                },
                "east": {
                    "uv": [ 13, 16, 16, 13 ],
                    "texture": "#texture"
                }
            }
        },
        {   
            "from": [ 0, 0, 13 ],
            "to": [ 16, 3, 16 ],
            "faces": {
                "down": {
                    "uv": [ 0, 0, 16, 3 ],
                    "texture": "#texture"
                },
                "up": {
                    "uv": [ 0, 13, 16, 16 ],
                    "texture": "#texture"
                },
                "north": {
                    "uv": [ 0, 10, 16, 7 ],
                    "texture": "#texture"
                },
                "south": {
                    "uv": [ 0, 16, 16, 13 ],
                    "texture": "#texture"
                },
                "west": {
                    "uv": [ 13, 16, 16, 13 ],
                    "texture": "#texture"
                },
                "east": {
                    "uv": [ 0, 16, 3, 13 ],
                    "texture": "#texture"
                }
            }
        },
        {   
            "from": [ 0, 0, 0 ],
            "to": [ 3, 3, 16 ],
            "faces": {
                "down": {
                    "uv": [ 0, 0, 3, 16 ],
                    "texture": "#texture"
                },
                "up": {
                    "uv": [ 0, 0, 3, 16 ],
                    "texture": "#texture"
                },
                "north": {
                    "uv": [ 13, 16, 16, 13 ],
                    "texture": "#texture"
                },
                "south": {
                    "uv": [ 0, 16, 3, 13 ],
                    "texture": "#texture"
                },
                "west": {
                    "uv": [ 0, 16, 16, 13 ],
                    "texture": "#texture"
                },
                "east": {
                    "uv": [ 0, 6, 16, 9 ],
                    "texture": "#texture"
                }
            }
        },
        {   
            "from": [ 13, 0, 0 ],
            "to": [ 16, 3, 16 ],
            "faces": {
                "down": {
                    "uv": [ 13, 0, 16, 16 ],
                    "texture": "#texture"
                },
                "up": {
                    "uv": [ 13, 0, 16, 16 ],
                    "texture": "#texture"
                },
                "north": {
                    "uv": [ 0, 16, 3, 13 ],
                    "texture": "#texture"
                },
                "south": {
                    "uv": [ 13, 16, 16, 13 ],
                    "texture": "#texture"
                },
                "west": {
                    "uv": [ 0, 10, 16, 7 ],
                    "texture": "#texture"
                },
                "east": {
                    "uv": [ 0, 16, 16, 13 ],
                    "texture": "#texture"
                }
            }
        },
        {   
            "from": [ 6, 0, 0 ],
            "to": [ 10, 3, 16 ],
            "faces": {
                "down": {
                    "uv": [ 6, 0, 10, 16 ],
                    "texture": "#texture"
                },
                "up": {
                    "uv": [ 6, 0, 10, 16 ],
                    "texture": "#texture"
                },
                "north": {
                    "uv": [ 6, 16, 10, 13 ],
                    "texture": "#texture"
                },
                "south": {
                    "uv": [ 6, 16, 10, 13 ],
                    "texture": "#texture"
                },
                "west": {
                    "uv": [ 0, 10, 16, 7 ],
                    "texture": "#texture"
                },
                "east": {
                    "uv": [ 0, 6, 16, 9 ],
                    "texture": "#texture"
                }
            }
        },
        {   
            "from": [ 0, 0, 6 ],
            "to": [ 16, 3, 10 ],
            "faces": {
                "down": {
                    "uv": [ 0, 6, 16, 10 ],
                    "texture": "#texture"
                },
                "up": {
                    "uv": [ 0, 6, 16, 10 ],
                    "texture": "#texture"
                },
                "north": {
                    "uv": [ 0, 10, 16, 7 ],
                    "texture": "#texture"
                },
                "south": {
                    "uv": [ 0, 6, 16, 9 ],
                    "texture": "#texture"
                },
                "west": {
                    "uv": [ 6, 16, 10, 13 ],
                    "texture": "#texture"
                },
                "east": {
                    "uv": [ 6, 16, 10, 13 ],
                    "texture": "#texture"
                }
            }
        }
    ]
}
