{
    "__comment": "Fair warning, this format is highly likely to change even more in the future!",
    "textures": {
        "particle": "blocks/brick",
        "all": "blocks/brick"
    },
	"elements": [
        {   
            "from": [ 0, 8, 0 ],
            "to": [ 16, 16, 16 ],
            "faces": {
                "down": {
                    "uv": [ 0, 0, 16, 16 ],
                    "texture": "#all"
                },
                "up": {
                    "uv": [ 0, 0, 16, 16 ],
                    "texture": "#all"
                },
                "north": {
                    "uv": [ 0, 0, 16, 8 ],
                    "texture": "#all"
                },
                "south": {
                    "uv": [ 0, 0, 16, 8 ],
                    "texture": "#all"
                },
                "west": {
                    "uv": [ 0, 0, 16, 8 ],
                    "texture": "#all"
                },
                "east": {
                    "uv": [ 0, 0, 16, 8 ],
                    "texture": "#all"
                }
            }
        },
        {   "__comment": "South brick 1",
            
            "from": [ 0.01, 13, 16 ],
            "to": [ 3, 15.99, 16.5 ],
            "faces": {
                "down":  { "uv": [ 0, 0,   3, 0.5 ],  "texture": "#all" },
                "up":    { "uv": [ 0, 0,   3, 0.5 ],  "texture": "#all" },
                "south": { "uv": [ 0, 0,   3,   3 ], "texture": "#all" },
                "west":  { "uv": [ 0, 0, 0.5,   3 ],  "texture": "#all" },
                "east":  { "uv": [ 3, 0, 3.5,   3 ],  "texture": "#all" }
            }
        },
        {   "__comment": "South brick 2",
            
            "from": [ 4, 13, 16 ],
            "to": [ 11, 16, 16.5 ],
            "faces": {
                "down":  { "uv": [  4, 0,   11, 0.5 ],  "texture": "#all" },
                "up":    { "uv": [  4, 0,   11, 0.5 ],  "texture": "#all" },
                "south": { "uv": [  4, 0,   11,   3 ], "texture": "#all" },
                "west":  { "uv": [  3, 0,  3.5,   3 ],  "texture": "#all" },
                "east":  { "uv": [ 11, 0, 11.5,   3 ],  "texture": "#all" }
            }
        },
        {   "__comment": "South brick 3",
            
            "from": [ 12, 13, 16 ],
            "to": [ 15.99, 16, 16.5 ],
            "faces": {
                "down":  { "uv": [ 12, 0,   16, 0.5 ],  "texture": "#all" },
                "up":    { "uv": [ 12, 0,   16, 0.5 ],  "texture": "#all" },
                "south": { "uv": [ 12, 0,   16,   3 ], "texture": "#all" },
                "west":  { "uv": [ 11, 0, 11.5,   3 ],  "texture": "#all" },
                "east":  { "uv": [  0, 0,  0.5,   3 ],  "texture": "#all" }
            }
        },
        {   "__comment": "South brick 4",
            
            "from": [ 0.01, 9, 16 ],
            "to": [ 7, 12, 16.5 ],
            "faces": {
                "down":  { "uv": [ 0, 3,   7, 3.5 ],  "texture": "#all" },
                "up":    { "uv": [ 0, 3,   7, 3.5 ],  "texture": "#all" },
                "south": { "uv": [ 0, 4,   7,   7 ], "texture": "#all" },
                "west":  { "uv": [ 0, 4, 0.5,   7 ],  "texture": "#all" },
                "east":  { "uv": [ 7, 4, 7.5,   7 ],  "texture": "#all" }
            }
        },
        {   "__comment": "South brick 5",
            
            "from": [ 8, 9, 16 ],
            "to": [ 15, 12, 16.5 ],
            "faces": {
                "down":  { "uv": [    8, 3,  15, 3.5 ],  "texture": "#all" },
                "up":    { "uv": [    8, 3,  15, 3.5 ],  "texture": "#all" },
                "south": { "uv": [    8, 4,  15,   7 ], "texture": "#all" },
                "west":  { "uv": [    7, 4, 7.5,   7 ],  "texture": "#all" },
                "east":  { "uv": [ 15.5, 4,  16,   7 ],  "texture": "#all" }
            }
        },
        {   "__comment": "North brick 1",
            
            "from": [ 13, 13, -0.5 ],
            "to": [ 15.99, 15.99, 0 ],
            "faces": {
                "down":  { "uv": [ 0, 0,   3, 0.5 ],  "texture": "#all" },
                "up":    { "uv": [ 0, 0,   3, 0.5 ],  "texture": "#all" },
                "north": { "uv": [ 0, 0,   3,   3 ], "texture": "#all" },
                "west":  { "uv": [ 0, 0, 0.5,   3 ],  "texture": "#all" },
                "east":  { "uv": [ 3, 0, 3.5,   3 ],  "texture": "#all" }
            }
        },
        {   "__comment": "North brick 2",
            
            "from": [ 5, 13, -0.5 ],
            "to": [ 12, 15.99, 0 ],
            "faces": {
                "down":  { "uv": [  4, 0,   11, 0.5 ],  "texture": "#all" },
                "up":    { "uv": [  4, 0,   11, 0.5 ],  "texture": "#all" },
                "north": { "uv": [  4, 0,   11,   3 ], "texture": "#all" },
                "west":  { "uv": [  3, 0,  3.5,   3 ],  "texture": "#all" },
                "east":  { "uv": [ 11, 0, 11.5,   3 ],  "texture": "#all" }
            }
        },
        {   "__comment": "North brick 3",
            
            "from": [ 0.01, 13, -0.5 ],
            "to": [ 4, 15.99, 0 ],
            "faces": {
                "down":  { "uv": [ 12, 0,   16, 0.5 ],  "texture": "#all" },
                "up":    { "uv": [ 12, 0,   16, 0.5 ],  "texture": "#all" },
                "north": { "uv": [ 12, 0,   16,   3 ], "texture": "#all" },
                "west":  { "uv": [ 11, 0, 11.5,   3 ],  "texture": "#all" },
                "east":  { "uv": [  0, 0,  0.5,   3 ],  "texture": "#all" }
            }
        },
        {   "__comment": "North brick 4",
            
            "from": [ 9, 9, -0.5 ],
            "to": [ 15.99, 12, 0 ],
            "faces": {
                "down":  { "uv": [ 0, 3,   7, 3.5 ],  "texture": "#all" },
                "up":    { "uv": [ 0, 3,   7, 3.5 ],  "texture": "#all" },
                "north": { "uv": [ 0, 4,   7,   7 ], "texture": "#all" },
                "west":  { "uv": [ 0, 4, 0.5,   7 ],  "texture": "#all" },
                "east":  { "uv": [ 7, 4, 7.5,   7 ],  "texture": "#all" }
            }
        },
        {   "__comment": "North brick 5",
            
            "from": [ 1, 9, -0.5 ],
            "to": [ 8, 12, 0 ],
            "faces": {
                "down":  { "uv": [    8, 3,  15, 3.5 ],  "texture": "#all" },
                "up":    { "uv": [    8, 3,  15, 3.5 ],  "texture": "#all" },
                "north": { "uv": [    8, 4,  15,   7 ], "texture": "#all" },
                "west":  { "uv": [    7, 4, 7.5,   7 ],  "texture": "#all" },
                "east":  { "uv": [ 15.5, 4,  16,   7 ],  "texture": "#all" }
            }
        },
        {   "__comment": "East brick 1",
            
            "from": [ 16, 13, 13 ],
            "to": [ 16.5, 15.99, 15.99 ],
            "faces": {
                "down":  { "uv": [ 0,  0,   3, 0.5 ],  "texture": "#all", "rotation": 90 },
                "up":    { "uv": [ 0, 13,   1,  16 ],  "texture": "#all" },
                "east":  { "uv": [ 0,  0,   3,   3 ], "texture": "#all" },
                "south": { "uv": [ 0,  0, 0.5,   3 ],  "texture": "#all" },
                "north": { "uv": [ 3,  0, 3.5,   3 ],  "texture": "#all" }
            }
        },
        {   "__comment": "East brick 2",
            
            "from": [ 16, 13, 5 ],
            "to": [ 16.5, 16, 12 ],
            "faces": {
                "down":  { "uv": [  4, 0,   11, 0.5 ],  "texture": "#all", "rotation": 90 },
                "up":    { "uv": [  0, 5,    1,  12 ],  "texture": "#all" },
                "east":  { "uv": [  4, 0,   11,   3 ], "texture": "#all" },
                "south": { "uv": [  3, 0,  3.5,   3 ],  "texture": "#all" },
                "north": { "uv": [ 11, 0, 11.5,   3 ],  "texture": "#all" }
            }
        },
        {   "__comment": "East brick 3",
            
            "from": [ 16, 13, 0.01 ],
            "to": [ 16.5, 16, 4 ],
            "faces": {
                "down":  { "uv": [ 12, 0,   16, 0.5 ],  "texture": "#all", "rotation": 90 },
                "up":    { "uv": [  0, 0,    1,   4 ],  "texture": "#all" },
                "east":  { "uv": [ 12, 0,   16,   3 ], "texture": "#all" },
                "south": { "uv": [ 11, 0, 11.5,   3 ],  "texture": "#all" },
                "north": { "uv": [  0, 0,  0.5,   3 ],  "texture": "#all" }
            }
        },
        {   "__comment": "East brick 4",
            
            "from": [ 16, 9, 9 ],
            "to": [ 16.5, 12, 15.99 ],
            "faces": {
                "down":  { "uv": [ 0, 3,   7, 3.5 ],  "texture": "#all", "rotation": 90 },
                "up":    { "uv": [ 0, 3,   7, 3.5 ],  "texture": "#all", "rotation": 90 },
                "east":  { "uv": [ 0, 4,   7,   7 ], "texture": "#all" },
                "south": { "uv": [ 0, 4, 0.5,   7 ],  "texture": "#all" },
                "north": { "uv": [ 7, 4, 7.5,   7 ],  "texture": "#all" }
            }
        },
        {   "__comment": "East brick 5",
            
            "from": [ 16, 9, 1 ],
            "to": [ 16.5, 12, 8 ],
            "faces": {
                "down":  { "uv": [    8, 3,  15, 3.5 ],  "texture": "#all", "rotation": 90 },
                "up":    { "uv": [    8, 3,  15, 3.5 ],  "texture": "#all", "rotation": 90 },
                "east":  { "uv": [    8, 4,  15,   7 ], "texture": "#all" },
                "south": { "uv": [    7, 4, 7.5,   7 ],  "texture": "#all" },
                "north": { "uv": [ 15.5, 4,  16,   7 ],  "texture": "#all" }
            }
        },
        {   "__comment": "West brick 1",
            
            "from": [ -0.5, 13, 0.01 ],
            "to": [ 0, 15.99, 3 ],
            "faces": {
                "down":  { "uv": [  0,  0,    3, 0.5 ],  "texture": "#all", "rotation": 90 },
                "up":    { "uv": [ 15,  0, 15.5,   3 ],  "texture": "#all" },
                "west":  { "uv": [  0,  0,    3,   3 ], "texture": "#all" },
                "south": { "uv": [  0,  0,  0.5,   3 ],  "texture": "#all" },
                "north": { "uv": [  3,  0,  3.5,   3 ],  "texture": "#all" }
            }
        },
        {   "__comment": "West brick 2",
            
            "from": [ -0.5, 13, 4 ],
            "to": [ 0, 15.99, 11 ],
            "faces": {
                "down":  { "uv": [  4, 0,   11, 0.5 ],  "texture": "#all", "rotation": 90 },
                "up":    { "uv": [ 15, 4, 15.5,  11 ],  "texture": "#all" },
                "west":  { "uv": [  4, 0,   11,   3 ], "texture": "#all" },
                "south": { "uv": [  3, 0,  3.5,   3 ],  "texture": "#all" },
                "north": { "uv": [ 11, 0, 11.5,   3 ],  "texture": "#all" }
            }
        },
        {   "__comment": "West brick 3",
            
            "from": [ -0.5, 13, 12 ],
            "to": [ 0, 15.99, 15.99 ],
            "faces": {
                "down":  { "uv": [ 12,  0,   16, 0.5 ],  "texture": "#all", "rotation": 90 },
                "up":    { "uv": [ 15, 12, 15.5,  16 ],  "texture": "#all" },
                "west":  { "uv": [ 12,  0,   16,   3 ], "texture": "#all" },
                "south": { "uv": [ 11,  0, 11.5,   3 ],  "texture": "#all" },
                "north": { "uv": [  0,  0,  0.5,   3 ],  "texture": "#all" }
            }
        },
        {   "__comment": "West brick 4",
            
            "from": [ -0.5, 9, 0.01 ],
            "to": [ 0, 12, 7 ],
            "faces": {
                "down":  { "uv": [ 0, 3,   7, 3.5 ],  "texture": "#all", "rotation": 90 },
                "up":    { "uv": [ 0, 3,   7, 3.5 ],  "texture": "#all", "rotation": 90 },
                "west":  { "uv": [ 0, 4,   7,   7 ], "texture": "#all" },
                "south": { "uv": [ 0, 4, 0.5,   7 ],  "texture": "#all" },
                "north": { "uv": [ 7, 4, 7.5,   7 ],  "texture": "#all" }
            }
        },
        {   "__comment": "West brick 5",
            
            "from": [ -0.5, 9, 8 ],
            "to": [ 0, 12, 15 ],
            "faces": {
                "down":  { "uv": [    8, 3,  15, 3.5 ],  "texture": "#all", "rotation": 90 },
                "up":    { "uv": [    8, 3,  15, 3.5 ],  "texture": "#all", "rotation": 90 },
                "west":  { "uv": [    8, 4,  15,   7 ], "texture": "#all" },
                "south": { "uv": [    7, 4, 7.5,   7 ],  "texture": "#all" },
                "north": { "uv": [ 15.5, 4,  16,   7 ],  "texture": "#all" }
            }
        },
        {   "__comment": "Upper brick 1",
            
            "from": [ 0.01, 16, 0.01 ],
            "to": [ 3, 16.5, 3 ],
            "faces": {
                "south": { "uv": [  0,  0,    3, 0.5 ],  "texture": "#all" },
                "north": { "uv": [ 15,  0, 15.5,   3 ],  "texture": "#all" },
                "up":    { "uv": [  0,  0,    3,   3 ], "texture": "#all" },
                "east":  { "uv": [  0,  0,  0.5,   3 ],  "texture": "#all", "rotation": 90 },
                "west":  { "uv": [  3,  0,  3.5,   3 ],  "texture": "#all", "rotation": 90 }
            }
        },
        {   "__comment": "Upper brick 2",
            
            "from": [ 4, 16, 0.01 ],
            "to": [ 11, 16.5, 3 ],
            "faces": {
                "south": { "uv": [  4, 0,   11, 0.5 ],  "texture": "#all" },
                "north": { "uv": [ 15, 4, 15.5,  11 ],  "texture": "#all" },
                "up":    { "uv": [  4, 0,   11,   3 ], "texture": "#all" },
                "east":  { "uv": [  3, 0,  3.5,   3 ],  "texture": "#all", "rotation": 90 },
                "west":  { "uv": [ 11, 0, 11.5,   3 ],  "texture": "#all", "rotation": 90 }
            }
        },
        {   "__comment": "Upper brick 3",
            
            "from": [ 12, 16, 0.01 ],
            "to": [ 15.99, 16.5, 3 ],
            "faces": {
                "south": { "uv": [ 12,  0,   16, 0.5 ],  "texture": "#all" },
                "north": { "uv": [ 15, 12, 15.5,  16 ],  "texture": "#all" },
                "up":    { "uv": [ 12,  0,   16,   3 ], "texture": "#all" },
                "east":  { "uv": [ 11,  0, 11.5,   3 ],  "texture": "#all", "rotation": 90 },
                "west":  { "uv": [  0,  0,  0.5,   3 ],  "texture": "#all", "rotation": 90 }
            }
        },
        {   "__comment": "Upper brick 4",
            
            "from": [ 0.01, 16, 4 ],
            "to": [ 7, 16.5, 7 ],
            "faces": {
                "south": { "uv": [ 0, 3,   7, 3.5 ],  "texture": "#all" },
                "north": { "uv": [ 0, 3,   7, 3.5 ],  "texture": "#all" },
                "up":    { "uv": [ 0, 4,   7,   7 ], "texture": "#all" },
                "east":  { "uv": [ 0, 4, 0.5,   7 ],  "texture": "#all", "rotation": 90 },
                "west":  { "uv": [ 7, 4, 7.5,   7 ],  "texture": "#all", "rotation": 90 }
            }
        },
        {   "__comment": "Upper brick 5",
            
            "from": [ 8, 16, 4 ],
            "to": [ 15, 16.5, 7 ],
            "faces": {
                "south": { "uv": [    8, 3,  15, 3.5 ],  "texture": "#all" },
                "north": { "uv": [    8, 3,  15, 3.5 ],  "texture": "#all" },
                "up":    { "uv": [    8, 4,  15,   7 ], "texture": "#all" },
                "east":  { "uv": [    7, 4, 7.5,   7 ],  "texture": "#all", "rotation": 90 },
                "west":  { "uv": [ 15.5, 4,  16,   7 ],  "texture": "#all", "rotation": 90 }
            }
        },
        {   "__comment": "Upper brick 6",
            
            "from": [ 0.01, 16, 8 ],
            "to": [ 3, 16.5, 11 ],
            "faces": {
                "south": { "uv": [ 0, 7,   3, 7.5 ],  "texture": "#all" },
                "north": { "uv": [ 0, 7,   3, 7.5 ],  "texture": "#all" },
                "up":    { "uv": [ 0, 8,   3,  11 ], "texture": "#all" },
                "east":  { "uv": [ 0, 8, 0.5,  11 ],  "texture": "#all", "rotation": 90 },
                "west":  { "uv": [ 3, 8, 3.5,  11 ],  "texture": "#all", "rotation": 90 }
            }
        },
        {   "__comment": "Upper brick 7",
            
            "from": [ 4, 16, 8 ],
            "to": [ 11, 16.5, 11 ],
            "faces": {
                "south": { "uv": [  4, 7,   11, 7.5 ],  "texture": "#all" },
                "north": { "uv": [  4, 7,   11, 7.5 ],  "texture": "#all" },
                "up":    { "uv": [  4, 8,   11,  11 ], "texture": "#all" },
                "east":  { "uv": [  3, 8,  3.5,  11 ],  "texture": "#all", "rotation": 90 },
                "west":  { "uv": [ 11, 8, 11.5,  11 ],  "texture": "#all", "rotation": 90 }
            }
        },
        {   "__comment": "Upper brick 8",
            
            "from": [ 12, 16, 8 ],
            "to": [ 15.99, 16.5, 11 ],
            "faces": {
                "south": { "uv": [ 12, 7,   16, 7.5 ],  "texture": "#all" },
                "north": { "uv": [ 12, 7,   16, 7.5 ],  "texture": "#all" },
                "up":    { "uv": [ 12, 8,   16,  11 ], "texture": "#all" },
                "east":  { "uv": [ 11, 8, 11.5,  11 ],  "texture": "#all", "rotation": 90 },
                "west":  { "uv": [  0, 8,  0.5,  11 ],  "texture": "#all", "rotation": 90 }
            }
        },
        {   "__comment": "Upper brick 9",
            
            "from": [ 0.01, 16, 12 ],
            "to": [ 7, 16.5, 15 ],
            "faces": {
                "south": { "uv": [ 0, 3,   7, 3.5 ],  "texture": "#all" },
                "north": { "uv": [ 0, 3,   7, 3.5 ],  "texture": "#all" },
                "up":    { "uv": [ 0, 4,   7,   7 ], "texture": "#all" },
                "east":  { "uv": [ 0, 4, 0.5,   7 ],  "texture": "#all", "rotation": 90 },
                "west":  { "uv": [ 7, 4, 7.5,   7 ],  "texture": "#all", "rotation": 90 }
            }
        },
        {   "__comment": "Upper brick 10",
            
            "from": [ 8, 16, 12 ],
            "to": [ 15, 16.5, 15 ],
            "faces": {
                "south": { "uv": [    8, 3,   15, 3.5 ],  "texture": "#all" },
                "north": { "uv": [    8, 3,   15, 3.5 ],  "texture": "#all" },
                "up":    { "uv": [    8, 12,  15,  15 ], "texture": "#all" },
                "east":  { "uv": [    7, 12, 7.5,  15 ],  "texture": "#all", "rotation": 90 },
                "west":  { "uv": [ 15.5, 12,  16,  15 ],  "texture": "#all", "rotation": 90 }
            }
        },
        {   "__comment": "Lower brick 1",
            
            "from": [ 0.01, 7.5, 13 ],
            "to": [ 3, 8, 15.99 ],
            "faces": {
                "south": { "uv": [  0,  0,    3, 0.5 ],  "texture": "#all" },
                "north": { "uv": [ 15,  0, 15.5,   3 ],  "texture": "#all" },
                "down":  { "uv": [  0,  0,    3,   3 ], "texture": "#all" },
                "east":  { "uv": [  0,  0,  0.5,   3 ],  "texture": "#all", "rotation": 90 },
                "west":  { "uv": [  3,  0,  3.5,   3 ],  "texture": "#all", "rotation": 90 }
            }
        },
        {   "__comment": "Lower brick 2",
            
            "from": [ 4, 7.5, 13 ],
            "to": [ 11, 8, 15.99 ],
            "faces": {
                "south": { "uv": [  4, 0,   11, 0.5 ],  "texture": "#all" },
                "north": { "uv": [ 15, 4, 15.5,  11 ],  "texture": "#all" },
                "down":  { "uv": [  4, 0,   11,   3 ], "texture": "#all" },
                "east":  { "uv": [  3, 0,  3.5,   3 ],  "texture": "#all", "rotation": 90 },
                "west":  { "uv": [ 11, 0, 11.5,   3 ],  "texture": "#all", "rotation": 90 }
            }
        },
        {   "__comment": "Lower brick 3",
            
            "from": [ 12, 7.5, 13 ],
            "to": [ 15.99, 8, 15.99 ],
            "faces": {
                "south": { "uv": [ 12,  0,   16, 0.5 ],  "texture": "#all" },
                "north": { "uv": [ 15, 12, 15.5,  16 ],  "texture": "#all" },
                "down":  { "uv": [ 12,  0,   16,   3 ], "texture": "#all" },
                "east":  { "uv": [ 11,  0, 11.5,   3 ],  "texture": "#all", "rotation": 90 },
                "west":  { "uv": [  0,  0,  0.5,   3 ],  "texture": "#all", "rotation": 90 }
            }
        },
        {   "__comment": "Lower brick 4",
            
            "from": [ 0.01, 7.5, 9 ],
            "to": [ 7, 8, 12 ],
            "faces": {
                "south": { "uv": [ 0, 3,   7, 3.5 ],  "texture": "#all" },
                "north": { "uv": [ 0, 3,   7, 3.5 ],  "texture": "#all" },
                "down":  { "uv": [ 0, 4,   7,   7 ], "texture": "#all" },
                "east":  { "uv": [ 0, 4, 0.5,   7 ],  "texture": "#all", "rotation": 90 },
                "west":  { "uv": [ 7, 4, 7.5,   7 ],  "texture": "#all", "rotation": 90 }
            }
        },
        {   "__comment": "Lower brick 5",
            
            "from": [ 8, 7.5, 9 ],
            "to": [ 15, 8, 12 ],
            "faces": {
                "south": { "uv": [    8, 3,  15, 3.5 ],  "texture": "#all" },
                "north": { "uv": [    8, 3,  15, 3.5 ],  "texture": "#all" },
                "down":  { "uv": [    8, 4,  15,   7 ], "texture": "#all" },
                "east":  { "uv": [    7, 4, 7.5,   7 ],  "texture": "#all", "rotation": 90 },
                "west":  { "uv": [ 15.5, 4,  16,   7 ],  "texture": "#all", "rotation": 90 }
            }
        },
        {   "__comment": "Lower brick 6",
            
            "from": [ 0.01, 7.5, 5 ],
            "to": [ 3, 8, 8 ],
            "faces": {
                "south": { "uv": [ 0, 7,   3, 7.5 ],  "texture": "#all" },
                "north": { "uv": [ 0, 7,   3, 7.5 ],  "texture": "#all" },
                "down":  { "uv": [ 0, 8,   3,  11 ], "texture": "#all" },
                "east":  { "uv": [ 0, 8, 0.5,  11 ],  "texture": "#all", "rotation": 90 },
                "west":  { "uv": [ 3, 8, 3.5,  11 ],  "texture": "#all", "rotation": 90 }
            }
        },
        {   "__comment": "Lower brick 7",
            
            "from": [ 4, 7.5, 5 ],
            "to": [ 11, 8, 8 ],
            "faces": {
                "south": { "uv": [  4, 7,   11, 7.5 ],  "texture": "#all" },
                "north": { "uv": [  4, 7,   11, 7.5 ],  "texture": "#all" },
                "down":  { "uv": [  4, 8,   11,  11 ], "texture": "#all" },
                "east":  { "uv": [  3, 8,  3.5,  11 ],  "texture": "#all", "rotation": 90 },
                "west":  { "uv": [ 11, 8, 11.5,  11 ],  "texture": "#all", "rotation": 90 }
            }
        },
        {   "__comment": "Lower brick 8",
            
            "from": [ 12, 7.5, 5 ],
            "to": [ 15.99, 8, 8 ],
            "faces": {
                "south": { "uv": [ 12, 7,   16, 7.5 ],  "texture": "#all" },
                "north": { "uv": [ 12, 7,   16, 7.5 ],  "texture": "#all" },
                "down":  { "uv": [ 12, 8,   16,  11 ], "texture": "#all" },
                "east":  { "uv": [ 11, 8, 11.5,  11 ],  "texture": "#all", "rotation": 90 },
                "west":  { "uv": [  0, 8,  0.5,  11 ],  "texture": "#all", "rotation": 90 }
            }
        },
        {   "__comment": "Lower brick 9",
            
            "from": [ 0.01, 7.5, 1 ],
            "to": [ 7, 8, 4 ],
            "faces": {
                "south": { "uv": [ 0, 3,   7, 3.5 ],  "texture": "#all" },
                "north": { "uv": [ 0, 3,   7, 3.5 ],  "texture": "#all" },
                "down":  { "uv": [ 0, 4,   7,   7 ], "texture": "#all" },
                "east":  { "uv": [ 0, 4, 0.5,   7 ],  "texture": "#all", "rotation": 90 },
                "west":  { "uv": [ 7, 4, 7.5,   7 ],  "texture": "#all", "rotation": 90 }
            }
        },
        {   "__comment": "Lower brick 10",
            
            "from": [ 8, 7.5, 1 ],
            "to": [ 15, 8, 4 ],
            "faces": {
                "south": { "uv": [    8, 3,   15, 3.5 ],  "texture": "#all" },
                "north": { "uv": [    8, 3,   15, 3.5 ],  "texture": "#all" },
                "down":  { "uv": [    8, 12,  15,  15 ], "texture": "#all" },
                "east":  { "uv": [    7, 12, 7.5,  15 ],  "texture": "#all", "rotation": 90 },
                "west":  { "uv": [ 15.5, 12,  16,  15 ],  "texture": "#all", "rotation": 90 }
            }
        }
    ]
}
