{
"__comment": "Designed by Glitcherdotbe with BDcraft Cubik PRO 0.95 Beta - http://bdcraft.net",
"textures": {
    "particle": "blocks/waterlily",
    "texture1": "blocks/waterlily",
    "texture2": "blocks/flower_oxeye_daisy"
},
"elements": [ 
{
    "__comment": "Lily",
    "from": [ 1.5, 0, 4 ],
    "to": [ 2.5, 1, 11 ],
    "faces": {
        "down":  { "uv": [ 3, 11, 2, 4 ], "texture": "#texture1", "tintindex": 1 },
        "up":    { "uv": [ 2, 4, 3, 11 ], "texture": "#texture1", "tintindex": 1 },
        "north": { "uv": [ 6, 14, 7, 15 ], "texture": "#texture1", "tintindex": 1 },
        "south": { "uv": [ 6, 14, 7, 15 ], "texture": "#texture1", "tintindex": 1 },
        "west":  { "uv": [ 6, 14, 7, 15 ], "rotation": 180, "texture": "#texture1", "tintindex": 1 },
        "east":  { "uv": [ 6, 14, 7, 15 ], "texture": "#texture1", "tintindex": 1 }
    }
},
{
    "__comment": "Lily",
    "from": [ 2.5, 0, 2 ],
    "to": [ 3.5, 1, 13 ],
    "faces": {
        "down":  { "uv": [ 4, 13, 3, 2 ], "texture": "#texture1", "tintindex": 1 },
        "up":    { "uv": [ 3, 2, 4, 13 ], "texture": "#texture1", "tintindex": 1 },
        "north": { "uv": [ 6, 14, 7, 15 ], "texture": "#texture1", "tintindex": 1 },
        "south": { "uv": [ 6, 14, 7, 15 ], "texture": "#texture1", "tintindex": 1 },
        "west":  { "uv": [ 6, 14, 7, 15 ], "rotation": 180, "texture": "#texture1", "tintindex": 1 },
        "east":  { "uv": [ 6, 14, 7, 15 ], "texture": "#texture1", "tintindex": 1 }
    }
},
{
    "__comment": "Lily",
    "from": [ 3.5, 0, 1 ],
    "to": [ 4.5, 1, 14 ],
    "faces": {
        "down":  { "uv": [ 5, 14, 4, 1 ], "texture": "#texture1", "tintindex": 1 },
        "up":    { "uv": [ 4, 1, 5, 14 ], "texture": "#texture1", "tintindex": 1 },
        "north": { "uv": [ 6, 14, 7, 15 ], "texture": "#texture1", "tintindex": 1 },
        "south": { "uv": [ 6, 14, 7, 15 ], "texture": "#texture1", "tintindex": 1 },
        "west":  { "uv": [ 6, 14, 7, 15 ], "rotation": 180, "texture": "#texture1", "tintindex": 1 },
        "east":  { "uv": [ 6, 14, 7, 15 ], "texture": "#texture1", "tintindex": 1 }
    }
},
{
    "__comment": "Lily",
    "from": [ 4.5, 0, 1 ],
    "to": [ 5.5, 1, 14 ],
    "faces": {
        "down":  { "uv": [ 6, 14, 5, 1 ], "texture": "#texture1", "tintindex": 1 },
        "up":    { "uv": [ 5, 1, 6, 14 ], "texture": "#texture1", "tintindex": 1 },
        "north": { "uv": [ 6, 14, 7, 15 ], "texture": "#texture1", "tintindex": 1 },
        "south": { "uv": [ 6, 14, 7, 15 ], "texture": "#texture1", "tintindex": 1 },
        "west":  { "uv": [ 6, 14, 7, 15 ], "rotation": 180, "texture": "#texture1", "tintindex": 1 },
        "east":  { "uv": [ 6, 14, 7, 15 ], "texture": "#texture1", "tintindex": 1 }
    }
},
{
    "__comment": "Lily",
    "from": [ 5.5, 0, 2 ],
    "to": [ 6.5, 1, 15 ],
    "faces": {
        "down":  { "uv": [ 7, 15, 6, 2 ], "texture": "#texture1", "tintindex": 1 },
        "up":    { "uv": [ 6, 2, 7, 15 ], "texture": "#texture1", "tintindex": 1 },
        "north": { "uv": [ 6, 14, 7, 15 ], "texture": "#texture1", "tintindex": 1 },
        "south": { "uv": [ 6, 14, 7, 15 ], "texture": "#texture1", "tintindex": 1 },
        "west":  { "uv": [ 6, 14, 7, 15 ], "rotation": 180, "texture": "#texture1", "tintindex": 1 },
        "east":  { "uv": [ 6, 14, 7, 15 ], "texture": "#texture1", "tintindex": 1 }
    }
},
{
    "__comment": "Lily",
    "from": [ 6.5, 0, 3 ],
    "to": [ 7.5, 1, 15 ],
    "faces": {
        "down":  { "uv": [ 8, 15, 7, 3 ], "texture": "#texture1", "tintindex": 1 },
        "up":    { "uv": [ 7, 3, 8, 15 ], "texture": "#texture1", "tintindex": 1 },
        "north": { "uv": [ 6, 14, 7, 15 ], "texture": "#texture1", "tintindex": 1 },
        "south": { "uv": [ 6, 14, 7, 15 ], "texture": "#texture1", "tintindex": 1 },
        "west":  { "uv": [ 6, 14, 7, 15 ], "rotation": 180, "texture": "#texture1", "tintindex": 1 },
        "east":  { "uv": [ 6, 14, 7, 15 ], "texture": "#texture1", "tintindex": 1 }
    }
},
{
    "__comment": "Lily",
    "from": [ 7.5, 0, 5 ],
    "to": [ 8.5, 1, 15 ],
    "faces": {
        "down":  { "uv": [ 9, 15, 8, 5 ], "texture": "#texture1", "tintindex": 1 },
        "up":    { "uv": [ 8, 5, 9, 15 ], "texture": "#texture1", "tintindex": 1 },
        "north": { "uv": [ 6, 14, 7, 15 ], "texture": "#texture1", "tintindex": 1 },
        "south": { "uv": [ 6, 14, 7, 15 ], "texture": "#texture1", "tintindex": 1 },
        "west":  { "uv": [ 6, 14, 7, 15 ], "rotation": 180, "texture": "#texture1", "tintindex": 1 },
        "east":  { "uv": [ 6, 14, 7, 15 ], "texture": "#texture1", "tintindex": 1 }
    }
},
{
    "__comment": "Lily",
    "from": [ 8.5, 0, 3 ],
    "to": [ 9.5, 1, 15 ],
    "faces": {
        "down":  { "uv": [ 10, 15, 9, 3 ], "texture": "#texture1", "tintindex": 1 },
        "up":    { "uv": [ 9, 3, 10, 15 ], "texture": "#texture1", "tintindex": 1 },
        "north": { "uv": [ 6, 14, 7, 15 ], "texture": "#texture1", "tintindex": 1 },
        "south": { "uv": [ 6, 14, 7, 15 ], "texture": "#texture1", "tintindex": 1 },
        "west":  { "uv": [ 6, 14, 7, 15 ], "rotation": 180, "texture": "#texture1", "tintindex": 1 },
        "east":  { "uv": [ 6, 14, 7, 15 ], "texture": "#texture1", "tintindex": 1 }
    }
},
{
    "__comment": "Lily",
    "from": [ 9.5, 0, 2 ],
    "to": [ 10.5, 1, 15 ],
    "faces": {
        "down":  { "uv": [ 11, 15, 10, 2 ], "texture": "#texture1", "tintindex": 1 },
        "up":    { "uv": [ 10, 2, 11, 15 ], "texture": "#texture1", "tintindex": 1 },
        "north": { "uv": [ 6, 14, 7, 15 ], "texture": "#texture1", "tintindex": 1 },
        "south": { "uv": [ 6, 14, 7, 15 ], "texture": "#texture1", "tintindex": 1 },
        "west":  { "uv": [ 6, 14, 7, 15 ], "rotation": 180, "texture": "#texture1", "tintindex": 1 },
        "east":  { "uv": [ 6, 14, 7, 15 ], "texture": "#texture1", "tintindex": 1 }
    }
},
{
    "__comment": "Lily",
    "from": [ 10.5, 0, 1 ],
    "to": [ 11.5, 1, 14 ],
    "faces": {
        "down":  { "uv": [ 12, 14, 11, 1 ], "texture": "#texture1", "tintindex": 1 },
        "up":    { "uv": [ 11, 1, 12, 14 ], "texture": "#texture1", "tintindex": 1 },
        "north": { "uv": [ 6, 14, 7, 15 ], "texture": "#texture1", "tintindex": 1 },
        "south": { "uv": [ 6, 14, 7, 15 ], "texture": "#texture1", "tintindex": 1 },
        "west":  { "uv": [ 6, 14, 7, 15 ], "rotation": 180, "texture": "#texture1", "tintindex": 1 },
        "east":  { "uv": [ 6, 14, 7, 15 ], "texture": "#texture1", "tintindex": 1 }
    }
},
{
    "__comment": "Lily",
    "from": [ 11.5, 0, 1 ],
    "to": [ 12.5, 1, 14 ],
    "faces": {
        "down":  { "uv": [ 13, 14, 12, 1 ], "texture": "#texture1", "tintindex": 1 },
        "up":    { "uv": [ 12, 1, 13, 14 ], "texture": "#texture1", "tintindex": 1 },
        "north": { "uv": [ 6, 14, 7, 15 ], "texture": "#texture1", "tintindex": 1 },
        "south": { "uv": [ 6, 14, 7, 15 ], "texture": "#texture1", "tintindex": 1 },
        "west":  { "uv": [ 6, 14, 7, 15 ], "rotation": 180, "texture": "#texture1", "tintindex": 1 },
        "east":  { "uv": [ 6, 14, 7, 15 ], "texture": "#texture1", "tintindex": 1 }
    }
},
{
    "__comment": "Lily",
    "from": [ 12.5, 0, 2 ],
    "to": [ 13.5, 1, 13 ],
    "faces": {
        "down":  { "uv": [ 14, 13, 13, 2 ], "texture": "#texture1", "tintindex": 1 },
        "up":    { "uv": [ 13, 2, 14, 13 ], "texture": "#texture1", "tintindex": 1 },
        "north": { "uv": [ 6, 14, 7, 15 ], "texture": "#texture1", "tintindex": 1 },
        "south": { "uv": [ 6, 14, 7, 15 ], "texture": "#texture1", "tintindex": 1 },
        "west":  { "uv": [ 6, 14, 7, 15 ], "rotation": 180, "texture": "#texture1", "tintindex": 1 },
        "east":  { "uv": [ 6, 14, 7, 15 ], "texture": "#texture1", "tintindex": 1 }
    }
},
{
    "__comment": "Lily",
    "from": [ 13.5, 0, 4 ],
    "to": [ 14.5, 1, 11 ],
    "faces": {
        "down":  { "uv": [ 15, 11, 14, 4 ], "texture": "#texture1", "tintindex": 1 },
        "up":    { "uv": [ 14, 4, 15, 11 ], "texture": "#texture1", "tintindex": 1 },
        "north": { "uv": [ 6, 14, 7, 15 ], "texture": "#texture1", "tintindex": 1 },
        "south": { "uv": [ 6, 14, 7, 15 ], "texture": "#texture1", "tintindex": 1 },
        "west":  { "uv": [ 6, 14, 7, 15 ], "rotation": 180, "texture": "#texture1", "tintindex": 1 },
        "east":  { "uv": [ 6, 14, 7, 15 ], "texture": "#texture1", "tintindex": 1 }
    }
}
]
}