{
    "__comment": "Fair warning, this format is highly likely to change even more in the future!",
    "textures": {
        "particle": "blocks/wheat_stage_7",
		"all": "blocks/wheat_stage_7"
    },
	"elements": [ 
{
    
    "from": [ 15, 8, 3 ],
    "to": [ 16, 10, 4 ],
    "faces": {
        "down": {
            "uv": [ 15, 6, 16, 7 ],
            "texture": "#all"
        },
        "up": {
            "uv": [ 15, 5, 16, 6 ],
            "texture": "#all"
        },
        "north": {
            "uv": [ 15, 5, 16, 7 ],
            "texture": "#all"
        },
        "south": {
            "uv": [ 15, 5, 16, 7 ],
            "texture": "#all"
        },
        "west": {
            "uv": [ 15, 5, 16, 7 ],
            "texture": "#all"
        },
        "east": {
            "uv": [ 15, 5, 16, 7 ],
            "texture": "#all"
        }
    }
},
{
    
    "from": [ 14, -1, 3 ],
    "to": [ 15, 8, 4 ],
    "faces": {
        "down": {
            "uv": [ 14, 15, 15, 16 ],
            "texture": "#all"
        },
        "up": {
            "uv": [ 14, 7, 15, 8 ],
            "texture": "#all"
        },
        "north": {
            "uv": [ 14, 7, 15, 16 ],
            "texture": "#all"
        },
        "south": {
            "uv": [ 14, 7, 15, 16 ],
            "texture": "#all"
        },
        "west": {
            "uv": [ 14, 7, 15, 16 ],
            "texture": "#all"
        },
        "east": {
            "uv": [ 14, 7, 15, 16 ],
            "texture": "#all"
        }
    }
},
{
    
    "from": [ 14, 9, 3 ],
    "to": [ 15, 11, 4 ],
    "faces": {
        "down": {
            "uv": [ 14, 5, 15, 6 ],
            "texture": "#all"
        },
        "up": {
            "uv": [ 14, 4, 15, 5 ],
            "texture": "#all"
        },
        "north": {
            "uv": [ 14, 4, 15, 6 ],
            "texture": "#all"
        },
        "south": {
            "uv": [ 14, 4, 15, 6 ],
            "texture": "#all"
        },
        "west": {
            "uv": [ 14, 4, 15, 6 ],
            "texture": "#all"
        },
        "east": {
            "uv": [ 14, 4, 15, 6 ],
            "texture": "#all"
        }
    }
},
{
    
    "from": [ 13, -1, 3 ],
    "to": [ 14, 9, 4 ],
    "faces": {
        "down": {
            "uv": [ 13, 15, 14, 16 ],
            "texture": "#all"
        },
        "up": {
            "uv": [ 13, 6, 14, 7 ],
            "texture": "#all"
        },
        "north": {
            "uv": [ 13, 6, 14, 16 ],
            "texture": "#all"
        },
        "south": {
            "uv": [ 13, 6, 14, 16 ],
            "texture": "#all"
        },
        "west": {
            "uv": [ 13, 6, 14, 16 ],
            "texture": "#all"
        },
        "east": {
            "uv": [ 13, 6, 14, 16 ],
            "texture": "#all"
        }
    }
},
{
    
    "from": [ 13, 11, 3 ],
    "to": [ 14, 13, 4 ],
    "faces": {
        "down": {
            "uv": [ 13, 3, 14, 4 ],
            "texture": "#all"
        },
        "up": {
            "uv": [ 13, 2, 14, 3 ],
            "texture": "#all"
        },
        "north": {
            "uv": [ 13, 2, 14, 4 ],
            "texture": "#all"
        },
        "south": {
            "uv": [ 13, 2, 14, 4 ],
            "texture": "#all"
        },
        "west": {
            "uv": [ 13, 2, 14, 4 ],
            "texture": "#all"
        },
        "east": {
            "uv": [ 13, 2, 14, 4 ],
            "texture": "#all"
        }
    }
},
{
    
    "from": [ 12, 12, 3 ],
    "to": [ 13, 14, 4 ],
    "faces": {
        "down": {
            "uv": [ 12, 2, 13, 3 ],
            "texture": "#all"
        },
        "up": {
            "uv": [ 12, 1, 13, 2 ],
            "texture": "#all"
        },
        "north": {
            "uv": [ 12, 1, 13, 3 ],
            "texture": "#all"
        },
        "south": {
            "uv": [ 12, 1, 13, 3 ],
            "texture": "#all"
        },
        "west": {
            "uv": [ 12, 1, 13, 3 ],
            "texture": "#all"
        },
        "east": {
            "uv": [ 12, 1, 13, 3 ],
            "texture": "#all"
        }
    }
},
{
    
    "from": [ 11, -1, 3 ],
    "to": [ 12, 12, 4 ],
    "faces": {
        "down": {
            "uv": [ 11, 15, 12, 16 ],
            "texture": "#all"
        },
        "up": {
            "uv": [ 11, 3, 12, 4 ],
            "texture": "#all"
        },
        "north": {
            "uv": [ 11, 3, 12, 16 ],
            "texture": "#all"
        },
        "south": {
            "uv": [ 11, 3, 12, 16 ],
            "texture": "#all"
        },
        "west": {
            "uv": [ 11, 3, 12, 16 ],
            "texture": "#all"
        },
        "east": {
            "uv": [ 11, 3, 12, 16 ],
            "texture": "#all"
        }
    }
},
{
    
    "from": [ 10, -1, 3 ],
    "to": [ 11, 10, 4 ],
    "faces": {
        "down": {
            "uv": [ 10, 15, 11, 16 ],
            "texture": "#all"
        },
        "up": {
            "uv": [ 10, 5, 11, 6 ],
            "texture": "#all"
        },
        "north": {
            "uv": [ 10, 5, 11, 16 ],
            "texture": "#all"
        },
        "south": {
            "uv": [ 10, 5, 11, 16 ],
            "texture": "#all"
        },
        "west": {
            "uv": [ 10, 5, 11, 16 ],
            "texture": "#all"
        },
        "east": {
            "uv": [ 10, 5, 11, 16 ],
            "texture": "#all"
        }
    }
},
{
    
    "from": [ 9, -1, 3 ],
    "to": [ 10, 11, 4 ],
    "faces": {
        "down": {
            "uv": [ 9, 15, 10, 16 ],
            "texture": "#all"
        },
        "up": {
            "uv": [ 9, 4, 10, 5 ],
            "texture": "#all"
        },
        "north": {
            "uv": [ 9, 4, 10, 16 ],
            "texture": "#all"
        },
        "south": {
            "uv": [ 9, 4, 10, 16 ],
            "texture": "#all"
        },
        "west": {
            "uv": [ 9, 4, 10, 16 ],
            "texture": "#all"
        },
        "east": {
            "uv": [ 9, 4, 10, 16 ],
            "texture": "#all"
        }
    }
},
{
    
    "from": [ 8, -1, 3 ],
    "to": [ 9, 12, 4 ],
    "faces": {
        "down": {
            "uv": [ 8, 15, 9, 16 ],
            "texture": "#all"
        },
        "up": {
            "uv": [ 8, 3, 9, 4 ],
            "texture": "#all"
        },
        "north": {
            "uv": [ 8, 3, 9, 16 ],
            "texture": "#all"
        },
        "south": {
            "uv": [ 8, 3, 9, 16 ],
            "texture": "#all"
        },
        "west": {
            "uv": [ 8, 3, 9, 16 ],
            "texture": "#all"
        },
        "east": {
            "uv": [ 8, 3, 9, 16 ],
            "texture": "#all"
        }
    }
},
{
    
    "from": [ 7, -1, 3 ],
    "to": [ 8, 14, 4 ],
    "faces": {
        "down": {
            "uv": [ 7, 15, 8, 16 ],
            "texture": "#all"
        },
        "up": {
            "uv": [ 7, 1, 8, 2 ],
            "texture": "#all"
        },
        "north": {
            "uv": [ 7, 1, 8, 16 ],
            "texture": "#all"
        },
        "south": {
            "uv": [ 7, 1, 8, 16 ],
            "texture": "#all"
        },
        "west": {
            "uv": [ 7, 1, 8, 16 ],
            "texture": "#all"
        },
        "east": {
            "uv": [ 7, 1, 8, 16 ],
            "texture": "#all"
        }
    }
},
{
    
    "from": [ 6, 9, 3 ],
    "to": [ 7, 11, 4 ],
    "faces": {
        "down": {
            "uv": [ 6, 5, 7, 6 ],
            "texture": "#all"
        },
        "up": {
            "uv": [ 6, 4, 7, 5 ],
            "texture": "#all"
        },
        "north": {
            "uv": [ 6, 4, 7, 6 ],
            "texture": "#all"
        },
        "south": {
            "uv": [ 6, 4, 7, 6 ],
            "texture": "#all"
        },
        "west": {
            "uv": [ 6, 4, 7, 6 ],
            "texture": "#all"
        },
        "east": {
            "uv": [ 6, 4, 7, 6 ],
            "texture": "#all"
        }
    }
},
{
    
    "from": [ 6, 13, 3 ],
    "to": [ 7, 15, 4 ],
    "faces": {
        "down": {
            "uv": [ 6, 1, 7, 2 ],
            "texture": "#all"
        },
        "up": {
            "uv": [ 6, 0, 7, 1 ],
            "texture": "#all"
        },
        "north": {
            "uv": [ 6, 0, 7, 2 ],
            "texture": "#all"
        },
        "south": {
            "uv": [ 6, 0, 7, 2 ],
            "texture": "#all"
        },
        "west": {
            "uv": [ 6, 0, 7, 2 ],
            "texture": "#all"
        },
        "east": {
            "uv": [ 6, 0, 7, 2 ],
            "texture": "#all"
        }
    }
},
{
    
    "from": [ 5, -1, 3 ],
    "to": [ 6, 9, 4 ],
    "faces": {
        "down": {
            "uv": [ 5, 15, 6, 16 ],
            "texture": "#all"
        },
        "up": {
            "uv": [ 5, 6, 6, 7 ],
            "texture": "#all"
        },
        "north": {
            "uv": [ 5, 6, 6, 16 ],
            "texture": "#all"
        },
        "south": {
            "uv": [ 5, 6, 6, 16 ],
            "texture": "#all"
        },
        "west": {
            "uv": [ 5, 6, 6, 16 ],
            "texture": "#all"
        },
        "east": {
            "uv": [ 5, 6, 6, 16 ],
            "texture": "#all"
        }
    }
},
{
    
    "from": [ 5, 10, 3 ],
    "to": [ 6, 12, 4 ],
    "faces": {
        "down": {
            "uv": [ 5, 4, 6, 5 ],
            "texture": "#all"
        },
        "up": {
            "uv": [ 5, 3, 6, 4 ],
            "texture": "#all"
        },
        "north": {
            "uv": [ 5, 3, 6, 5 ],
            "texture": "#all"
        },
        "south": {
            "uv": [ 5, 3, 6, 5 ],
            "texture": "#all"
        },
        "west": {
            "uv": [ 5, 3, 6, 5 ],
            "texture": "#all"
        },
        "east": {
            "uv": [ 5, 3, 6, 5 ],
            "texture": "#all"
        }
    }
},
{
    
    "from": [ 4, -1, 3 ],
    "to": [ 5, 10, 4 ],
    "faces": {
        "down": {
            "uv": [ 4, 15, 5, 16 ],
            "texture": "#all"
        },
        "up": {
            "uv": [ 4, 5, 5, 6 ],
            "texture": "#all"
        },
        "north": {
            "uv": [ 4, 5, 5, 16 ],
            "texture": "#all"
        },
        "south": {
            "uv": [ 4, 5, 5, 16 ],
            "texture": "#all"
        },
        "west": {
            "uv": [ 4, 5, 5, 16 ],
            "texture": "#all"
        },
        "east": {
            "uv": [ 4, 5, 5, 16 ],
            "texture": "#all"
        }
    }
},
{
    
    "from": [ 3, -1, 3 ],
    "to": [ 4, 11, 4 ],
    "faces": {
        "down": {
            "uv": [ 3, 15, 4, 16 ],
            "texture": "#all"
        },
        "up": {
            "uv": [ 3, 4, 4, 5 ],
            "texture": "#all"
        },
        "north": {
            "uv": [ 3, 4, 4, 16 ],
            "texture": "#all"
        },
        "south": {
            "uv": [ 3, 4, 4, 16 ],
            "texture": "#all"
        },
        "west": {
            "uv": [ 3, 4, 4, 16 ],
            "texture": "#all"
        },
        "east": {
            "uv": [ 3, 4, 4, 16 ],
            "texture": "#all"
        }
    }
},
{
    
    "from": [ 0, -1, 3 ],
    "to": [ 1, 10, 4 ],
    "faces": {
        "down": {
            "uv": [ 0, 15, 1, 16 ],
            "texture": "#all"
        },
        "up": {
            "uv": [ 0, 5, 1, 6 ],
            "texture": "#all"
        },
        "north": {
            "uv": [ 0, 5, 1, 16 ],
            "texture": "#all"
        },
        "south": {
            "uv": [ 0, 5, 1, 16 ],
            "texture": "#all"
        },
        "west": {
            "uv": [ 0, 5, 1, 16 ],
            "texture": "#all"
        },
        "east": {
            "uv": [ 0, 5, 1, 16 ],
            "texture": "#all"
        }
    }
},
{
    
    "from": [ 1, -1, 3 ],
    "to": [ 2, 9, 4 ],
    "faces": {
        "down": {
            "uv": [ 1, 15, 2, 16 ],
            "texture": "#all"
        },
        "up": {
            "uv": [ 1, 6, 2, 7 ],
            "texture": "#all"
        },
        "north": {
            "uv": [ 1, 6, 2, 16 ],
            "texture": "#all"
        },
        "south": {
            "uv": [ 1, 6, 2, 16 ],
            "texture": "#all"
        },
        "west": {
            "uv": [ 1, 6, 2, 16 ],
            "texture": "#all"
        },
        "east": {
            "uv": [ 1, 6, 2, 16 ],
            "texture": "#all"
        }
    }
},
{
    
    "from": [ 1, 12, 3 ],
    "to": [ 2, 14, 4 ],
    "faces": {
        "down": {
            "uv": [ 1, 2, 2, 3 ],
            "texture": "#all"
        },
        "up": {
            "uv": [ 1, 1, 2, 2 ],
            "texture": "#all"
        },
        "north": {
            "uv": [ 1, 1, 2, 3 ],
            "texture": "#all"
        },
        "south": {
            "uv": [ 1, 1, 2, 3 ],
            "texture": "#all"
        },
        "west": {
            "uv": [ 1, 1, 2, 3 ],
            "texture": "#all"
        },
        "east": {
            "uv": [ 1, 1, 2, 3 ],
            "texture": "#all"
        }
    }
},
{
    
    "from": [ 2, -1, 3 ],
    "to": [ 3, 13, 4 ],
    "faces": {
        "down": {
            "uv": [ 2, 15, 3, 16 ],
            "texture": "#all"
        },
        "up": {
            "uv": [ 2, 2, 3, 3 ],
            "texture": "#all"
        },
        "north": {
            "uv": [ 2, 2, 3, 16 ],
            "texture": "#all"
        },
        "south": {
            "uv": [ 2, 2, 3, 16 ],
            "texture": "#all"
        },
        "west": {
            "uv": [ 2, 2, 3, 16 ],
            "texture": "#all"
        },
        "east": {
            "uv": [ 2, 2, 3, 16 ],
            "texture": "#all"
        }
    }
},
{
    
    "from": [ 3, 8, 0 ],
    "to": [ 4, 10, 1 ],
    "faces": {
        "down": {
            "uv": [ 15, 6, 16, 7 ],
            "texture": "#all"
        },
        "up": {
            "uv": [ 15, 5, 16, 6 ],
            "texture": "#all"
        },
        "north": {
            "uv": [ 15, 5, 16, 7 ],
            "texture": "#all"
        },
        "south": {
            "uv": [ 15, 5, 16, 7 ],
            "texture": "#all"
        },
        "west": {
            "uv": [ 15, 5, 16, 7 ],
            "texture": "#all"
        },
        "east": {
            "uv": [ 15, 5, 16, 7 ],
            "texture": "#all"
        }
    }
},
{
    
    "from": [ 3, -1, 1 ],
    "to": [ 4, 8, 2 ],
    "faces": {
        "down": {
            "uv": [ 14, 15, 15, 16 ],
            "texture": "#all"
        },
        "up": {
            "uv": [ 14, 7, 15, 8 ],
            "texture": "#all"
        },
        "north": {
            "uv": [ 14, 7, 15, 16 ],
            "texture": "#all"
        },
        "south": {
            "uv": [ 14, 7, 15, 16 ],
            "texture": "#all"
        },
        "west": {
            "uv": [ 14, 7, 15, 16 ],
            "texture": "#all"
        },
        "east": {
            "uv": [ 14, 7, 15, 16 ],
            "texture": "#all"
        }
    }
},
{
    
    "from": [ 3, 9, 1 ],
    "to": [ 4, 11, 2 ],
    "faces": {
        "down": {
            "uv": [ 14, 5, 15, 6 ],
            "texture": "#all"
        },
        "up": {
            "uv": [ 14, 4, 15, 5 ],
            "texture": "#all"
        },
        "north": {
            "uv": [ 14, 4, 15, 6 ],
            "texture": "#all"
        },
        "south": {
            "uv": [ 14, 4, 15, 6 ],
            "texture": "#all"
        },
        "west": {
            "uv": [ 14, 4, 15, 6 ],
            "texture": "#all"
        },
        "east": {
            "uv": [ 14, 4, 15, 6 ],
            "texture": "#all"
        }
    }
},
{
    
    "from": [ 3, -1, 2 ],
    "to": [ 4, 9, 3 ],
    "faces": {
        "down": {
            "uv": [ 13, 15, 14, 16 ],
            "texture": "#all"
        },
        "up": {
            "uv": [ 13, 6, 14, 7 ],
            "texture": "#all"
        },
        "north": {
            "uv": [ 13, 6, 14, 16 ],
            "texture": "#all"
        },
        "south": {
            "uv": [ 13, 6, 14, 16 ],
            "texture": "#all"
        },
        "west": {
            "uv": [ 13, 6, 14, 16 ],
            "texture": "#all"
        },
        "east": {
            "uv": [ 13, 6, 14, 16 ],
            "texture": "#all"
        }
    }
},
{
    
    "from": [ 3, 11, 2 ],
    "to": [ 4, 13, 3 ],
    "faces": {
        "down": {
            "uv": [ 13, 3, 14, 4 ],
            "texture": "#all"
        },
        "up": {
            "uv": [ 13, 2, 14, 3 ],
            "texture": "#all"
        },
        "north": {
            "uv": [ 13, 2, 14, 4 ],
            "texture": "#all"
        },
        "south": {
            "uv": [ 13, 2, 14, 4 ],
            "texture": "#all"
        },
        "west": {
            "uv": [ 13, 2, 14, 4 ],
            "texture": "#all"
        },
        "east": {
            "uv": [ 13, 2, 14, 4 ],
            "texture": "#all"
        }
    }
},
{
    
    "from": [ 3, 12, 3 ],
    "to": [ 4, 14, 4 ],
    "faces": {
        "down": {
            "uv": [ 12, 2, 13, 3 ],
            "texture": "#all"
        },
        "up": {
            "uv": [ 12, 1, 13, 2 ],
            "texture": "#all"
        },
        "north": {
            "uv": [ 12, 1, 13, 3 ],
            "texture": "#all"
        },
        "south": {
            "uv": [ 12, 1, 13, 3 ],
            "texture": "#all"
        },
        "west": {
            "uv": [ 12, 1, 13, 3 ],
            "texture": "#all"
        },
        "east": {
            "uv": [ 12, 1, 13, 3 ],
            "texture": "#all"
        }
    }
},
{
    
    "from": [ 3, -1, 4 ],
    "to": [ 4, 12, 5 ],
    "faces": {
        "down": {
            "uv": [ 11, 15, 12, 16 ],
            "texture": "#all"
        },
        "up": {
            "uv": [ 11, 3, 12, 4 ],
            "texture": "#all"
        },
        "north": {
            "uv": [ 11, 3, 12, 16 ],
            "texture": "#all"
        },
        "south": {
            "uv": [ 11, 3, 12, 16 ],
            "texture": "#all"
        },
        "west": {
            "uv": [ 11, 3, 12, 16 ],
            "texture": "#all"
        },
        "east": {
            "uv": [ 11, 3, 12, 16 ],
            "texture": "#all"
        }
    }
},
{
    
    "from": [ 3, -1, 5 ],
    "to": [ 4, 10, 6 ],
    "faces": {
        "down": {
            "uv": [ 10, 15, 11, 16 ],
            "texture": "#all"
        },
        "up": {
            "uv": [ 10, 5, 11, 6 ],
            "texture": "#all"
        },
        "north": {
            "uv": [ 10, 5, 11, 16 ],
            "texture": "#all"
        },
        "south": {
            "uv": [ 10, 5, 11, 16 ],
            "texture": "#all"
        },
        "west": {
            "uv": [ 10, 5, 11, 16 ],
            "texture": "#all"
        },
        "east": {
            "uv": [ 10, 5, 11, 16 ],
            "texture": "#all"
        }
    }
},
{
    
    "from": [ 3, -1, 6 ],
    "to": [ 4, 11, 7 ],
    "faces": {
        "down": {
            "uv": [ 9, 15, 10, 16 ],
            "texture": "#all"
        },
        "up": {
            "uv": [ 9, 4, 10, 5 ],
            "texture": "#all"
        },
        "north": {
            "uv": [ 9, 4, 10, 16 ],
            "texture": "#all"
        },
        "south": {
            "uv": [ 9, 4, 10, 16 ],
            "texture": "#all"
        },
        "west": {
            "uv": [ 9, 4, 10, 16 ],
            "texture": "#all"
        },
        "east": {
            "uv": [ 9, 4, 10, 16 ],
            "texture": "#all"
        }
    }
},
{
    
    "from": [ 3, -1, 7 ],
    "to": [ 4, 12, 8 ],
    "faces": {
        "down": {
            "uv": [ 8, 15, 9, 16 ],
            "texture": "#all"
        },
        "up": {
            "uv": [ 8, 3, 9, 4 ],
            "texture": "#all"
        },
        "north": {
            "uv": [ 8, 3, 9, 16 ],
            "texture": "#all"
        },
        "south": {
            "uv": [ 8, 3, 9, 16 ],
            "texture": "#all"
        },
        "west": {
            "uv": [ 8, 3, 9, 16 ],
            "texture": "#all"
        },
        "east": {
            "uv": [ 8, 3, 9, 16 ],
            "texture": "#all"
        }
    }
},
{
    
    "from": [ 3, -1, 8 ],
    "to": [ 4, 14, 9 ],
    "faces": {
        "down": {
            "uv": [ 7, 15, 8, 16 ],
            "texture": "#all"
        },
        "up": {
            "uv": [ 7, 1, 8, 2 ],
            "texture": "#all"
        },
        "north": {
            "uv": [ 7, 1, 8, 16 ],
            "texture": "#all"
        },
        "south": {
            "uv": [ 7, 1, 8, 16 ],
            "texture": "#all"
        },
        "west": {
            "uv": [ 7, 1, 8, 16 ],
            "texture": "#all"
        },
        "east": {
            "uv": [ 7, 1, 8, 16 ],
            "texture": "#all"
        }
    }
},
{
    
    "from": [ 3, 13, 9 ],
    "to": [ 4, 15, 10 ],
    "faces": {
        "down": {
            "uv": [ 6, 1, 7, 2 ],
            "texture": "#all"
        },
        "up": {
            "uv": [ 6, 0, 7, 1 ],
            "texture": "#all"
        },
        "north": {
            "uv": [ 6, 0, 7, 2 ],
            "texture": "#all"
        },
        "south": {
            "uv": [ 6, 0, 7, 2 ],
            "texture": "#all"
        },
        "west": {
            "uv": [ 6, 0, 7, 2 ],
            "texture": "#all"
        },
        "east": {
            "uv": [ 6, 0, 7, 2 ],
            "texture": "#all"
        }
    }
},
{
    
    "from": [ 3, 9, 9 ],
    "to": [ 4, 11, 10 ],
    "faces": {
        "down": {
            "uv": [ 6, 5, 7, 6 ],
            "texture": "#all"
        },
        "up": {
            "uv": [ 6, 4, 7, 5 ],
            "texture": "#all"
        },
        "north": {
            "uv": [ 6, 4, 7, 6 ],
            "texture": "#all"
        },
        "south": {
            "uv": [ 6, 4, 7, 6 ],
            "texture": "#all"
        },
        "west": {
            "uv": [ 6, 4, 7, 6 ],
            "texture": "#all"
        },
        "east": {
            "uv": [ 6, 4, 7, 6 ],
            "texture": "#all"
        }
    }
},
{
    
    "from": [ 3, -1, 10 ],
    "to": [ 4, 9, 11 ],
    "faces": {
        "down": {
            "uv": [ 5, 15, 6, 16 ],
            "texture": "#all"
        },
        "up": {
            "uv": [ 5, 6, 6, 7 ],
            "texture": "#all"
        },
        "north": {
            "uv": [ 5, 6, 6, 16 ],
            "texture": "#all"
        },
        "south": {
            "uv": [ 5, 6, 6, 16 ],
            "texture": "#all"
        },
        "west": {
            "uv": [ 5, 6, 6, 16 ],
            "texture": "#all"
        },
        "east": {
            "uv": [ 5, 6, 6, 16 ],
            "texture": "#all"
        }
    }
},
{
    
    "from": [ 3, 10, 10 ],
    "to": [ 4, 12, 11 ],
    "faces": {
        "down": {
            "uv": [ 5, 4, 6, 5 ],
            "texture": "#all"
        },
        "up": {
            "uv": [ 5, 3, 6, 4 ],
            "texture": "#all"
        },
        "north": {
            "uv": [ 5, 3, 6, 5 ],
            "texture": "#all"
        },
        "south": {
            "uv": [ 5, 3, 6, 5 ],
            "texture": "#all"
        },
        "west": {
            "uv": [ 5, 3, 6, 5 ],
            "texture": "#all"
        },
        "east": {
            "uv": [ 5, 3, 6, 5 ],
            "texture": "#all"
        }
    }
},
{
    
    "from": [ 3, -1, 11 ],
    "to": [ 4, 10, 12 ],
    "faces": {
        "down": {
            "uv": [ 4, 15, 5, 16 ],
            "texture": "#all"
        },
        "up": {
            "uv": [ 4, 5, 5, 6 ],
            "texture": "#all"
        },
        "north": {
            "uv": [ 4, 5, 5, 16 ],
            "texture": "#all"
        },
        "south": {
            "uv": [ 4, 5, 5, 16 ],
            "texture": "#all"
        },
        "west": {
            "uv": [ 4, 5, 5, 16 ],
            "texture": "#all"
        },
        "east": {
            "uv": [ 4, 5, 5, 16 ],
            "texture": "#all"
        }
    }
},
{
    
    "from": [ 3, -1, 12 ],
    "to": [ 4, 11, 13 ],
    "faces": {
        "down": {
            "uv": [ 3, 15, 4, 16 ],
            "texture": "#all"
        },
        "up": {
            "uv": [ 3, 4, 4, 5 ],
            "texture": "#all"
        },
        "north": {
            "uv": [ 3, 4, 4, 16 ],
            "texture": "#all"
        },
        "south": {
            "uv": [ 3, 4, 4, 16 ],
            "texture": "#all"
        },
        "west": {
            "uv": [ 3, 4, 4, 16 ],
            "texture": "#all"
        },
        "east": {
            "uv": [ 3, 4, 4, 16 ],
            "texture": "#all"
        }
    }
},
{
    
    "from": [ 3, -1, 15 ],
    "to": [ 4, 10, 16 ],
    "faces": {
        "down": {
            "uv": [ 0, 15, 1, 16 ],
            "texture": "#all"
        },
        "up": {
            "uv": [ 0, 5, 1, 6 ],
            "texture": "#all"
        },
        "north": {
            "uv": [ 0, 5, 1, 16 ],
            "texture": "#all"
        },
        "south": {
            "uv": [ 0, 5, 1, 16 ],
            "texture": "#all"
        },
        "west": {
            "uv": [ 0, 5, 1, 16 ],
            "texture": "#all"
        },
        "east": {
            "uv": [ 0, 5, 1, 16 ],
            "texture": "#all"
        }
    }
},
{
    
    "from": [ 3, -1, 14 ],
    "to": [ 4, 9, 15 ],
    "faces": {
        "down": {
            "uv": [ 1, 15, 2, 16 ],
            "texture": "#all"
        },
        "up": {
            "uv": [ 1, 6, 2, 7 ],
            "texture": "#all"
        },
        "north": {
            "uv": [ 1, 6, 2, 16 ],
            "texture": "#all"
        },
        "south": {
            "uv": [ 1, 6, 2, 16 ],
            "texture": "#all"
        },
        "west": {
            "uv": [ 1, 6, 2, 16 ],
            "texture": "#all"
        },
        "east": {
            "uv": [ 1, 6, 2, 16 ],
            "texture": "#all"
        }
    }
},
{
    
    "from": [ 3, 12, 14 ],
    "to": [ 4, 14, 15 ],
    "faces": {
        "down": {
            "uv": [ 1, 2, 2, 3 ],
            "texture": "#all"
        },
        "up": {
            "uv": [ 1, 1, 2, 2 ],
            "texture": "#all"
        },
        "north": {
            "uv": [ 1, 1, 2, 3 ],
            "texture": "#all"
        },
        "south": {
            "uv": [ 1, 1, 2, 3 ],
            "texture": "#all"
        },
        "west": {
            "uv": [ 1, 1, 2, 3 ],
            "texture": "#all"
        },
        "east": {
            "uv": [ 1, 1, 2, 3 ],
            "texture": "#all"
        }
    }
},
{
    
    "from": [ 3, -1, 13 ],
    "to": [ 4, 13, 14 ],
    "faces": {
        "down": {
            "uv": [ 2, 15, 3, 16 ],
            "texture": "#all"
        },
        "up": {
            "uv": [ 2, 2, 3, 3 ],
            "texture": "#all"
        },
        "north": {
            "uv": [ 2, 2, 3, 16 ],
            "texture": "#all"
        },
        "south": {
            "uv": [ 2, 2, 3, 16 ],
            "texture": "#all"
        },
        "west": {
            "uv": [ 2, 2, 3, 16 ],
            "texture": "#all"
        },
        "east": {
            "uv": [ 2, 2, 3, 16 ],
            "texture": "#all"
        }
    }
},
{
    
    "from": [ 13, -1, 12 ],
    "to": [ 14, 13, 13 ],
    "faces": {
        "down": {
            "uv": [ 2, 15, 3, 16 ],
            "texture": "#all"
        },
        "up": {
            "uv": [ 2, 2, 3, 3 ],
            "texture": "#all"
        },
        "north": {
            "uv": [ 2, 2, 3, 16 ],
            "texture": "#all"
        },
        "south": {
            "uv": [ 2, 2, 3, 16 ],
            "texture": "#all"
        },
        "west": {
            "uv": [ 2, 2, 3, 16 ],
            "texture": "#all"
        },
        "east": {
            "uv": [ 2, 2, 3, 16 ],
            "texture": "#all"
        }
    }
},
{
    
    "from": [ 14, 12, 12 ],
    "to": [ 15, 14, 13 ],
    "faces": {
        "down": {
            "uv": [ 1, 2, 2, 3 ],
            "texture": "#all"
        },
        "up": {
            "uv": [ 1, 1, 2, 2 ],
            "texture": "#all"
        },
        "north": {
            "uv": [ 1, 1, 2, 3 ],
            "texture": "#all"
        },
        "south": {
            "uv": [ 1, 1, 2, 3 ],
            "texture": "#all"
        },
        "west": {
            "uv": [ 1, 1, 2, 3 ],
            "texture": "#all"
        },
        "east": {
            "uv": [ 1, 1, 2, 3 ],
            "texture": "#all"
        }
    }
},
{
    
    "from": [ 14, -1, 12 ],
    "to": [ 15, 9, 13 ],
    "faces": {
        "down": {
            "uv": [ 1, 14, 2, 15 ],
            "texture": "#all"
        },
        "up": {
            "uv": [ 1, 6, 2, 7 ],
            "texture": "#all"
        },
        "north": {
            "uv": [ 1, 6, 2, 16 ],
            "texture": "#all"
        },
        "south": {
            "uv": [ 1, 6, 2, 16 ],
            "texture": "#all"
        },
        "west": {
            "uv": [ 1, 6, 2, 16 ],
            "texture": "#all"
        },
        "east": {
            "uv": [ 1, 6, 2, 16 ],
            "texture": "#all"
        }
    }
},
{
    
    "from": [ 15, -1, 12 ],
    "to": [ 16, 10, 13 ],
    "faces": {
        "down": {
            "uv": [ 0, 15, 1, 16 ],
            "texture": "#all"
        },
        "up": {
            "uv": [ 0, 5, 1, 6 ],
            "texture": "#all"
        },
        "north": {
            "uv": [ 0, 5, 1, 16 ],
            "texture": "#all"
        },
        "south": {
            "uv": [ 0, 5, 1, 16 ],
            "texture": "#all"
        },
        "west": {
            "uv": [ 0, 5, 1, 16 ],
            "texture": "#all"
        },
        "east": {
            "uv": [ 0, 5, 1, 16 ],
            "texture": "#all"
        }
    }
},
{
    
    "from": [ 12, -1, 12 ],
    "to": [ 13, 11, 13 ],
    "faces": {
        "down": {
            "uv": [ 3, 15, 4, 16 ],
            "texture": "#all"
        },
        "up": {
            "uv": [ 3, 4, 4, 5 ],
            "texture": "#all"
        },
        "north": {
            "uv": [ 3, 4, 4, 16 ],
            "texture": "#all"
        },
        "south": {
            "uv": [ 3, 4, 4, 16 ],
            "texture": "#all"
        },
        "west": {
            "uv": [ 3, 4, 4, 16 ],
            "texture": "#all"
        },
        "east": {
            "uv": [ 3, 4, 4, 16 ],
            "texture": "#all"
        }
    }
},
{
    
    "from": [ 11, -1, 12 ],
    "to": [ 12, 10, 13 ],
    "faces": {
        "down": {
            "uv": [ 4, 15, 5, 16 ],
            "texture": "#all"
        },
        "up": {
            "uv": [ 4, 5, 5, 6 ],
            "texture": "#all"
        },
        "north": {
            "uv": [ 4, 5, 5, 16 ],
            "texture": "#all"
        },
        "south": {
            "uv": [ 4, 5, 5, 16 ],
            "texture": "#all"
        },
        "west": {
            "uv": [ 4, 5, 5, 16 ],
            "texture": "#all"
        },
        "east": {
            "uv": [ 4, 5, 5, 16 ],
            "texture": "#all"
        }
    }
},
{
    
    "from": [ 10, -1, 12 ],
    "to": [ 11, 9, 13 ],
    "faces": {
        "down": {
            "uv": [ 5, 15, 6, 16 ],
            "texture": "#all"
        },
        "up": {
            "uv": [ 5, 6, 6, 7 ],
            "texture": "#all"
        },
        "north": {
            "uv": [ 5, 6, 6, 16 ],
            "texture": "#all"
        },
        "south": {
            "uv": [ 5, 6, 6, 16 ],
            "texture": "#all"
        },
        "west": {
            "uv": [ 5, 6, 6, 16 ],
            "texture": "#all"
        },
        "east": {
            "uv": [ 5, 6, 6, 16 ],
            "texture": "#all"
        }
    }
},
{
    
    "from": [ 10, 10, 12 ],
    "to": [ 11, 12, 13 ],
    "faces": {
        "down": {
            "uv": [ 5, 4, 6, 5 ],
            "texture": "#all"
        },
        "up": {
            "uv": [ 5, 3, 6, 4 ],
            "texture": "#all"
        },
        "north": {
            "uv": [ 5, 3, 6, 5 ],
            "texture": "#all"
        },
        "south": {
            "uv": [ 5, 3, 6, 5 ],
            "texture": "#all"
        },
        "west": {
            "uv": [ 5, 3, 6, 5 ],
            "texture": "#all"
        },
        "east": {
            "uv": [ 5, 3, 6, 5 ],
            "texture": "#all"
        }
    }
},
{
    
    "from": [ 9, 9, 12 ],
    "to": [ 10, 11, 13 ],
    "faces": {
        "down": {
            "uv": [ 6, 5, 7, 6 ],
            "texture": "#all"
        },
        "up": {
            "uv": [ 6, 4, 7, 5 ],
            "texture": "#all"
        },
        "north": {
            "uv": [ 6, 4, 7, 6 ],
            "texture": "#all"
        },
        "south": {
            "uv": [ 6, 4, 7, 6 ],
            "texture": "#all"
        },
        "west": {
            "uv": [ 6, 4, 7, 6 ],
            "texture": "#all"
        },
        "east": {
            "uv": [ 6, 4, 7, 6 ],
            "texture": "#all"
        }
    }
},
{
    
    "from": [ 9, 13, 12 ],
    "to": [ 10, 15, 13 ],
    "faces": {
        "down": {
            "uv": [ 6, 1, 7, 2 ],
            "texture": "#all"
        },
        "up": {
            "uv": [ 6, 0, 7, 1 ],
            "texture": "#all"
        },
        "north": {
            "uv": [ 6, 0, 7, 2 ],
            "texture": "#all"
        },
        "south": {
            "uv": [ 6, 0, 7, 2 ],
            "texture": "#all"
        },
        "west": {
            "uv": [ 6, 0, 7, 2 ],
            "texture": "#all"
        },
        "east": {
            "uv": [ 6, 0, 7, 2 ],
            "texture": "#all"
        }
    }
},
{
    
    "from": [ 8, -1, 12 ],
    "to": [ 9, 14, 13 ],
    "faces": {
        "down": {
            "uv": [ 7, 15, 8, 16 ],
            "texture": "#all"
        },
        "up": {
            "uv": [ 7, 1, 8, 2 ],
            "texture": "#all"
        },
        "north": {
            "uv": [ 7, 1, 8, 16 ],
            "texture": "#all"
        },
        "south": {
            "uv": [ 7, 1, 8, 16 ],
            "texture": "#all"
        },
        "west": {
            "uv": [ 7, 1, 8, 16 ],
            "texture": "#all"
        },
        "east": {
            "uv": [ 7, 1, 8, 16 ],
            "texture": "#all"
        }
    }
},
{
    
    "from": [ 7, -1, 12 ],
    "to": [ 8, 12, 13 ],
    "faces": {
        "down": {
            "uv": [ 8, 15, 9, 16 ],
            "texture": "#all"
        },
        "up": {
            "uv": [ 8, 3, 9, 4 ],
            "texture": "#all"
        },
        "north": {
            "uv": [ 8, 3, 9, 16 ],
            "texture": "#all"
        },
        "south": {
            "uv": [ 8, 3, 9, 16 ],
            "texture": "#all"
        },
        "west": {
            "uv": [ 8, 3, 9, 16 ],
            "texture": "#all"
        },
        "east": {
            "uv": [ 8, 3, 9, 16 ],
            "texture": "#all"
        }
    }
},
{
    
    "from": [ 6, -1, 12 ],
    "to": [ 7, 11, 13 ],
    "faces": {
        "down": {
            "uv": [ 10, 15, 11, 16 ],
            "texture": "#all"
        },
        "up": {
            "uv": [ 9, 4, 10, 5 ],
            "texture": "#all"
        },
        "north": {
            "uv": [ 9, 4, 10, 16 ],
            "texture": "#all"
        },
        "south": {
            "uv": [ 9, 4, 10, 16 ],
            "texture": "#all"
        },
        "west": {
            "uv": [ 9, 4, 10, 16 ],
            "texture": "#all"
        },
        "east": {
            "uv": [ 9, 4, 10, 16 ],
            "texture": "#all"
        }
    }
},
{
    
    "from": [ 5, -1, 12 ],
    "to": [ 6, 10, 13 ],
    "faces": {
        "down": {
            "uv": [ 10, 15, 11, 16 ],
            "texture": "#all"
        },
        "up": {
            "uv": [ 10, 5, 11, 6 ],
            "texture": "#all"
        },
        "north": {
            "uv": [ 10, 5, 11, 16 ],
            "texture": "#all"
        },
        "south": {
            "uv": [ 10, 5, 11, 16 ],
            "texture": "#all"
        },
        "west": {
            "uv": [ 10, 5, 11, 16 ],
            "texture": "#all"
        },
        "east": {
            "uv": [ 10, 5, 11, 16 ],
            "texture": "#all"
        }
    }
},
{
    
    "from": [ 4, -1, 12 ],
    "to": [ 5, 12, 13 ],
    "faces": {
        "down": {
            "uv": [ 11, 15, 12, 16 ],
            "texture": "#all"
        },
        "up": {
            "uv": [ 11, 3, 12, 4 ],
            "texture": "#all"
        },
        "north": {
            "uv": [ 11, 3, 12, 16 ],
            "texture": "#all"
        },
        "south": {
            "uv": [ 11, 3, 12, 16 ],
            "texture": "#all"
        },
        "west": {
            "uv": [ 11, 3, 12, 16 ],
            "texture": "#all"
        },
        "east": {
            "uv": [ 11, 3, 12, 16 ],
            "texture": "#all"
        }
    }
},
{
    
    "from": [ 3, 12, 12 ],
    "to": [ 4, 14, 13 ],
    "faces": {
        "down": {
            "uv": [ 12, 2, 13, 3 ],
            "texture": "#all"
        },
        "up": {
            "uv": [ 12, 1, 13, 2 ],
            "texture": "#all"
        },
        "north": {
            "uv": [ 12, 1, 13, 3 ],
            "texture": "#all"
        },
        "south": {
            "uv": [ 12, 1, 13, 3 ],
            "texture": "#all"
        },
        "west": {
            "uv": [ 12, 1, 13, 3 ],
            "texture": "#all"
        },
        "east": {
            "uv": [ 12, 1, 13, 3 ],
            "texture": "#all"
        }
    }
},
{
    
    "from": [ 2, 11, 12 ],
    "to": [ 3, 13, 13 ],
    "faces": {
        "down": {
            "uv": [ 13, 3, 14, 4 ],
            "texture": "#all"
        },
        "up": {
            "uv": [ 13, 2, 14, 3 ],
            "texture": "#all"
        },
        "north": {
            "uv": [ 13, 2, 14, 4 ],
            "texture": "#all"
        },
        "south": {
            "uv": [ 13, 2, 14, 4 ],
            "texture": "#all"
        },
        "west": {
            "uv": [ 13, 2, 14, 4 ],
            "texture": "#all"
        },
        "east": {
            "uv": [ 13, 2, 14, 4 ],
            "texture": "#all"
        }
    }
},
{
    
    "from": [ 2, -1, 12 ],
    "to": [ 3, 9, 13 ],
    "faces": {
        "down": {
            "uv": [ 13, 15, 14, 16 ],
            "texture": "#all"
        },
        "up": {
            "uv": [ 13, 6, 14, 7 ],
            "texture": "#all"
        },
        "north": {
            "uv": [ 13, 6, 14, 16 ],
            "texture": "#all"
        },
        "south": {
            "uv": [ 13, 6, 14, 16 ],
            "texture": "#all"
        },
        "west": {
            "uv": [ 13, 6, 14, 16 ],
            "texture": "#all"
        },
        "east": {
            "uv": [ 13, 6, 14, 16 ],
            "texture": "#all"
        }
    }
},
{
    
    "from": [ 1, 9, 12 ],
    "to": [ 2, 11, 13 ],
    "faces": {
        "down": {
            "uv": [ 14, 5, 15, 6 ],
            "texture": "#all"
        },
        "up": {
            "uv": [ 14, 4, 15, 5 ],
            "texture": "#all"
        },
        "north": {
            "uv": [ 14, 4, 15, 6 ],
            "texture": "#all"
        },
        "south": {
            "uv": [ 14, 4, 15, 6 ],
            "texture": "#all"
        },
        "west": {
            "uv": [ 14, 4, 15, 6 ],
            "texture": "#all"
        },
        "east": {
            "uv": [ 14, 4, 15, 6 ],
            "texture": "#all"
        }
    }
},
{
    
    "from": [ 1, -1, 12 ],
    "to": [ 2, 8, 13 ],
    "faces": {
        "down": {
            "uv": [ 14, 15, 15, 16 ],
            "texture": "#all"
        },
        "up": {
            "uv": [ 14, 7, 15, 8 ],
            "texture": "#all"
        },
        "north": {
            "uv": [ 14, 7, 15, 16 ],
            "texture": "#all"
        },
        "south": {
            "uv": [ 14, 7, 15, 16 ],
            "texture": "#all"
        },
        "west": {
            "uv": [ 14, 7, 15, 16 ],
            "texture": "#all"
        },
        "east": {
            "uv": [ 14, 7, 15, 16 ],
            "texture": "#all"
        }
    }
},
{
    
    "from": [ 0, 8, 12 ],
    "to": [ 1, 10, 13 ],
    "faces": {
        "down": {
            "uv": [ 15, 6, 16, 7 ],
            "texture": "#all"
        },
        "up": {
            "uv": [ 15, 5, 16, 6 ],
            "texture": "#all"
        },
        "north": {
            "uv": [ 15, 5, 16, 7 ],
            "texture": "#all"
        },
        "south": {
            "uv": [ 15, 5, 16, 7 ],
            "texture": "#all"
        },
        "west": {
            "uv": [ 15, 5, 16, 7 ],
            "texture": "#all"
        },
        "east": {
            "uv": [ 15, 5, 16, 7 ],
            "texture": "#all"
        }
    }
},
{
    
    "from": [ 12, -1, 2 ],
    "to": [ 13, 13, 3 ],
    "faces": {
        "down": {
            "uv": [ 2, 15, 3, 16 ],
            "texture": "#all"
        },
        "up": {
            "uv": [ 2, 2, 3, 3 ],
            "texture": "#all"
        },
        "north": {
            "uv": [ 2, 2, 3, 16 ],
            "texture": "#all"
        },
        "south": {
            "uv": [ 2, 2, 3, 16 ],
            "texture": "#all"
        },
        "west": {
            "uv": [ 2, 2, 3, 16 ],
            "texture": "#all"
        },
        "east": {
            "uv": [ 2, 2, 3, 16 ],
            "texture": "#all"
        }
    }
},
{
    
    "from": [ 12, 12, 1 ],
    "to": [ 13, 14, 2 ],
    "faces": {
        "down": {
            "uv": [ 1, 2, 2, 3 ],
            "texture": "#all"
        },
        "up": {
            "uv": [ 1, 1, 2, 2 ],
            "texture": "#all"
        },
        "north": {
            "uv": [ 1, 1, 2, 3 ],
            "texture": "#all"
        },
        "south": {
            "uv": [ 1, 1, 2, 3 ],
            "texture": "#all"
        },
        "west": {
            "uv": [ 1, 1, 2, 3 ],
            "texture": "#all"
        },
        "east": {
            "uv": [ 1, 1, 2, 3 ],
            "texture": "#all"
        }
    }
},
{
    
    "from": [ 12, -1, 1 ],
    "to": [ 13, 9, 2 ],
    "faces": {
        "down": {
            "uv": [ 1, 15, 2, 16 ],
            "texture": "#all"
        },
        "up": {
            "uv": [ 1, 6, 2, 7 ],
            "texture": "#all"
        },
        "north": {
            "uv": [ 1, 6, 2, 16 ],
            "texture": "#all"
        },
        "south": {
            "uv": [ 1, 6, 2, 16 ],
            "texture": "#all"
        },
        "west": {
            "uv": [ 1, 6, 2, 16 ],
            "texture": "#all"
        },
        "east": {
            "uv": [ 1, 6, 2, 16 ],
            "texture": "#all"
        }
    }
},
{
    
    "from": [ 12, -1, 0 ],
    "to": [ 13, 10, 1 ],
    "faces": {
        "down": {
            "uv": [ 0, 15, 1, 16 ],
            "texture": "#all"
        },
        "up": {
            "uv": [ 0, 5, 1, 6 ],
            "texture": "#all"
        },
        "north": {
            "uv": [ 0, 5, 1, 16 ],
            "texture": "#all"
        },
        "south": {
            "uv": [ 0, 5, 1, 16 ],
            "texture": "#all"
        },
        "west": {
            "uv": [ 0, 5, 1, 16 ],
            "texture": "#all"
        },
        "east": {
            "uv": [ 0, 5, 1, 16 ],
            "texture": "#all"
        }
    }
},
{
    
    "from": [ 12, -1, 3 ],
    "to": [ 13, 11, 4 ],
    "faces": {
        "down": {
            "uv": [ 3, 15, 4, 16 ],
            "texture": "#all"
        },
        "up": {
            "uv": [ 3, 4, 4, 5 ],
            "texture": "#all"
        },
        "north": {
            "uv": [ 3, 4, 4, 16 ],
            "texture": "#all"
        },
        "south": {
            "uv": [ 3, 4, 4, 16 ],
            "texture": "#all"
        },
        "west": {
            "uv": [ 3, 4, 4, 16 ],
            "texture": "#all"
        },
        "east": {
            "uv": [ 3, 4, 4, 16 ],
            "texture": "#all"
        }
    }
},
{
    
    "from": [ 12, -1, 4 ],
    "to": [ 13, 10, 5 ],
    "faces": {
        "down": {
            "uv": [ 4, 15, 5, 16 ],
            "texture": "#all"
        },
        "up": {
            "uv": [ 4, 5, 5, 6 ],
            "texture": "#all"
        },
        "north": {
            "uv": [ 4, 5, 5, 16 ],
            "texture": "#all"
        },
        "south": {
            "uv": [ 4, 5, 5, 16 ],
            "texture": "#all"
        },
        "west": {
            "uv": [ 4, 5, 5, 16 ],
            "texture": "#all"
        },
        "east": {
            "uv": [ 4, 5, 5, 16 ],
            "texture": "#all"
        }
    }
},
{
    
    "from": [ 12, 10, 5 ],
    "to": [ 13, 12, 6 ],
    "faces": {
        "down": {
            "uv": [ 5, 4, 6, 5 ],
            "texture": "#all"
        },
        "up": {
            "uv": [ 5, 3, 6, 4 ],
            "texture": "#all"
        },
        "north": {
            "uv": [ 5, 3, 6, 5 ],
            "texture": "#all"
        },
        "south": {
            "uv": [ 5, 3, 6, 5 ],
            "texture": "#all"
        },
        "west": {
            "uv": [ 5, 3, 6, 5 ],
            "texture": "#all"
        },
        "east": {
            "uv": [ 5, 3, 6, 5 ],
            "texture": "#all"
        }
    }
},
{
    
    "from": [ 12, -1, 5 ],
    "to": [ 13, 9, 6 ],
    "faces": {
        "down": {
            "uv": [ 5, 15, 6, 16 ],
            "texture": "#all"
        },
        "up": {
            "uv": [ 5, 6, 6, 7 ],
            "texture": "#all"
        },
        "north": {
            "uv": [ 5, 6, 6, 16 ],
            "texture": "#all"
        },
        "south": {
            "uv": [ 5, 6, 6, 16 ],
            "texture": "#all"
        },
        "west": {
            "uv": [ 5, 6, 6, 16 ],
            "texture": "#all"
        },
        "east": {
            "uv": [ 5, 6, 6, 16 ],
            "texture": "#all"
        }
    }
},
{
    
    "from": [ 12, 9, 6 ],
    "to": [ 13, 11, 7 ],
    "faces": {
        "down": {
            "uv": [ 6, 5, 7, 6 ],
            "texture": "#all"
        },
        "up": {
            "uv": [ 6, 4, 7, 5 ],
            "texture": "#all"
        },
        "north": {
            "uv": [ 6, 4, 7, 6 ],
            "texture": "#all"
        },
        "south": {
            "uv": [ 6, 4, 7, 6 ],
            "texture": "#all"
        },
        "west": {
            "uv": [ 6, 4, 7, 6 ],
            "texture": "#all"
        },
        "east": {
            "uv": [ 6, 4, 7, 6 ],
            "texture": "#all"
        }
    }
},
{
    
    "from": [ 12, 13, 6 ],
    "to": [ 13, 15, 7 ],
    "faces": {
        "down": {
            "uv": [ 6, 1, 7, 2 ],
            "texture": "#all"
        },
        "up": {
            "uv": [ 6, 0, 7, 1 ],
            "texture": "#all"
        },
        "north": {
            "uv": [ 6, 0, 7, 2 ],
            "texture": "#all"
        },
        "south": {
            "uv": [ 6, 0, 7, 2 ],
            "texture": "#all"
        },
        "west": {
            "uv": [ 6, 0, 7, 2 ],
            "texture": "#all"
        },
        "east": {
            "uv": [ 6, 0, 7, 2 ],
            "texture": "#all"
        }
    }
},
{
    
    "from": [ 12, -1, 7 ],
    "to": [ 13, 14, 8 ],
    "faces": {
        "down": {
            "uv": [ 7, 15, 8, 16 ],
            "texture": "#all"
        },
        "up": {
            "uv": [ 7, 1, 8, 2 ],
            "texture": "#all"
        },
        "north": {
            "uv": [ 7, 1, 8, 16 ],
            "texture": "#all"
        },
        "south": {
            "uv": [ 7, 1, 8, 16 ],
            "texture": "#all"
        },
        "west": {
            "uv": [ 7, 1, 8, 16 ],
            "texture": "#all"
        },
        "east": {
            "uv": [ 7, 1, 8, 16 ],
            "texture": "#all"
        }
    }
},
{
    
    "from": [ 12, -1, 8 ],
    "to": [ 13, 12, 9 ],
    "faces": {
        "down": {
            "uv": [ 8, 15, 9, 16 ],
            "texture": "#all"
        },
        "up": {
            "uv": [ 8, 3, 9, 4 ],
            "texture": "#all"
        },
        "north": {
            "uv": [ 8, 3, 9, 16 ],
            "texture": "#all"
        },
        "south": {
            "uv": [ 8, 3, 9, 16 ],
            "texture": "#all"
        },
        "west": {
            "uv": [ 8, 3, 9, 16 ],
            "texture": "#all"
        },
        "east": {
            "uv": [ 8, 3, 9, 16 ],
            "texture": "#all"
        }
    }
},
{
    
    "from": [ 12, -1, 9 ],
    "to": [ 13, 11, 10 ],
    "faces": {
        "down": {
            "uv": [ 9, 15, 10, 16 ],
            "texture": "#all"
        },
        "up": {
            "uv": [ 9, 4, 10, 5 ],
            "texture": "#all"
        },
        "north": {
            "uv": [ 9, 4, 10, 16 ],
            "texture": "#all"
        },
        "south": {
            "uv": [ 9, 4, 10, 16 ],
            "texture": "#all"
        },
        "west": {
            "uv": [ 9, 4, 10, 16 ],
            "texture": "#all"
        },
        "east": {
            "uv": [ 9, 4, 10, 16 ],
            "texture": "#all"
        }
    }
},
{
    
    "from": [ 12, -1, 10 ],
    "to": [ 13, 10, 11 ],
    "faces": {
        "down": {
            "uv": [ 10, 15, 11, 16 ],
            "texture": "#all"
        },
        "up": {
            "uv": [ 10, 5, 11, 6 ],
            "texture": "#all"
        },
        "north": {
            "uv": [ 10, 5, 11, 16 ],
            "texture": "#all"
        },
        "south": {
            "uv": [ 10, 5, 11, 16 ],
            "texture": "#all"
        },
        "west": {
            "uv": [ 10, 5, 11, 16 ],
            "texture": "#all"
        },
        "east": {
            "uv": [ 10, 5, 11, 16 ],
            "texture": "#all"
        }
    }
},
{
    
    "from": [ 12, -1, 11 ],
    "to": [ 13, 12, 12 ],
    "faces": {
        "down": {
            "uv": [ 11, 15, 12, 16 ],
            "texture": "#all"
        },
        "up": {
            "uv": [ 11, 3, 12, 4 ],
            "texture": "#all"
        },
        "north": {
            "uv": [ 11, 3, 12, 16 ],
            "texture": "#all"
        },
        "south": {
            "uv": [ 11, 3, 12, 16 ],
            "texture": "#all"
        },
        "west": {
            "uv": [ 11, 3, 12, 16 ],
            "texture": "#all"
        },
        "east": {
            "uv": [ 11, 3, 12, 16 ],
            "texture": "#all"
        }
    }
},
{
    
    "from": [ 12, 12, 12 ],
    "to": [ 13, 14, 13 ],
    "faces": {
        "down": {
            "uv": [ 12, 2, 13, 3 ],
            "texture": "#all"
        },
        "up": {
            "uv": [ 12, 1, 13, 2 ],
            "texture": "#all"
        },
        "north": {
            "uv": [ 12, 1, 13, 3 ],
            "texture": "#all"
        },
        "south": {
            "uv": [ 12, 1, 13, 3 ],
            "texture": "#all"
        },
        "west": {
            "uv": [ 12, 1, 13, 3 ],
            "texture": "#all"
        },
        "east": {
            "uv": [ 12, 1, 13, 3 ],
            "texture": "#all"
        }
    }
},
{
    
    "from": [ 12, 11, 13 ],
    "to": [ 13, 13, 14 ],
    "faces": {
        "down": {
            "uv": [ 13, 3, 14, 4 ],
            "texture": "#all"
        },
        "up": {
            "uv": [ 13, 2, 14, 3 ],
            "texture": "#all"
        },
        "north": {
            "uv": [ 13, 2, 14, 4 ],
            "texture": "#all"
        },
        "south": {
            "uv": [ 13, 2, 14, 4 ],
            "texture": "#all"
        },
        "west": {
            "uv": [ 13, 2, 14, 4 ],
            "texture": "#all"
        },
        "east": {
            "uv": [ 13, 2, 14, 4 ],
            "texture": "#all"
        }
    }
},
{
    
    "from": [ 12, -1, 13 ],
    "to": [ 13, 9, 14 ],
    "faces": {
        "down": {
            "uv": [ 13, 15, 14, 16 ],
            "texture": "#all"
        },
        "up": {
            "uv": [ 13, 6, 14, 7 ],
            "texture": "#all"
        },
        "north": {
            "uv": [ 13, 6, 14, 16 ],
            "texture": "#all"
        },
        "south": {
            "uv": [ 13, 6, 14, 16 ],
            "texture": "#all"
        },
        "west": {
            "uv": [ 13, 6, 14, 16 ],
            "texture": "#all"
        },
        "east": {
            "uv": [ 13, 6, 14, 16 ],
            "texture": "#all"
        }
    }
},
{
    
    "from": [ 12, 9, 14 ],
    "to": [ 13, 11, 15 ],
    "faces": {
        "down": {
            "uv": [ 14, 5, 15, 6 ],
            "texture": "#all"
        },
        "up": {
            "uv": [ 14, 4, 15, 5 ],
            "texture": "#all"
        },
        "north": {
            "uv": [ 14, 4, 15, 6 ],
            "texture": "#all"
        },
        "south": {
            "uv": [ 14, 4, 15, 6 ],
            "texture": "#all"
        },
        "west": {
            "uv": [ 14, 4, 15, 6 ],
            "texture": "#all"
        },
        "east": {
            "uv": [ 14, 4, 15, 6 ],
            "texture": "#all"
        }
    }
},
{
    
    "from": [ 12, -1, 14 ],
    "to": [ 13, 8, 15 ],
    "faces": {
        "down": {
            "uv": [ 14, 15, 15, 16 ],
            "texture": "#all"
        },
        "up": {
            "uv": [ 14, 7, 15, 8 ],
            "texture": "#all"
        },
        "north": {
            "uv": [ 14, 7, 15, 16 ],
            "texture": "#all"
        },
        "south": {
            "uv": [ 14, 7, 15, 16 ],
            "texture": "#all"
        },
        "west": {
            "uv": [ 14, 7, 15, 16 ],
            "texture": "#all"
        },
        "east": {
            "uv": [ 14, 7, 15, 16 ],
            "texture": "#all"
        }
    }
},
{
    
    "from": [ 12, 8, 15 ],
    "to": [ 13, 10, 16 ],
    "faces": {
        "down": {
            "uv": [ 15, 6, 16, 7 ],
            "texture": "#all"
        },
        "up": {
            "uv": [ 15, 5, 16, 6 ],
            "texture": "#all"
        },
        "north": {
            "uv": [ 15, 5, 16, 7 ],
            "texture": "#all"
        },
        "south": {
            "uv": [ 15, 5, 16, 7 ],
            "texture": "#all"
        },
        "west": {
            "uv": [ 15, 5, 16, 7 ],
            "texture": "#all"
        },
        "east": {
            "uv": [ 15, 5, 16, 7 ],
            "texture": "#all"
        }
    }
}
]
}
