{
"__comment": "Designed by Glitcherdotbe with BDcraft Cubik PRO 0.95 Beta - http://bdcraft.net",
"textures": {
    "particle": "items/bow_texture1",
    "bow_texture1": "items/bow_texture1",
    "bow_texture2": "items/bow_texture2",
    "oak": "blocks/oak",
    "stone": "blocks/stone"
},
"elements": [ 
{
    "__comment": "Handle",
    "from": [ 8, 7.5, 6 ],
    "to": [ 9.5, 9, 10.5 ],
    "faces": {
        "down":  { "uv": [ 15.5, 13.5, 14, 9 ], "texture": "#bow_texture1" },
        "up":    { "uv": [ 14, 9, 15.5, 13.5 ], "texture": "#bow_texture1" },
        "north": { "uv": [ 14, 9, 15.5, 10.5 ], "texture": "#bow_texture1" },
        "south": { "uv": [ 14, 12, 15.5, 13.5 ], "texture": "#bow_texture1" },
        "west":  { "uv": [ 2.5, 14, 7, 15.5 ], "texture": "#bow_texture2" },
        "east":  { "uv": [ 2.5, 14, 7, 15.5 ], "texture": "#bow_texture2" }
    }
},
{
    "__comment": "Handle",
    "from": [ 7.5, 7, 3.5 ],
    "to": [ 10, 9.5, 6 ],
    "faces": {
        "down":  { "uv": [ 16, 9, 13.5, 6.5 ], "texture": "#bow_texture1" },
        "up":    { "uv": [ 13.5, 6.5, 16, 9 ], "texture": "#bow_texture1" },
        "north": { "uv": [ 13.5, 6.5, 16, 9 ], "texture": "#bow_texture1" },
        "south": { "uv": [ 13.5, 13.5, 16, 16 ], "texture": "#bow_texture1" },
        "west":  { "uv": [ 7, 13.5, 9.5, 16 ], "texture": "#bow_texture2" },
        "east":  { "uv": [ 0, 13.5, 2.5, 16 ], "texture": "#bow_texture2" }
    }
},
{
    "__comment": "Handle",
    "from": [ 7.5, 7, 10.5 ],
    "to": [ 10, 9.5, 13 ],
    "faces": {
        "down":  { "uv": [ 16, 16, 13.5, 13.5 ], "texture": "#bow_texture1" },
        "up":    { "uv": [ 13.5, 13.5, 16, 16 ], "texture": "#bow_texture1" },
        "north": { "uv": [ 13.5, 13.5, 16, 16 ], "texture": "#bow_texture1" },
        "south": { "uv": [ 13.5, 6.5, 16, 9 ], "texture": "#bow_texture1" },
        "west":  { "uv": [ 7, 13.5, 9.5, 16 ], "texture": "#bow_texture2" },
        "east":  { "uv": [ 0, 13.5, 2.5, 16 ], "texture": "#bow_texture2" }
    }
},
{
    "__comment": "Upper Part",
    "from": [ 8, 8, 1.5 ],
    "to": [ 9.5, 8.5, 3.5 ],
    "faces": {
        "down":  { "uv": [ 1.5, 7.5, 0, 5.5 ], "texture": "#bow_texture1" },
        "up":    { "uv": [ 0, 5.5, 1.5, 7.5 ], "texture": "#bow_texture1" },
        "north": { "uv": [ 0, 5.5, 1.5, 6 ], "texture": "#bow_texture1" },
        "south": { "uv": [ 0, 7, 1.5, 7.5 ], "texture": "#bow_texture1" },
        "west":  { "uv": [ 8.5, 0, 10.5, 0.5 ], "texture": "#bow_texture2" },
        "east":  { "uv": [ 8.5, 1, 10.5, 1.5 ], "texture": "#bow_texture2" }
    }
},
{
    "__comment": "Upper Part",
    "from": [ 8.5, 8, -0.5 ],
    "to": [ 10, 8.5, 1.5 ],
    "faces": {
        "down":  { "uv": [ 2, 5.5, 0.5, 3.5 ], "texture": "#bow_texture1" },
        "up":    { "uv": [ 0.5, 3.5, 2, 5.5 ], "texture": "#bow_texture1" },
        "north": { "uv": [ 0.5, 3.5, 2, 4 ], "texture": "#bow_texture1" },
        "south": { "uv": [ 0.5, 5, 2, 5.5 ], "texture": "#bow_texture1" },
        "west":  { "uv": [ 10.5, 0.5, 12.5, 1 ], "texture": "#bow_texture2" },
        "east":  { "uv": [ 10.5, 1.5, 12.5, 2 ], "texture": "#bow_texture2" }
    }
},
{
    "__comment": "Upper Part",
    "from": [ 9, 8, -1.5 ],
    "to": [ 10.5, 8.5, -0.5 ],
    "faces": {
        "down":  { "uv": [ 2.5, 3.5, 1, 2.5 ], "texture": "#bow_texture1" },
        "up":    { "uv": [ 1, 2.5, 2.5, 3.5 ], "texture": "#bow_texture1" },
        "north": { "uv": [ 1, 2.5, 2.5, 3 ], "texture": "#bow_texture1" },
        "south": { "uv": [ 1, 3, 2.5, 3.5 ], "texture": "#bow_texture1" },
        "west":  { "uv": [ 12.5, 1, 13.5, 1.5 ], "texture": "#bow_texture2" },
        "east":  { "uv": [ 12.5, 2, 13.5, 2.5 ], "texture": "#bow_texture2" }
    }
},
{
    "__comment": "Upper Part",
    "from": [ 9.5, 8, -2.5 ],
    "to": [ 11, 8.5, -1.5 ],
    "faces": {
        "down":  { "uv": [ 3, 2.5, 1.5, 1.5 ], "texture": "#bow_texture1" },
        "up":    { "uv": [ 1.5, 1.5, 3, 2.5 ], "texture": "#bow_texture1" },
        "north": { "uv": [ 1.5, 2, 3, 2.5 ], "texture": "#bow_texture1" },
        "south": { "uv": [ 1, 1.5, 2.5, 2 ], "texture": "#bow_texture1" },
        "west":  { "uv": [ 13.5, 1.5, 14.5, 2 ], "texture": "#bow_texture2" },
        "east":  { "uv": [ 13.5, 2.5, 14.5, 3 ], "texture": "#bow_texture2" }
    }
},
{
    "__comment": "Upper Part",
    "from": [ 10, 8, -3 ],
    "to": [ 11.5, 8.5, -2.5 ],
    "faces": {
        "down":  { "uv": [ 3.5, 1.5, 2, 1 ], "texture": "#bow_texture1" },
        "up":    { "uv": [ 2, 1, 3.5, 1.5 ], "texture": "#bow_texture1" },
        "north": { "uv": [ 2, 1, 3.5, 1.5 ], "texture": "#bow_texture1" },
        "south": { "uv": [ 2, 1, 3.5, 1.5 ], "texture": "#bow_texture1" },
        "west":  { "uv": [ 14.5, 2, 15, 2.5 ], "texture": "#bow_texture2" },
        "east":  { "uv": [ 14, 2.5, 14.5, 3 ], "texture": "#bow_texture2" }
    }
},
{
    "__comment": "Upper Part",
    "from": [ 10.5, 8, -3.5 ],
    "to": [ 12, 8.5, -3 ],
    "faces": {
        "down":  { "uv": [ 4, 1, 2.5, 0.5 ], "texture": "#bow_texture1" },
        "up":    { "uv": [ 2.5, 0.5, 4, 1 ], "texture": "#bow_texture1" },
        "north": { "uv": [ 2.5, 0.5, 4, 1 ], "texture": "#bow_texture1" },
        "south": { "uv": [ 2.5, 0.5, 4, 1 ], "texture": "#bow_texture1" },
        "west":  { "uv": [ 15, 2.5, 15.5, 3 ], "texture": "#bow_texture2" },
        "east":  { "uv": [ 15, 3.5, 15.5, 4 ], "texture": "#bow_texture2" }
    }
},
{
    "__comment": "Upper Part",
    "from": [ 11, 8, -4 ],
    "to": [ 12.5, 8.5, -3.5 ],
    "faces": {
        "down":  { "uv": [ 4.5, 0.5, 3, 0 ], "texture": "#bow_texture1" },
        "up":    { "uv": [ 3, 0, 4.5, 0.5 ], "texture": "#bow_texture1" },
        "north": { "uv": [ 3, 0, 4.5, 0.5 ], "texture": "#bow_texture1" },
        "south": { "uv": [ 3, 0, 4.5, 0.5 ], "texture": "#bow_texture1" },
        "west":  { "uv": [ 15.5, 3, 16, 3.5 ], "texture": "#bow_texture2" },
        "east":  { "uv": [ 15.5, 4, 16, 4.5 ], "texture": "#bow_texture2" }
    }
},
{
    "__comment": "Lower Part",
    "from": [ 8, 8, 13 ],
    "to": [ 9.5, 8.5, 15 ],
    "faces": {
        "down":  { "uv": [ 1.5, 10.5, 0, 8.5 ], "texture": "#bow_texture1" },
        "up":    { "uv": [ 0, 8.5, 1.5, 10.5 ], "texture": "#bow_texture1" },
        "north": { "uv": [ 0, 8.5, 1.5, 9 ], "texture": "#bow_texture1" },
        "south": { "uv": [ 0, 10, 1.5, 10.5 ], "texture": "#bow_texture1" },
        "west":  { "uv": [ 5.5, 0, 7.5, 0.5 ], "texture": "#bow_texture2" },
        "east":  { "uv": [ 5.5, 1, 7.5, 1.5 ], "texture": "#bow_texture2" }
    }
},
{
    "__comment": "Lower Part",
    "from": [ 8.5, 8, 15 ],
    "to": [ 10, 8.5, 17 ],
    "faces": {
        "down":  { "uv": [ 2, 12.5, 0.5, 10.5 ], "texture": "#bow_texture1" },
        "up":    { "uv": [ 0.5, 10.5, 2, 12.5 ], "texture": "#bow_texture1" },
        "north": { "uv": [ 0.5, 10.5, 2, 11 ], "texture": "#bow_texture1" },
        "south": { "uv": [ 0.5, 12, 2, 12.5 ], "texture": "#bow_texture1" },
        "west":  { "uv": [ 3.5, 0.5, 5.5, 1 ], "texture": "#bow_texture2" },
        "east":  { "uv": [ 3.5, 1.5, 5.5, 2 ], "texture": "#bow_texture2" }
    }
},
{
    "__comment": "Lower Part",
    "from": [ 9, 8, 17 ],
    "to": [ 10.5, 8.5, 18 ],
    "faces": {
        "down":  { "uv": [ 2.5, 13.5, 1, 12.5 ], "texture": "#bow_texture1" },
        "up":    { "uv": [ 1, 12.5, 2.5, 13.5 ], "texture": "#bow_texture1" },
        "north": { "uv": [ 1, 12.5, 2.5, 13 ], "texture": "#bow_texture1" },
        "south": { "uv": [ 1, 13, 2.5, 13.5 ], "texture": "#bow_texture1" },
        "west":  { "uv": [ 2.5, 1, 3.5, 1.5 ], "texture": "#bow_texture2" },
        "east":  { "uv": [ 2.5, 2, 3.5, 2.5 ], "texture": "#bow_texture2" }
    }
},
{
    "__comment": "Lower Part",
    "from": [ 9.5, 8, 18 ],
    "to": [ 11, 8.5, 19 ],
    "faces": {
        "down":  { "uv": [ 3, 14.5, 1.5, 13.5 ], "texture": "#bow_texture1" },
        "up":    { "uv": [ 1.5, 13.5, 3, 14.5 ], "texture": "#bow_texture1" },
        "north": { "uv": [ 1.5, 13.5, 3, 14 ], "texture": "#bow_texture1" },
        "south": { "uv": [ 1.5, 14, 3, 14.5 ], "texture": "#bow_texture1" },
        "west":  { "uv": [ 1.5, 1.5, 2.5, 2 ], "texture": "#bow_texture2" },
        "east":  { "uv": [ 1.5, 2.5, 2.5, 3 ], "texture": "#bow_texture2" }
    }
},
{
    "__comment": "Lower Part",
    "from": [ 10, 8, 19 ],
    "to": [ 11.5, 8.5, 19.5 ],
    "faces": {
        "down":  { "uv": [ 4, 15.5, 2.5, 15 ], "texture": "#bow_texture1" },
        "up":    { "uv": [ 2.5, 15, 4, 15.5 ], "texture": "#bow_texture1" },
        "north": { "uv": [ 2.5, 15, 4, 15.5 ], "texture": "#bow_texture1" },
        "south": { "uv": [ 2.5, 15, 4, 15.5 ], "texture": "#bow_texture1" },
        "west":  { "uv": [ 1, 2, 1.5, 2.5 ], "texture": "#bow_texture2" },
        "east":  { "uv": [ 1.5, 2.5, 2, 3 ], "texture": "#bow_texture2" }
    }
},
{
    "__comment": "Lower Part",
    "from": [ 10.5, 8, 19.5 ],
    "to": [ 12, 8.5, 20 ],
    "faces": {
        "down":  { "uv": [ 4.5, 16, 3, 15.5 ], "texture": "#bow_texture1" },
        "up":    { "uv": [ 3, 15.5, 4.5, 16 ], "texture": "#bow_texture1" },
        "north": { "uv": [ 3, 15.5, 4.5, 16 ], "texture": "#bow_texture1" },
        "south": { "uv": [ 3, 15.5, 4.5, 16 ], "texture": "#bow_texture1" },
        "west":  { "uv": [ 1, 2, 1.5, 2.5 ], "texture": "#bow_texture2" },
        "east":  { "uv": [ 1.5, 2.5, 2, 3 ], "texture": "#bow_texture2" }
    }
},
{
    "__comment": "Upper Part",
    "from": [ 11, 8.5, -3.5 ],
    "to": [ 11.5, 8.75, -3 ],
    "faces": {
        "down":  { "uv": [ 3.5, 1, 3, 0.5 ], "texture": "#bow_texture1" },
        "up":    { "uv": [ 3, 0.5, 3.5, 1 ], "texture": "#bow_texture1" },
        "north": { "uv": [ 3, 0.5, 3.5, 1 ], "texture": "#bow_texture1" },
        "south": { "uv": [ 3, 0.5, 3.5, 1 ], "texture": "#bow_texture1" },
        "west":  { "uv": [ 15, 3, 15.5, 3.5 ], "texture": "#bow_texture2" },
        "east":  { "uv": [ 15, 3, 15.5, 3.5 ], "texture": "#bow_texture2" }
    }
},
{
    "__comment": "Upper Part",
    "from": [ 10.5, 8.5, -3 ],
    "to": [ 11, 8.75, -2.5 ],
    "faces": {
        "down":  { "uv": [ 3, 1.5, 2.5, 1 ], "texture": "#bow_texture1" },
        "up":    { "uv": [ 2.5, 1, 3, 1.5 ], "texture": "#bow_texture1" },
        "north": { "uv": [ 2.5, 1, 3, 1.5 ], "texture": "#bow_texture1" },
        "south": { "uv": [ 2.5, 1, 3, 1.5 ], "texture": "#bow_texture1" },
        "west":  { "uv": [ 14, 2, 14.5, 2.5 ], "texture": "#bow_texture2" },
        "east":  { "uv": [ 14, 2, 14.5, 2.5 ], "texture": "#bow_texture2" }
    }
},
{
    "__comment": "Upper Part",
    "from": [ 10, 8.5, -2.5 ],
    "to": [ 10.5, 8.75, -1.5 ],
    "faces": {
        "down":  { "uv": [ 2.5, 2.5, 2, 1.5 ], "texture": "#bow_texture1" },
        "up":    { "uv": [ 2, 1.5, 2.5, 2.5 ], "texture": "#bow_texture1" },
        "north": { "uv": [ 2, 1.5, 2.5, 2 ], "texture": "#bow_texture1" },
        "south": { "uv": [ 2, 2, 2.5, 2.5 ], "texture": "#bow_texture1" },
        "west":  { "uv": [ 13.5, 2, 14.5, 2.5 ], "texture": "#bow_texture2" },
        "east":  { "uv": [ 13.5, 2, 14.5, 2.5 ], "texture": "#bow_texture2" }
    }
},
{
    "__comment": "Upper Part",
    "from": [ 9.5, 8.5, -1.5 ],
    "to": [ 10, 8.75, -0.5 ],
    "faces": {
        "down":  { "uv": [ 2, 3.5, 1.5, 2.5 ], "texture": "#bow_texture1" },
        "up":    { "uv": [ 1.5, 2.5, 2, 3.5 ], "texture": "#bow_texture1" },
        "north": { "uv": [ 1.5, 2.5, 2, 3 ], "texture": "#bow_texture1" },
        "south": { "uv": [ 1.5, 3, 2, 3.5 ], "texture": "#bow_texture1" },
        "west":  { "uv": [ 12.5, 1.5, 13.5, 2 ], "texture": "#bow_texture2" },
        "east":  { "uv": [ 12.5, 1.5, 13.5, 2 ], "texture": "#bow_texture2" }
    }
},
{
    "__comment": "Upper Part",
    "from": [ 9, 8.5, -0.5 ],
    "to": [ 9.5, 8.75, 1.5 ],
    "faces": {
        "down":  { "uv": [ 1, 5.5, 1.5, 3.5 ], "texture": "#bow_texture1" },
        "up":    { "uv": [ 1, 3.5, 1.5, 5.5 ], "texture": "#bow_texture1" },
        "north": { "uv": [ 1, 3.5, 1.5, 4 ], "texture": "#bow_texture1" },
        "south": { "uv": [ 1, 5, 1.5, 5.5 ], "texture": "#bow_texture1" },
        "west":  { "uv": [ 10.5, 1, 12.5, 1.5 ], "texture": "#bow_texture2" },
        "east":  { "uv": [ 10.5, 1, 12.5, 1.5 ], "texture": "#bow_texture2" }
    }
},
{
    "__comment": "Upper Part",
    "from": [ 8.5, 8.5, 1.5 ],
    "to": [ 9, 8.75, 3.5 ],
    "faces": {
        "down":  { "uv": [ 1, 7.5, 0.5, 5.5 ], "texture": "#bow_texture1" },
        "up":    { "uv": [ 0.5, 5.5, 1, 7.5 ], "texture": "#bow_texture1" },
        "north": { "uv": [ 0.5, 5.5, 1, 6 ], "texture": "#bow_texture1" },
        "south": { "uv": [ 0.5, 7, 1, 7.5 ], "texture": "#bow_texture1" },
        "west":  { "uv": [ 8.5, 0, 10.5, 0.5 ], "texture": "#bow_texture2" },
        "east":  { "uv": [ 8.5, 1, 10.5, 1.5 ], "texture": "#bow_texture2" }
    }
},
{
    "__comment": "Upper Part",
    "from": [ 8.5, 7.75, 1.5 ],
    "to": [ 9, 8, 3.5 ],
    "faces": {
        "down":  { "uv": [ 1, 7.5, 0.5, 5.5 ], "texture": "#bow_texture1" },
        "up":    { "uv": [ 0.5, 5.5, 1, 7.5 ], "texture": "#bow_texture1" },
        "north": { "uv": [ 0.5, 5.5, 1, 6 ], "texture": "#bow_texture1" },
        "south": { "uv": [ 0.5, 7, 1, 7.5 ], "texture": "#bow_texture1" },
        "west":  { "uv": [ 8.5, 0, 10.5, 0.5 ], "texture": "#bow_texture2" },
        "east":  { "uv": [ 8.5, 1, 10.5, 1.5 ], "texture": "#bow_texture2" }
    }
},
{
    "__comment": "Upper Part",
    "from": [ 9, 7.75, -0.5 ],
    "to": [ 9.5, 8, 1.5 ],
    "faces": {
        "down":  { "uv": [ 1, 5.5, 1.5, 3.5 ], "texture": "#bow_texture1" },
        "up":    { "uv": [ 1, 3.5, 1.5, 5.5 ], "texture": "#bow_texture1" },
        "north": { "uv": [ 1, 3.5, 1.5, 4 ], "texture": "#bow_texture1" },
        "south": { "uv": [ 1, 5, 1.5, 5.5 ], "texture": "#bow_texture1" },
        "west":  { "uv": [ 10.5, 1, 12.5, 1.5 ], "texture": "#bow_texture2" },
        "east":  { "uv": [ 10.5, 1, 12.5, 1.5 ], "texture": "#bow_texture2" }
    }
},
{
    "__comment": "Upper Part",
    "from": [ 9.5, 7.75, -1.5 ],
    "to": [ 10, 8, -0.5 ],
    "faces": {
        "down":  { "uv": [ 2, 3.5, 1.5, 2.5 ], "texture": "#bow_texture1" },
        "up":    { "uv": [ 1.5, 2.5, 2, 3.5 ], "texture": "#bow_texture1" },
        "north": { "uv": [ 1.5, 2.5, 2, 3 ], "texture": "#bow_texture1" },
        "south": { "uv": [ 1.5, 3, 2, 3.5 ], "texture": "#bow_texture1" },
        "west":  { "uv": [ 12.5, 1.5, 13.5, 2 ], "texture": "#bow_texture2" },
        "east":  { "uv": [ 12.5, 1.5, 13.5, 2 ], "texture": "#bow_texture2" }
    }
},
{
    "__comment": "Upper Part",
    "from": [ 10, 7.75, -2.5 ],
    "to": [ 10.5, 8, -1.5 ],
    "faces": {
        "down":  { "uv": [ 2.5, 2.5, 2, 1.5 ], "texture": "#bow_texture1" },
        "up":    { "uv": [ 2, 1.5, 2.5, 2.5 ], "texture": "#bow_texture1" },
        "north": { "uv": [ 2, 1.5, 2.5, 2 ], "texture": "#bow_texture1" },
        "south": { "uv": [ 2, 2, 2.5, 2.5 ], "texture": "#bow_texture1" },
        "west":  { "uv": [ 13.5, 2, 14.5, 2.5 ], "texture": "#bow_texture2" },
        "east":  { "uv": [ 13.5, 2, 14.5, 2.5 ], "texture": "#bow_texture2" }
    }
},
{
    "__comment": "Upper Part",
    "from": [ 10.5, 7.75, -3 ],
    "to": [ 11, 8, -2.5 ],
    "faces": {
        "down":  { "uv": [ 3, 1.5, 2.5, 1 ], "texture": "#bow_texture1" },
        "up":    { "uv": [ 2.5, 1, 3, 1.5 ], "texture": "#bow_texture1" },
        "north": { "uv": [ 2.5, 1, 3, 1.5 ], "texture": "#bow_texture1" },
        "south": { "uv": [ 2.5, 1, 3, 1.5 ], "texture": "#bow_texture1" },
        "west":  { "uv": [ 14, 2, 14.5, 2.5 ], "texture": "#bow_texture2" },
        "east":  { "uv": [ 14, 2, 14.5, 2.5 ], "texture": "#bow_texture2" }
    }
},
{
    "__comment": "Upper Part",
    "from": [ 11, 7.75, -3.5 ],
    "to": [ 11.5, 8, -3 ],
    "faces": {
        "down":  { "uv": [ 3.5, 1, 3, 0.5 ], "texture": "#bow_texture1" },
        "up":    { "uv": [ 3, 0.5, 3.5, 1 ], "texture": "#bow_texture1" },
        "north": { "uv": [ 3, 0.5, 3.5, 1 ], "texture": "#bow_texture1" },
        "south": { "uv": [ 3, 0.5, 3.5, 1 ], "texture": "#bow_texture1" },
        "west":  { "uv": [ 15, 3, 15.5, 3.5 ], "texture": "#bow_texture2" },
        "east":  { "uv": [ 15, 3, 15.5, 3.5 ], "texture": "#bow_texture2" }
    }
},
{
    "__comment": "Lower Part",
    "from": [ 8.5, 8.5, 13 ],
    "to": [ 9, 8.75, 15 ],
    "faces": {
        "down":  { "uv": [ 1, 7.5, 0.5, 5.5 ], "texture": "#bow_texture1" },
        "up":    { "uv": [ 0.5, 5.5, 1, 7.5 ], "texture": "#bow_texture1" },
        "north": { "uv": [ 0.5, 5.5, 1, 6 ], "texture": "#bow_texture1" },
        "south": { "uv": [ 0.5, 7, 1, 7.5 ], "texture": "#bow_texture1" },
        "west":  { "uv": [ 8.5, 0, 10.5, 0.5 ], "texture": "#bow_texture2" },
        "east":  { "uv": [ 8.5, 1, 10.5, 1.5 ], "texture": "#bow_texture2" }
    }
},
{
    "__comment": "Lower Part",
    "from": [ 9, 8.5, 15 ],
    "to": [ 9.5, 8.75, 17 ],
    "faces": {
        "down":  { "uv": [ 1, 5.5, 1.5, 3.5 ], "texture": "#bow_texture1" },
        "up":    { "uv": [ 1, 3.5, 1.5, 5.5 ], "texture": "#bow_texture1" },
        "north": { "uv": [ 1, 3.5, 1.5, 4 ], "texture": "#bow_texture1" },
        "south": { "uv": [ 1, 5, 1.5, 5.5 ], "texture": "#bow_texture1" },
        "west":  { "uv": [ 10.5, 1, 12.5, 1.5 ], "texture": "#bow_texture2" },
        "east":  { "uv": [ 10.5, 1, 12.5, 1.5 ], "texture": "#bow_texture2" }
    }
},
{
    "__comment": "Lower Part",
    "from": [ 9.5, 8.5, 17 ],
    "to": [ 10, 8.75, 18 ],
    "faces": {
        "down":  { "uv": [ 2, 3.5, 1.5, 2.5 ], "texture": "#bow_texture1" },
        "up":    { "uv": [ 1.5, 2.5, 2, 3.5 ], "texture": "#bow_texture1" },
        "north": { "uv": [ 1.5, 2.5, 2, 3 ], "texture": "#bow_texture1" },
        "south": { "uv": [ 1.5, 3, 2, 3.5 ], "texture": "#bow_texture1" },
        "west":  { "uv": [ 12.5, 1.5, 13.5, 2 ], "texture": "#bow_texture2" },
        "east":  { "uv": [ 12.5, 1.5, 13.5, 2 ], "texture": "#bow_texture2" }
    }
},
{
    "__comment": "Lower Part",
    "from": [ 10, 8.5, 18 ],
    "to": [ 10.5, 8.75, 19 ],
    "faces": {
        "down":  { "uv": [ 2.5, 2.5, 2, 1.5 ], "texture": "#bow_texture1" },
        "up":    { "uv": [ 2, 1.5, 2.5, 2.5 ], "texture": "#bow_texture1" },
        "north": { "uv": [ 2, 1.5, 2.5, 2 ], "texture": "#bow_texture1" },
        "south": { "uv": [ 2, 2, 2.5, 2.5 ], "texture": "#bow_texture1" },
        "west":  { "uv": [ 13.5, 2, 14.5, 2.5 ], "texture": "#bow_texture2" },
        "east":  { "uv": [ 13.5, 2, 14.5, 2.5 ], "texture": "#bow_texture2" }
    }
},
{
    "__comment": "Lower Part",
    "from": [ 10.5, 8.5, 19 ],
    "to": [ 11, 8.75, 19.5 ],
    "faces": {
        "down":  { "uv": [ 3, 1.5, 2.5, 1 ], "texture": "#bow_texture1" },
        "up":    { "uv": [ 2.5, 1, 3, 1.5 ], "texture": "#bow_texture1" },
        "north": { "uv": [ 2.5, 1, 3, 1.5 ], "texture": "#bow_texture1" },
        "south": { "uv": [ 2.5, 1, 3, 1.5 ], "texture": "#bow_texture1" },
        "west":  { "uv": [ 14, 2, 14.5, 2.5 ], "texture": "#bow_texture2" },
        "east":  { "uv": [ 14, 2, 14.5, 2.5 ], "texture": "#bow_texture2" }
    }
},
{
    "__comment": "Lower Part",
    "from": [ 11, 8.5, 19.5 ],
    "to": [ 11.5, 8.75, 20 ],
    "faces": {
        "down":  { "uv": [ 3.5, 1, 3, 0.5 ], "texture": "#bow_texture1" },
        "up":    { "uv": [ 3, 0.5, 3.5, 1 ], "texture": "#bow_texture1" },
        "north": { "uv": [ 3, 0.5, 3.5, 1 ], "texture": "#bow_texture1" },
        "south": { "uv": [ 3, 0.5, 3.5, 1 ], "texture": "#bow_texture1" },
        "west":  { "uv": [ 15, 3, 15.5, 3.5 ], "texture": "#bow_texture2" },
        "east":  { "uv": [ 15, 3, 15.5, 3.5 ], "texture": "#bow_texture2" }
    }
},
{
    "__comment": "Lower Part",
    "from": [ 11, 8, 20 ],
    "to": [ 12.5, 8.5, 20.5 ],
    "faces": {
        "down":  { "uv": [ 4.5, 0.5, 3, 0 ], "texture": "#bow_texture1" },
        "up":    { "uv": [ 3, 0, 4.5, 0.5 ], "texture": "#bow_texture1" },
        "north": { "uv": [ 3, 0, 4.5, 0.5 ], "texture": "#bow_texture1" },
        "south": { "uv": [ 3, 0, 4.5, 0.5 ], "texture": "#bow_texture1" },
        "west":  { "uv": [ 15.5, 3, 16, 3.5 ], "texture": "#bow_texture2" },
        "east":  { "uv": [ 15.5, 4, 16, 4.5 ], "texture": "#bow_texture2" }
    }
},
{
    "__comment": "Lower Part",
    "from": [ 11, 7.75, 19.5 ],
    "to": [ 11.5, 8, 20 ],
    "faces": {
        "down":  { "uv": [ 3.5, 1, 3, 0.5 ], "texture": "#bow_texture1" },
        "up":    { "uv": [ 3, 0.5, 3.5, 1 ], "texture": "#bow_texture1" },
        "north": { "uv": [ 3, 0.5, 3.5, 1 ], "texture": "#bow_texture1" },
        "south": { "uv": [ 3, 0.5, 3.5, 1 ], "texture": "#bow_texture1" },
        "west":  { "uv": [ 15, 3, 15.5, 3.5 ], "texture": "#bow_texture2" },
        "east":  { "uv": [ 15, 3, 15.5, 3.5 ], "texture": "#bow_texture2" }
    }
},
{
    "__comment": "Lower Part",
    "from": [ 10.5, 7.75, 19 ],
    "to": [ 11, 8, 19.5 ],
    "faces": {
        "down":  { "uv": [ 3, 1.5, 2.5, 1 ], "texture": "#bow_texture1" },
        "up":    { "uv": [ 2.5, 1, 3, 1.5 ], "texture": "#bow_texture1" },
        "north": { "uv": [ 2.5, 1, 3, 1.5 ], "texture": "#bow_texture1" },
        "south": { "uv": [ 2.5, 1, 3, 1.5 ], "texture": "#bow_texture1" },
        "west":  { "uv": [ 14, 2, 14.5, 2.5 ], "texture": "#bow_texture2" },
        "east":  { "uv": [ 14, 2, 14.5, 2.5 ], "texture": "#bow_texture2" }
    }
},
{
    "__comment": "Lower Part",
    "from": [ 10, 7.75, 18 ],
    "to": [ 10.5, 8, 19 ],
    "faces": {
        "down":  { "uv": [ 2.5, 2.5, 2, 1.5 ], "texture": "#bow_texture1" },
        "up":    { "uv": [ 2, 1.5, 2.5, 2.5 ], "texture": "#bow_texture1" },
        "north": { "uv": [ 2, 1.5, 2.5, 2 ], "texture": "#bow_texture1" },
        "south": { "uv": [ 2, 2, 2.5, 2.5 ], "texture": "#bow_texture1" },
        "west":  { "uv": [ 13.5, 2, 14.5, 2.5 ], "texture": "#bow_texture2" },
        "east":  { "uv": [ 13.5, 2, 14.5, 2.5 ], "texture": "#bow_texture2" }
    }
},
{
    "__comment": "Lower Part",
    "from": [ 9.5, 7.75, 17 ],
    "to": [ 10, 8, 18 ],
    "faces": {
        "down":  { "uv": [ 2, 3.5, 1.5, 2.5 ], "texture": "#bow_texture1" },
        "up":    { "uv": [ 1.5, 2.5, 2, 3.5 ], "texture": "#bow_texture1" },
        "north": { "uv": [ 1.5, 2.5, 2, 3 ], "texture": "#bow_texture1" },
        "south": { "uv": [ 1.5, 3, 2, 3.5 ], "texture": "#bow_texture1" },
        "west":  { "uv": [ 12.5, 1.5, 13.5, 2 ], "texture": "#bow_texture2" },
        "east":  { "uv": [ 12.5, 1.5, 13.5, 2 ], "texture": "#bow_texture2" }
    }
},
{
    "__comment": "Lower Part",
    "from": [ 9, 7.75, 15 ],
    "to": [ 9.5, 8, 17 ],
    "faces": {
        "down":  { "uv": [ 1, 5.5, 1.5, 3.5 ], "texture": "#bow_texture1" },
        "up":    { "uv": [ 1, 3.5, 1.5, 5.5 ], "texture": "#bow_texture1" },
        "north": { "uv": [ 1, 3.5, 1.5, 4 ], "texture": "#bow_texture1" },
        "south": { "uv": [ 1, 5, 1.5, 5.5 ], "texture": "#bow_texture1" },
        "west":  { "uv": [ 10.5, 1, 12.5, 1.5 ], "texture": "#bow_texture2" },
        "east":  { "uv": [ 10.5, 1, 12.5, 1.5 ], "texture": "#bow_texture2" }
    }
},
{
    "__comment": "Lower Part",
    "from": [ 8.5, 7.75, 13 ],
    "to": [ 9, 8, 15 ],
    "faces": {
        "down":  { "uv": [ 1, 7.5, 0.5, 5.5 ], "texture": "#bow_texture1" },
        "up":    { "uv": [ 0.5, 5.5, 1, 7.5 ], "texture": "#bow_texture1" },
        "north": { "uv": [ 0.5, 5.5, 1, 6 ], "texture": "#bow_texture1" },
        "south": { "uv": [ 0.5, 7, 1, 7.5 ], "texture": "#bow_texture1" },
        "west":  { "uv": [ 8.5, 0, 10.5, 0.5 ], "texture": "#bow_texture2" },
        "east":  { "uv": [ 8.5, 1, 10.5, 1.5 ], "texture": "#bow_texture2" }
    }
},
{
    "__comment": "String",
    "from": [ 12, 8, -3.5 ],
    "to": [ 12.5, 8.5, -2.5 ],
    "faces": {
        "down":  { "uv": [ 4.5, 1, 4, 0.5 ], "texture": "#bow_texture1" },
        "up":    { "uv": [ 4, 1, 4.5, 1.5 ], "texture": "#bow_texture1" },
        "north": { "uv": [ 4, 0.5, 4.5, 1 ], "texture": "#bow_texture1" },
        "south": { "uv": [ 4, 0.5, 4.5, 1 ], "texture": "#bow_texture1" },
        "west":  { "uv": [ 4, 0.5, 4.5, 1 ], "texture": "#bow_texture1" },
        "east":  { "uv": [ 4, 0.5, 4.5, 1 ], "texture": "#bow_texture1" }
    }
},
{
    "__comment": "Arrow",
    "from": [ 5, 8, 8 ],
    "to": [ 17, 8.5, 8.5 ],
    "faces": {
        "down":  { "uv": [ 16, 5.5, 8, 5 ], "texture": "#oak" },
        "up":    { "uv": [ 8, 0.5, 16, 1 ], "texture": "#oak" },
        "north": { "uv": [ 8, 1.5, 16, 2 ], "texture": "#oak" },
        "south": { "uv": [ 8, 2, 16, 2.5 ], "texture": "#oak" },
        "west":  { "uv": [ 9, 9, 9.5, 9.5 ], "texture": "#oak" },
        "east":  { "uv": [ 8.5, 8.5, 9, 9 ], "texture": "#oak" }
    }
},
{
    "__comment": "Arrow",
    "from": [ 3.5, 8, 8 ],
    "to": [ 5, 8.5, 8.5 ],
    "faces": {
        "down":  { "uv": [ 12.5, 8.5, 11, 8 ], "texture": "#stone" },
        "up":    { "uv": [ 3.5, 8, 5, 8.5 ], "texture": "#stone" },
        "north": { "uv": [ 11, 7.5, 12.5, 8 ], "texture": "#stone" },
        "south": { "uv": [ 3.5, 7.5, 5, 8 ], "texture": "#stone" },
        "west":  { "uv": [ 8, 7.5, 8.5, 8 ], "texture": "#stone" },
        "east":  { "uv": [ 7.5, 7.5, 8, 8 ], "texture": "#stone" }
    }
},
{
    "__comment": "Arrow",
    "from": [ 4.5, 8, 7.5 ],
    "to": [ 6, 8.5, 8 ],
    "faces": {
        "down":  { "uv": [ 11.5, 8, 10, 7.5 ], "texture": "#stone" },
        "up":    { "uv": [ 4.5, 7.5, 6, 8 ], "texture": "#stone" },
        "north": { "uv": [ 10, 7.5, 11.5, 8 ], "texture": "#stone" },
        "south": { "uv": [ 4.5, 7.5, 6, 8 ], "texture": "#stone" },
        "west":  { "uv": [ 7.5, 7.5, 8, 8 ], "texture": "#stone" },
        "east":  { "uv": [ 8, 7.5, 8.5, 8 ], "texture": "#stone" }
    }
},
{
    "__comment": "Arrow",
    "from": [ 4.5, 8, 8.5 ],
    "to": [ 6, 8.5, 9 ],
    "faces": {
        "down":  { "uv": [ 11.5, 9, 10, 8.5 ], "texture": "#stone" },
        "up":    { "uv": [ 4.5, 8.5, 6, 9 ], "texture": "#stone" },
        "north": { "uv": [ 10, 7.5, 11.5, 8 ], "texture": "#stone" },
        "south": { "uv": [ 4.5, 7.5, 6, 8 ], "texture": "#stone" },
        "west":  { "uv": [ 8.5, 7.5, 9, 8 ], "texture": "#stone" },
        "east":  { "uv": [ 7, 7.5, 7.5, 8 ], "texture": "#stone" }
    }
},
{
    "__comment": "Arrow",
    "from": [ 5, 8.5, 8 ],
    "to": [ 6, 9, 8.5 ],
    "faces": {
        "down":  { "uv": [ 11, 8.5, 10, 8 ], "texture": "#stone" },
        "up":    { "uv": [ 5, 8, 6, 8.5 ], "texture": "#stone" },
        "north": { "uv": [ 10, 7, 11, 7.5 ], "texture": "#stone" },
        "south": { "uv": [ 5, 7, 6, 7.5 ], "texture": "#stone" },
        "west":  { "uv": [ 8, 7, 8.5, 7.5 ], "texture": "#stone" },
        "east":  { "uv": [ 7.5, 7, 8, 7.5 ], "texture": "#stone" }
    }
},
{
    "__comment": "Arrow",
    "from": [ 5, 7.5, 8 ],
    "to": [ 6, 8, 8.5 ],
    "faces": {
        "down":  { "uv": [ 11, 8.5, 10, 8 ], "texture": "#stone" },
        "up":    { "uv": [ 5, 8, 6, 8.5 ], "texture": "#stone" },
        "north": { "uv": [ 10, 8, 11, 8.5 ], "texture": "#stone" },
        "south": { "uv": [ 5, 8, 6, 8.5 ], "texture": "#stone" },
        "west":  { "uv": [ 8, 8, 8.5, 8.5 ], "texture": "#stone" },
        "east":  { "uv": [ 7.5, 8, 8, 8.5 ], "texture": "#stone" }
    }
},
{
    "__comment": "Arrow",
    "from": [ 16, 8.5, 7.97855 ],
    "to": [ 17.5, 9, 9.47855 ],
    "rotation": { "origin": [ 16, 9, 7.97855 ], "axis": "x", "angle": 45 },
    "faces": {
        "down":  { "uv": [ 5.5, 9, 4, 7.5 ], "texture": "#stone" },
        "up":    { "uv": [ 10.5, 7.5, 12, 9 ], "texture": "#stone" },
        "north": { "uv": [ 4, 5, 5.5, 5.5 ], "texture": "#stone" },
        "south": { "uv": [ 10.5, 5, 12, 5.5 ], "texture": "#stone" },
        "west":  { "uv": [ 7.5, 5, 9, 5.5 ], "texture": "#stone" },
        "east":  { "uv": [ 7, 5, 8.5, 5.5 ], "texture": "#stone" }
    }
},
{
    "__comment": "Arrow*",
    "from": [ 16, 7.4375, 7.625 ],
    "to": [ 17.5, 7.9375, 9.125 ],
    "rotation": { "origin": [ 16, 7.9375, 7.625 ], "axis": "x", "angle": -45 },
    "faces": {
        "down":  { "uv": [ 5.5, 9, 4, 7.5 ], "texture": "#stone" },
        "up":    { "uv": [ 10.5, 7.5, 12, 9 ], "texture": "#stone" },
        "north": { "uv": [ 4, 5, 5.5, 5.5 ], "texture": "#stone" },
        "south": { "uv": [ 10.5, 5, 12, 5.5 ], "texture": "#stone" },
        "west":  { "uv": [ 7.5, 5, 9, 5.5 ], "texture": "#stone" },
        "east":  { "uv": [ 7, 5, 8.5, 5.5 ], "texture": "#stone" }
    }
},
{
    "__comment": "String*",
    "from": [ 12.5, 8, -2.5 ],
    "to": [ 13, 8.5, -1.5 ],
    "faces": {
        "down":  { "uv": [ 4.5, 1, 4, 0.5 ], "texture": "#bow_texture1" },
        "up":    { "uv": [ 4, 1, 4.5, 1.5 ], "texture": "#bow_texture1" },
        "north": { "uv": [ 4, 0.5, 4.5, 1 ], "texture": "#bow_texture1" },
        "south": { "uv": [ 4, 0.5, 4.5, 1 ], "texture": "#bow_texture1" },
        "west":  { "uv": [ 4, 0.5, 4.5, 1 ], "texture": "#bow_texture1" },
        "east":  { "uv": [ 4, 0.5, 4.5, 1 ], "texture": "#bow_texture1" }
    }
},
{
    "__comment": "String*",
    "from": [ 13, 8, -1.5 ],
    "to": [ 13.5, 8.5, -0.5 ],
    "faces": {
        "down":  { "uv": [ 4.5, 1, 4, 0.5 ], "texture": "#bow_texture1" },
        "up":    { "uv": [ 4, 1, 4.5, 1.5 ], "texture": "#bow_texture1" },
        "north": { "uv": [ 4, 0.5, 4.5, 1 ], "texture": "#bow_texture1" },
        "south": { "uv": [ 4, 0.5, 4.5, 1 ], "texture": "#bow_texture1" },
        "west":  { "uv": [ 4, 0.5, 4.5, 1 ], "texture": "#bow_texture1" },
        "east":  { "uv": [ 4, 0.5, 4.5, 1 ], "texture": "#bow_texture1" }
    }
},
{
    "__comment": "String*",
    "from": [ 13.5, 8, -0.5 ],
    "to": [ 14, 8.5, 0.5 ],
    "faces": {
        "down":  { "uv": [ 4.5, 1, 4, 0.5 ], "texture": "#bow_texture1" },
        "up":    { "uv": [ 4, 1, 4.5, 1.5 ], "texture": "#bow_texture1" },
        "north": { "uv": [ 4, 0.5, 4.5, 1 ], "texture": "#bow_texture1" },
        "south": { "uv": [ 4, 0.5, 4.5, 1 ], "texture": "#bow_texture1" },
        "west":  { "uv": [ 4, 0.5, 4.5, 1 ], "texture": "#bow_texture1" },
        "east":  { "uv": [ 4, 0.5, 4.5, 1 ], "texture": "#bow_texture1" }
    }
},
{
    "__comment": "String*",
    "from": [ 14, 8, 0.5 ],
    "to": [ 14.5, 8.5, 1.5 ],
    "faces": {
        "down":  { "uv": [ 4.5, 1, 4, 0.5 ], "texture": "#bow_texture1" },
        "up":    { "uv": [ 4, 1, 4.5, 1.5 ], "texture": "#bow_texture1" },
        "north": { "uv": [ 4, 0.5, 4.5, 1 ], "texture": "#bow_texture1" },
        "south": { "uv": [ 4, 0.5, 4.5, 1 ], "texture": "#bow_texture1" },
        "west":  { "uv": [ 4, 0.5, 4.5, 1 ], "texture": "#bow_texture1" },
        "east":  { "uv": [ 4, 0.5, 4.5, 1 ], "texture": "#bow_texture1" }
    }
},
{
    "__comment": "String*",
    "from": [ 15, 8, 2.5 ],
    "to": [ 15.5, 8.5, 3.5 ],
    "faces": {
        "down":  { "uv": [ 4.5, 1, 4, 0.5 ], "texture": "#bow_texture1" },
        "up":    { "uv": [ 4, 1, 4.5, 1.5 ], "texture": "#bow_texture1" },
        "north": { "uv": [ 4, 0.5, 4.5, 1 ], "texture": "#bow_texture1" },
        "south": { "uv": [ 4, 0.5, 4.5, 1 ], "texture": "#bow_texture1" },
        "west":  { "uv": [ 4, 0.5, 4.5, 1 ], "texture": "#bow_texture1" },
        "east":  { "uv": [ 4, 0.5, 4.5, 1 ], "texture": "#bow_texture1" }
    }
},
{
    "__comment": "String*",
    "from": [ 15.5, 8, 3.5 ],
    "to": [ 16, 8.5, 4.5 ],
    "faces": {
        "down":  { "uv": [ 4.5, 1, 4, 0.5 ], "texture": "#bow_texture1" },
        "up":    { "uv": [ 4, 1, 4.5, 1.5 ], "texture": "#bow_texture1" },
        "north": { "uv": [ 4, 0.5, 4.5, 1 ], "texture": "#bow_texture1" },
        "south": { "uv": [ 4, 0.5, 4.5, 1 ], "texture": "#bow_texture1" },
        "west":  { "uv": [ 4, 0.5, 4.5, 1 ], "texture": "#bow_texture1" },
        "east":  { "uv": [ 4, 0.5, 4.5, 1 ], "texture": "#bow_texture1" }
    }
},
{
    "__comment": "String*",
    "from": [ 14.5, 8, 1.5 ],
    "to": [ 15, 8.5, 2.5 ],
    "faces": {
        "down":  { "uv": [ 4.5, 1, 4, 0.5 ], "texture": "#bow_texture1" },
        "up":    { "uv": [ 4, 1, 4.5, 1.5 ], "texture": "#bow_texture1" },
        "north": { "uv": [ 4, 0.5, 4.5, 1 ], "texture": "#bow_texture1" },
        "south": { "uv": [ 4, 0.5, 4.5, 1 ], "texture": "#bow_texture1" },
        "west":  { "uv": [ 4, 0.5, 4.5, 1 ], "texture": "#bow_texture1" },
        "east":  { "uv": [ 4, 0.5, 4.5, 1 ], "texture": "#bow_texture1" }
    }
},
{
    "__comment": "String*",
    "from": [ 16, 8, 4.5 ],
    "to": [ 16.5, 8.5, 5.5 ],
    "faces": {
        "down":  { "uv": [ 4.5, 1, 4, 0.5 ], "texture": "#bow_texture1" },
        "up":    { "uv": [ 4, 1, 4.5, 1.5 ], "texture": "#bow_texture1" },
        "north": { "uv": [ 4, 0.5, 4.5, 1 ], "texture": "#bow_texture1" },
        "south": { "uv": [ 4, 0.5, 4.5, 1 ], "texture": "#bow_texture1" },
        "west":  { "uv": [ 4, 0.5, 4.5, 1 ], "texture": "#bow_texture1" },
        "east":  { "uv": [ 4, 0.5, 4.5, 1 ], "texture": "#bow_texture1" }
    }
},
{
    "__comment": "String*",
    "from": [ 16.5, 8, 5.5 ],
    "to": [ 17, 8.5, 6.5 ],
    "faces": {
        "down":  { "uv": [ 4.5, 1, 4, 0.5 ], "texture": "#bow_texture1" },
        "up":    { "uv": [ 4, 1, 4.5, 1.5 ], "texture": "#bow_texture1" },
        "north": { "uv": [ 4, 0.5, 4.5, 1 ], "texture": "#bow_texture1" },
        "south": { "uv": [ 4, 0.5, 4.5, 1 ], "texture": "#bow_texture1" },
        "west":  { "uv": [ 4, 0.5, 4.5, 1 ], "texture": "#bow_texture1" },
        "east":  { "uv": [ 4, 0.5, 4.5, 1 ], "texture": "#bow_texture1" }
    }
},
{
    "__comment": "String*",
    "from": [ 17, 8, 6.5 ],
    "to": [ 17.5, 8.5, 7.5 ],
    "faces": {
        "down":  { "uv": [ 4.5, 1, 4, 0.5 ], "texture": "#bow_texture1" },
        "up":    { "uv": [ 4, 1, 4.5, 1.5 ], "texture": "#bow_texture1" },
        "north": { "uv": [ 4, 0.5, 4.5, 1 ], "texture": "#bow_texture1" },
        "south": { "uv": [ 4, 0.5, 4.5, 1 ], "texture": "#bow_texture1" },
        "west":  { "uv": [ 4, 0.5, 4.5, 1 ], "texture": "#bow_texture1" },
        "east":  { "uv": [ 4, 0.5, 4.5, 1 ], "texture": "#bow_texture1" }
    }
},
{
    "__comment": "String*",
    "from": [ 17.5, 8, 7.5 ],
    "to": [ 18, 8.5, 9 ],
    "faces": {
        "down":  { "uv": [ 4.5, 1, 4, 0.5 ], "texture": "#bow_texture1" },
        "up":    { "uv": [ 4, 1, 4.5, 1.5 ], "texture": "#bow_texture1" },
        "north": { "uv": [ 4, 0.5, 4.5, 1 ], "texture": "#bow_texture1" },
        "south": { "uv": [ 4, 0.5, 4.5, 1 ], "texture": "#bow_texture1" },
        "west":  { "uv": [ 4, 0.5, 4.5, 1 ], "texture": "#bow_texture1" },
        "east":  { "uv": [ 4, 0.5, 4.5, 1 ], "texture": "#bow_texture1" }
    }
},
{
    "__comment": "String*",
    "from": [ 12, 8, 19 ],
    "to": [ 12.5, 8.5, 20 ],
    "faces": {
        "down":  { "uv": [ 4.5, 1, 4, 0.5 ], "texture": "#bow_texture1" },
        "up":    { "uv": [ 4, 1, 4.5, 1.5 ], "texture": "#bow_texture1" },
        "north": { "uv": [ 4, 0.5, 4.5, 1 ], "texture": "#bow_texture1" },
        "south": { "uv": [ 4, 0.5, 4.5, 1 ], "texture": "#bow_texture1" },
        "west":  { "uv": [ 4, 0.5, 4.5, 1 ], "texture": "#bow_texture1" },
        "east":  { "uv": [ 4, 0.5, 4.5, 1 ], "texture": "#bow_texture1" }
    }
},
{
    "__comment": "String*",
    "from": [ 12.5, 8, 18 ],
    "to": [ 13, 8.5, 19 ],
    "faces": {
        "down":  { "uv": [ 4.5, 1, 4, 0.5 ], "texture": "#bow_texture1" },
        "up":    { "uv": [ 4, 1, 4.5, 1.5 ], "texture": "#bow_texture1" },
        "north": { "uv": [ 4, 0.5, 4.5, 1 ], "texture": "#bow_texture1" },
        "south": { "uv": [ 4, 0.5, 4.5, 1 ], "texture": "#bow_texture1" },
        "west":  { "uv": [ 4, 0.5, 4.5, 1 ], "texture": "#bow_texture1" },
        "east":  { "uv": [ 4, 0.5, 4.5, 1 ], "texture": "#bow_texture1" }
    }
},
{
    "__comment": "String*",
    "from": [ 13, 8, 17 ],
    "to": [ 13.5, 8.5, 18 ],
    "faces": {
        "down":  { "uv": [ 4.5, 1, 4, 0.5 ], "texture": "#bow_texture1" },
        "up":    { "uv": [ 4, 1, 4.5, 1.5 ], "texture": "#bow_texture1" },
        "north": { "uv": [ 4, 0.5, 4.5, 1 ], "texture": "#bow_texture1" },
        "south": { "uv": [ 4, 0.5, 4.5, 1 ], "texture": "#bow_texture1" },
        "west":  { "uv": [ 4, 0.5, 4.5, 1 ], "texture": "#bow_texture1" },
        "east":  { "uv": [ 4, 0.5, 4.5, 1 ], "texture": "#bow_texture1" }
    }
},
{
    "__comment": "String*",
    "from": [ 13.5, 8, 16 ],
    "to": [ 14, 8.5, 17 ],
    "faces": {
        "down":  { "uv": [ 4.5, 1, 4, 0.5 ], "texture": "#bow_texture1" },
        "up":    { "uv": [ 4, 1, 4.5, 1.5 ], "texture": "#bow_texture1" },
        "north": { "uv": [ 4, 0.5, 4.5, 1 ], "texture": "#bow_texture1" },
        "south": { "uv": [ 4, 0.5, 4.5, 1 ], "texture": "#bow_texture1" },
        "west":  { "uv": [ 4, 0.5, 4.5, 1 ], "texture": "#bow_texture1" },
        "east":  { "uv": [ 4, 0.5, 4.5, 1 ], "texture": "#bow_texture1" }
    }
},
{
    "__comment": "String*",
    "from": [ 14, 8, 15 ],
    "to": [ 14.5, 8.5, 16 ],
    "faces": {
        "down":  { "uv": [ 4.5, 1, 4, 0.5 ], "texture": "#bow_texture1" },
        "up":    { "uv": [ 4, 1, 4.5, 1.5 ], "texture": "#bow_texture1" },
        "north": { "uv": [ 4, 0.5, 4.5, 1 ], "texture": "#bow_texture1" },
        "south": { "uv": [ 4, 0.5, 4.5, 1 ], "texture": "#bow_texture1" },
        "west":  { "uv": [ 4, 0.5, 4.5, 1 ], "texture": "#bow_texture1" },
        "east":  { "uv": [ 4, 0.5, 4.5, 1 ], "texture": "#bow_texture1" }
    }
},
{
    "__comment": "String*",
    "from": [ 14.5, 8, 14 ],
    "to": [ 15, 8.5, 15 ],
    "faces": {
        "down":  { "uv": [ 4.5, 1, 4, 0.5 ], "texture": "#bow_texture1" },
        "up":    { "uv": [ 4, 1, 4.5, 1.5 ], "texture": "#bow_texture1" },
        "north": { "uv": [ 4, 0.5, 4.5, 1 ], "texture": "#bow_texture1" },
        "south": { "uv": [ 4, 0.5, 4.5, 1 ], "texture": "#bow_texture1" },
        "west":  { "uv": [ 4, 0.5, 4.5, 1 ], "texture": "#bow_texture1" },
        "east":  { "uv": [ 4, 0.5, 4.5, 1 ], "texture": "#bow_texture1" }
    }
},
{
    "__comment": "String*",
    "from": [ 15, 8, 13 ],
    "to": [ 15.5, 8.5, 14 ],
    "faces": {
        "down":  { "uv": [ 4.5, 1, 4, 0.5 ], "texture": "#bow_texture1" },
        "up":    { "uv": [ 4, 1, 4.5, 1.5 ], "texture": "#bow_texture1" },
        "north": { "uv": [ 4, 0.5, 4.5, 1 ], "texture": "#bow_texture1" },
        "south": { "uv": [ 4, 0.5, 4.5, 1 ], "texture": "#bow_texture1" },
        "west":  { "uv": [ 4, 0.5, 4.5, 1 ], "texture": "#bow_texture1" },
        "east":  { "uv": [ 4, 0.5, 4.5, 1 ], "texture": "#bow_texture1" }
    }
},
{
    "__comment": "String*",
    "from": [ 15.5, 8, 12 ],
    "to": [ 16, 8.5, 13 ],
    "faces": {
        "down":  { "uv": [ 4.5, 1, 4, 0.5 ], "texture": "#bow_texture1" },
        "up":    { "uv": [ 4, 1, 4.5, 1.5 ], "texture": "#bow_texture1" },
        "north": { "uv": [ 4, 0.5, 4.5, 1 ], "texture": "#bow_texture1" },
        "south": { "uv": [ 4, 0.5, 4.5, 1 ], "texture": "#bow_texture1" },
        "west":  { "uv": [ 4, 0.5, 4.5, 1 ], "texture": "#bow_texture1" },
        "east":  { "uv": [ 4, 0.5, 4.5, 1 ], "texture": "#bow_texture1" }
    }
},
{
    "__comment": "String*",
    "from": [ 16, 8, 11 ],
    "to": [ 16.5, 8.5, 12 ],
    "faces": {
        "down":  { "uv": [ 4.5, 1, 4, 0.5 ], "texture": "#bow_texture1" },
        "up":    { "uv": [ 4, 1, 4.5, 1.5 ], "texture": "#bow_texture1" },
        "north": { "uv": [ 4, 0.5, 4.5, 1 ], "texture": "#bow_texture1" },
        "south": { "uv": [ 4, 0.5, 4.5, 1 ], "texture": "#bow_texture1" },
        "west":  { "uv": [ 4, 0.5, 4.5, 1 ], "texture": "#bow_texture1" },
        "east":  { "uv": [ 4, 0.5, 4.5, 1 ], "texture": "#bow_texture1" }
    }
},
{
    "__comment": "String*",
    "from": [ 16.5, 8, 10 ],
    "to": [ 17, 8.5, 11 ],
    "faces": {
        "down":  { "uv": [ 4.5, 1, 4, 0.5 ], "texture": "#bow_texture1" },
        "up":    { "uv": [ 4, 1, 4.5, 1.5 ], "texture": "#bow_texture1" },
        "north": { "uv": [ 4, 0.5, 4.5, 1 ], "texture": "#bow_texture1" },
        "south": { "uv": [ 4, 0.5, 4.5, 1 ], "texture": "#bow_texture1" },
        "west":  { "uv": [ 4, 0.5, 4.5, 1 ], "texture": "#bow_texture1" },
        "east":  { "uv": [ 4, 0.5, 4.5, 1 ], "texture": "#bow_texture1" }
    }
},
{
    "__comment": "String*",
    "from": [ 17, 8, 9 ],
    "to": [ 17.5, 8.5, 10 ],
    "faces": {
        "down":  { "uv": [ 4.5, 1, 4, 0.5 ], "texture": "#bow_texture1" },
        "up":    { "uv": [ 4, 1, 4.5, 1.5 ], "texture": "#bow_texture1" },
        "north": { "uv": [ 4, 0.5, 4.5, 1 ], "texture": "#bow_texture1" },
        "south": { "uv": [ 4, 0.5, 4.5, 1 ], "texture": "#bow_texture1" },
        "west":  { "uv": [ 4, 0.5, 4.5, 1 ], "texture": "#bow_texture1" },
        "east":  { "uv": [ 4, 0.5, 4.5, 1 ], "texture": "#bow_texture1" }
    }
}
],
"display": {
    "thirdperson_righthand": {
        "rotation": [ 90, 0, 90 ],
        "translation": [ 0.3, -1.85, 0.5 ],
        "scale": [ 1, 1, 1 ]
    },
    "thirdperson_lefthand": {
        "rotation": [ 90, 0, -90 ],
        "translation": [ 0.3, -1.85, 0.5 ],
        "scale": [ 1, 1, 1 ]
    },
    "ground": {
        "rotation": [ 0, 0, 0 ],
        "translation": [ 0, 0, 0 ],
        "scale": [ 0.8, 0.8, 0.8 ]
    },
    "firstperson_righthand": {
        "rotation": [ 105, 0, 90 ],
        "translation": [ 1.5, 5, -3.8 ],
        "scale": [ 1, 1, 1 ]
    },
    "firstperson_lefthand": {
        "rotation": [ 105, 0, -90 ],
        "translation": [ 1.5, 5, -3.8 ],
        "scale": [ 1, 1, 1 ]
    },
    "gui": {
        "rotation": [ 90, -45, 0 ],
        "translation": [ -1.5, 2, 0 ],
        "scale": [ 0.8, 0.8, 0.8 ]
    }
}
}