{
"__comment": "Designed by Glitcherdotbe with BDcraft Cubik PRO 0.95 Beta - http://bdcraft.net",
"textures": {
    "anvil_base": "blocks/anvil_base",
    "stone": "blocks/stone"
},
"elements": [ 
{
    "__comment": "Base",
    "from": [ 4, 0, 7.5 ],
    "to": [ 12, 1, 8.5 ],
    "faces": {
        "down":  { "uv": [ 12, 8.5, 4, 7.5 ], "texture": "#anvil_base", "cullface": "down" },
        "up":    { "uv": [ 4, 7.5, 12, 8.5 ], "texture": "#anvil_base" },
        "north": { "uv": [ 4, 15, 12, 16 ], "texture": "#anvil_base" },
        "south": { "uv": [ 4, 15, 12, 16 ], "texture": "#anvil_base" },
        "west":  { "uv": [ 7.5, 15, 8.5, 16 ], "texture": "#anvil_base" },
        "east":  { "uv": [ 7.5, 15, 8.5, 16 ], "texture": "#anvil_base" }
    }
},
{
    "__comment": "Base",
    "from": [ 7.5, 0, 4 ],
    "to": [ 8.5, 1, 4.5 ],
    "faces": {
        "down":  { "uv": [ 8.5, 4.5, 7.5, 4 ], "texture": "#anvil_base", "cullface": "down" },
        "north": { "uv": [ 7.5, 15, 8.5, 16 ], "texture": "#anvil_base" },
        "west":  { "uv": [ 4, 15, 4.5, 16 ], "texture": "#anvil_base" },
        "east":  { "uv": [ 11.5, 15, 12, 16 ], "texture": "#anvil_base" }
    }
},
{
    "__comment": "Base",
    "from": [ 7.5, 0, 11.5 ],
    "to": [ 8.5, 1, 12 ],
    "faces": {
        "down":  { "uv": [ 8.5, 12, 7.5, 11.5 ], "texture": "#anvil_base", "cullface": "down" },
        "south": { "uv": [ 7.5, 15, 8.5, 16 ], "texture": "#anvil_base" },
        "west":  { "uv": [ 11.5, 15, 12, 16 ], "texture": "#anvil_base" },
        "east":  { "uv": [ 4, 15, 4.5, 16 ], "texture": "#anvil_base" }
    }
},
{
    "__comment": "Base",
    "from": [ 4.5, 0, 6.5 ],
    "to": [ 11.5, 1, 7.5 ],
    "faces": {
        "down":  { "uv": [ 11.5, 7.5, 4.5, 6.5 ], "texture": "#anvil_base", "cullface": "down" },
        "up":    { "uv": [ 4.5, 6.5, 11.5, 7.5 ], "texture": "#anvil_base" },
        "north": { "uv": [ 4.5, 15, 11.5, 16 ], "texture": "#anvil_base" },
        "west":  { "uv": [ 6.5, 15, 7.5, 16 ], "texture": "#anvil_base" },
        "east":  { "uv": [ 8.5, 15, 9.5, 16 ], "texture": "#anvil_base" }
    }
},
{
    "__comment": "Base",
    "from": [ 4.5, 0, 8.5 ],
    "to": [ 11.5, 1, 9.5 ],
    "faces": {
        "down":  { "uv": [ 11.5, 9.5, 4.5, 8.5 ], "texture": "#anvil_base", "cullface": "down" },
        "up":    { "uv": [ 4.5, 8.5, 11.5, 9.5 ], "texture": "#anvil_base" },
        "south": { "uv": [ 4.5, 15, 11.5, 16 ], "texture": "#anvil_base" },
        "west":  { "uv": [ 8.5, 15, 9.5, 16 ], "texture": "#anvil_base" },
        "east":  { "uv": [ 6.5, 15, 7.5, 16 ], "texture": "#anvil_base" }
    }
},
{
    "__comment": "Base",
    "from": [ 6.5, 0, 11 ],
    "to": [ 9.5, 1, 11.5 ],
    "faces": {
        "down":  { "uv": [ 9.5, 11.5, 6.5, 11 ], "texture": "#anvil_base", "cullface": "down" },
        "up":    { "uv": [ 6.5, 11, 9.5, 11.5 ], "texture": "#anvil_base" },
        "south": { "uv": [ 6.5, 15, 9.5, 16 ], "texture": "#anvil_base" },
        "west":  { "uv": [ 11, 15, 11.5, 16 ], "texture": "#anvil_base" },
        "east":  { "uv": [ 4.5, 15, 5, 16 ], "texture": "#anvil_base" }
    }
},
{
    "__comment": "Base",
    "from": [ 5, 0, 9.5 ],
    "to": [ 11, 1, 10.5 ],
    "faces": {
        "down":  { "uv": [ 11, 10.5, 5, 9.5 ], "texture": "#anvil_base", "cullface": "down" },
        "up":    { "uv": [ 5, 9.5, 11, 10.5 ], "texture": "#anvil_base" },
        "south": { "uv": [ 5, 15, 11, 16 ], "texture": "#anvil_base" },
        "west":  { "uv": [ 9.5, 15, 10.5, 16 ], "texture": "#anvil_base" },
        "east":  { "uv": [ 5.5, 15, 6.5, 16 ], "texture": "#anvil_base" }
    }
},
{
    "__comment": "Base",
    "from": [ 5.5, 0, 10.5 ],
    "to": [ 10.5, 1, 11 ],
    "faces": {
        "down":  { "uv": [ 10.5, 11, 5.5, 10.5 ], "texture": "#anvil_base", "cullface": "down" },
        "up":    { "uv": [ 5.5, 10.5, 10.5, 11 ], "texture": "#anvil_base" },
        "south": { "uv": [ 5.5, 15, 10.5, 16 ], "texture": "#anvil_base" },
        "west":  { "uv": [ 10.5, 15, 11, 16 ], "texture": "#anvil_base" },
        "east":  { "uv": [ 5, 15, 5.5, 16 ], "texture": "#anvil_base" }
    }
},
{
    "__comment": "Base",
    "from": [ 6.5, 0, 4.5 ],
    "to": [ 9.5, 1, 5 ],
    "faces": {
        "down":  { "uv": [ 9.5, 5, 6.5, 4.5 ], "texture": "#anvil_base", "cullface": "down" },
        "up":    { "uv": [ 6.5, 4.5, 9.5, 5 ], "texture": "#anvil_base" },
        "north": { "uv": [ 6.5, 15, 9.5, 16 ], "texture": "#anvil_base" },
        "west":  { "uv": [ 4.5, 15, 5, 16 ], "texture": "#anvil_base" },
        "east":  { "uv": [ 11, 15, 11.5, 16 ], "texture": "#anvil_base" }
    }
},
{
    "__comment": "Base",
    "from": [ 5.5, 0, 5 ],
    "to": [ 10.5, 1, 5.5 ],
    "faces": {
        "down":  { "uv": [ 10.5, 5.5, 5.5, 5 ], "texture": "#anvil_base", "cullface": "down" },
        "up":    { "uv": [ 5.5, 5, 10.5, 5.5 ], "texture": "#anvil_base" },
        "north": { "uv": [ 5.5, 15, 10.5, 16 ], "texture": "#anvil_base" },
        "west":  { "uv": [ 5, 15, 5.5, 16 ], "texture": "#anvil_base" },
        "east":  { "uv": [ 10.5, 15, 11, 16 ], "texture": "#anvil_base" }
    }
},
{
    "__comment": "Base",
    "from": [ 5, 0, 5.5 ],
    "to": [ 11, 1, 6.5 ],
    "faces": {
        "down":  { "uv": [ 11, 6.5, 5, 5.5 ], "texture": "#anvil_base", "cullface": "down" },
        "up":    { "uv": [ 5, 5.5, 11, 6.5 ], "texture": "#anvil_base" },
        "north": { "uv": [ 5, 15, 11, 16 ], "texture": "#anvil_base" },
        "west":  { "uv": [ 5.5, 15, 6.5, 16 ], "texture": "#anvil_base" },
        "east":  { "uv": [ 9.5, 15, 10.5, 16 ], "texture": "#anvil_base" }
    }
},
{
    "__comment": "Body",
    "from": [ 3.5, 1, 7.5 ],
    "to": [ 4.5, 3, 8.5 ],
    "faces": {
        "down":  { "uv": [ 12.5, 8.5, 11.5, 7.5 ], "texture": "#anvil_base" },
        "up":    { "uv": [ 3.5, 7.5, 4.5, 8.5 ], "texture": "#anvil_base" },
        "west":  { "uv": [ 7.5, 13, 8.5, 15 ], "texture": "#anvil_base" },
        "east":  { "uv": [ 7.5, 13, 8.5, 15 ], "texture": "#anvil_base" }
    }
},
{
    "__comment": "Body",
    "from": [ 11.5, 1, 7.5 ],
    "to": [ 12.5, 3, 8.5 ],
    "faces": {
        "down":  { "uv": [ 4.5, 8.5, 3.5, 7.5 ], "texture": "#anvil_base" },
        "up":    { "uv": [ 11.5, 7.5, 12.5, 8.5 ], "texture": "#anvil_base" },
        "west":  { "uv": [ 7.5, 13, 8.5, 15 ], "texture": "#anvil_base" },
        "east":  { "uv": [ 7.5, 13, 8.5, 15 ], "texture": "#anvil_base" }
    }
},
{
    "__comment": "Body",
    "from": [ 12, 3, 7.5 ],
    "to": [ 13, 6, 8.5 ],
    "faces": {
        "down":  { "uv": [ 4, 8.5, 3, 7.5 ], "texture": "#anvil_base" },
        "up":    { "uv": [ 12, 7.5, 13, 8.5 ], "texture": "#anvil_base" },
        "west":  { "uv": [ 7.5, 10, 8.5, 13 ], "texture": "#anvil_base" },
        "east":  { "uv": [ 7.5, 10, 8.5, 13 ], "texture": "#anvil_base" }
    }
},
{
    "__comment": "Body",
    "from": [ 3, 3, 7.5 ],
    "to": [ 4, 6, 8.5 ],
    "faces": {
        "down":  { "uv": [ 13, 8.5, 12, 7.5 ], "texture": "#anvil_base" },
        "up":    { "uv": [ 3, 7.5, 4, 8.5 ], "texture": "#anvil_base" },
        "west":  { "uv": [ 7.5, 10, 8.5, 13 ], "texture": "#anvil_base" },
        "east":  { "uv": [ 7.5, 10, 8.5, 13 ], "texture": "#anvil_base" }
    }
},
{
    "__comment": "Body",
    "from": [ 12.5, 6, 7.5 ],
    "to": [ 13.5, 10, 8.5 ],
    "faces": {
        "up":    { "uv": [ 12.5, 7.5, 13.5, 8.5 ], "texture": "#anvil_base" },
        "west":  { "uv": [ 7.5, 6, 8.5, 10 ], "texture": "#anvil_base" },
        "east":  { "uv": [ 7.5, 6, 8.5, 10 ], "texture": "#anvil_base" }
    }
},
{
    "__comment": "Body",
    "from": [ 2.5, 6, 7.5 ],
    "to": [ 3.5, 10, 8.5 ],
    "faces": {
        "down":  { "uv": [ 13.5, 8.5, 12.5, 7.5 ], "texture": "#anvil_base" },
        "up":    { "uv": [ 2.5, 7.5, 3.5, 8.5 ], "texture": "#anvil_base" },
        "west":  { "uv": [ 7.5, 6, 8.5, 10 ], "texture": "#anvil_base" },
        "east":  { "uv": [ 7.5, 6, 8.5, 10 ], "texture": "#anvil_base" }
    }
},
{
    "__comment": "Body",
    "from": [ 13, 10, 7.5 ],
    "to": [ 14, 12, 8.5 ],
    "faces": {
        "down":  { "uv": [ 3, 8.5, 2, 7.5 ], "texture": "#anvil_base" },
        "up":    { "uv": [ 13, 7.5, 14, 8.5 ], "texture": "#anvil_base" },
        "west":  { "uv": [ 7.5, 4, 8.5, 6 ], "texture": "#anvil_base" }
    }
},
{
    "__comment": "Body",
    "from": [ 2, 10, 7.5 ],
    "to": [ 3, 12, 8.5 ],
    "faces": {
        "down":  { "uv": [ 14, 8.5, 13, 7.5 ], "texture": "#anvil_base" },
        "up":    { "uv": [ 2, 7.5, 3, 8.5 ], "texture": "#anvil_base" },
        "east":  { "uv": [ 7.5, 4, 8.5, 6 ], "texture": "#anvil_base" }
    }
},
{
    "__comment": "Body",
    "from": [ 7.5, 1, 3.5 ],
    "to": [ 8.5, 3, 4.5 ],
    "faces": {
        "down":  { "uv": [ 8.5, 4.5, 7.5, 3.5 ], "texture": "#anvil_base" },
        "up":    { "uv": [ 7.5, 3.5, 8.5, 4.5 ], "texture": "#anvil_base" },
        "north": { "uv": [ 7.5, 13, 8.5, 15 ], "texture": "#anvil_base" },
        "south": { "uv": [ 7.5, 13, 8.5, 15 ], "texture": "#anvil_base" }
    }
},
{
    "__comment": "Body",
    "from": [ 7.5, 3, 3 ],
    "to": [ 8.5, 6, 4 ],
    "faces": {
        "down":  { "uv": [ 8.5, 4, 7.5, 3 ], "texture": "#anvil_base" },
        "up":    { "uv": [ 7.5, 3, 8.5, 4 ], "texture": "#anvil_base" },
        "north": { "uv": [ 7.5, 10, 8.5, 13 ], "texture": "#anvil_base" },
        "south": { "uv": [ 7.5, 10, 8.5, 13 ], "texture": "#anvil_base" }
    }
},
{
    "__comment": "Body",
    "from": [ 7.5, 6, 2.5 ],
    "to": [ 8.5, 10, 3.5 ],
    "faces": {
        "down":  { "uv": [ 8.5, 3.5, 7.5, 2.5 ], "texture": "#anvil_base" },
        "up":    { "uv": [ 7.5, 2.5, 8.5, 3.5 ], "texture": "#anvil_base" },
        "north": { "uv": [ 7.5, 6, 8.5, 10 ], "texture": "#anvil_base" },
        "south": { "uv": [ 7.5, 6, 8.5, 10 ], "texture": "#anvil_base" }
    }
},
{
    "__comment": "Body",
    "from": [ 7.5, 10, 2 ],
    "to": [ 8.5, 12, 3 ],
    "faces": {
        "down":  { "uv": [ 8.5, 3, 7.5, 2 ], "texture": "#anvil_base" },
        "up":    { "uv": [ 7.5, 2, 8.5, 3 ], "texture": "#anvil_base" },
        "north": { "uv": [ 7.5, 4, 8.5, 6 ], "texture": "#anvil_base" },
        "south": { "uv": [ 7.5, 4, 8.5, 6 ], "texture": "#anvil_base" }
    }
},
{
    "__comment": "Body",
    "from": [ 7.5, 1, 11.5 ],
    "to": [ 8.5, 3, 12.5 ],
    "faces": {
        "down":  { "uv": [ 8.5, 12.5, 7.5, 11.5 ], "texture": "#anvil_base" },
        "up":    { "uv": [ 7.5, 11.5, 8.5, 12.5 ], "texture": "#anvil_base" },
        "north": { "uv": [ 7.5, 13, 8.5, 15 ], "texture": "#anvil_base" },
        "south": { "uv": [ 7.5, 13, 8.5, 15 ], "texture": "#anvil_base" }
    }
},
{
    "__comment": "Body",
    "from": [ 7.5, 3, 12 ],
    "to": [ 8.5, 6, 13 ],
    "faces": {
        "down":  { "uv": [ 8.5, 13, 7.5, 12 ], "texture": "#anvil_base" },
        "up":    { "uv": [ 7.5, 12, 8.5, 13 ], "texture": "#anvil_base" },
        "north": { "uv": [ 7.5, 10, 8.5, 13 ], "texture": "#anvil_base" },
        "south": { "uv": [ 7.5, 10, 8.5, 13 ], "texture": "#anvil_base" }
    }
},
{
    "__comment": "Body",
    "from": [ 7.5, 6, 12.5 ],
    "to": [ 8.5, 10, 13.5 ],
    "faces": {
        "down":  { "uv": [ 8.5, 13.5, 7.5, 12.5 ], "texture": "#anvil_base" },
        "up":    { "uv": [ 7.5, 12.5, 8.5, 13.5 ], "texture": "#anvil_base" },
        "north": { "uv": [ 7.5, 6, 8.5, 10 ], "texture": "#anvil_base" },
        "south": { "uv": [ 7.5, 6, 8.5, 10 ], "texture": "#anvil_base" }
    }
},
{
    "__comment": "Body",
    "from": [ 7.5, 10, 13 ],
    "to": [ 8.5, 12, 14 ],
    "faces": {
        "down":  { "uv": [ 8.5, 14, 7.5, 13 ], "texture": "#anvil_base" },
        "up":    { "uv": [ 7.5, 13, 8.5, 14 ], "texture": "#anvil_base" },
        "north": { "uv": [ 7.5, 4, 8.5, 6 ], "texture": "#anvil_base" },
        "south": { "uv": [ 7.5, 4, 8.5, 6 ], "texture": "#anvil_base" }
    }
},
{
    "__comment": "Body",
    "from": [ 3.5, 1, 8.5 ],
    "to": [ 4.5, 3, 9.5 ],
    "faces": {
        "down":  { "uv": [ 12.5, 9.5, 11.5, 8.5 ], "texture": "#anvil_base" },
        "up":    { "uv": [ 3.5, 8.5, 4.5, 9.5 ], "texture": "#anvil_base" },
        "south": { "uv": [ 3.5, 13, 4.5, 15 ], "texture": "#anvil_base" },
        "west":  { "uv": [ 8.5, 13, 9.5, 15 ], "texture": "#anvil_base" },
        "east":  { "uv": [ 6.5, 13, 7.5, 15 ], "texture": "#anvil_base" }
    }
},
{
    "__comment": "Body",
    "from": [ 4, 1, 9.5 ],
    "to": [ 5, 3, 10.5 ],
    "faces": {
        "down":  { "uv": [ 12, 10.5, 11, 9.5 ], "texture": "#anvil_base" },
        "up":    { "uv": [ 4, 9.5, 5, 10.5 ], "texture": "#anvil_base" },
        "north": { "uv": [ 11, 13, 12, 15 ], "texture": "#anvil_base" },
        "south": { "uv": [ 4, 13, 5, 15 ], "texture": "#anvil_base" },
        "west":  { "uv": [ 9.5, 13, 10.5, 15 ], "texture": "#anvil_base" },
        "east":  { "uv": [ 5.5, 13, 6.5, 15 ], "texture": "#anvil_base" }
    }
},
{
    "__comment": "Body",
    "from": [ 6.5, 1, 11.5 ],
    "to": [ 7.5, 3, 12.5 ],
    "faces": {
        "down":  { "uv": [ 9.5, 12.5, 8.5, 11.5 ], "texture": "#anvil_base" },
        "up":    { "uv": [ 6.5, 11.5, 7.5, 12.5 ], "texture": "#anvil_base" },
        "north": { "uv": [ 8.5, 13, 9.5, 15 ], "texture": "#anvil_base" },
        "south": { "uv": [ 6.5, 13, 7.5, 15 ], "texture": "#anvil_base" },
        "west":  { "uv": [ 11.5, 13, 12.5, 15 ], "texture": "#anvil_base" }
    }
},
{
    "__comment": "Body",
    "from": [ 5.5, 1, 11 ],
    "to": [ 6.5, 3, 12 ],
    "faces": {
        "down":  { "uv": [ 10.5, 12, 9.5, 11 ], "texture": "#anvil_base" },
        "up":    { "uv": [ 5.5, 11, 6.5, 12 ], "texture": "#anvil_base" },
        "north": { "uv": [ 9.5, 13, 10.5, 15 ], "texture": "#anvil_base" },
        "south": { "uv": [ 5.5, 13, 6.5, 15 ], "texture": "#anvil_base" },
        "west":  { "uv": [ 11, 13, 12, 15 ], "texture": "#anvil_base" },
        "east":  { "uv": [ 4, 13, 5, 15 ], "texture": "#anvil_base" }
    }
},
{
    "__comment": "Body",
    "from": [ 4.5, 1, 10.5 ],
    "to": [ 5.5, 3, 11.5 ],
    "faces": {
        "down":  { "uv": [ 11.5, 11.5, 10.5, 10.5 ], "texture": "#anvil_base" },
        "up":    { "uv": [ 4.5, 10.5, 5.5, 11.5 ], "texture": "#anvil_base" },
        "north": { "uv": [ 10.5, 13, 11.5, 15 ], "texture": "#anvil_base" },
        "south": { "uv": [ 4.5, 13, 5.5, 15 ], "texture": "#anvil_base" },
        "west":  { "uv": [ 10.5, 13, 11.5, 15 ], "texture": "#anvil_base" },
        "east":  { "uv": [ 4.5, 13, 5.5, 15 ], "texture": "#anvil_base" }
    }
},
{
    "__comment": "Body",
    "from": [ 8.5, 1, 11.5 ],
    "to": [ 9.5, 3, 12.5 ],
    "faces": {
        "down":  { "uv": [ 7.5, 12.5, 6.5, 11.5 ], "texture": "#anvil_base" },
        "up":    { "uv": [ 8.5, 11.5, 9.5, 12.5 ], "texture": "#anvil_base" },
        "north": { "uv": [ 6.5, 13, 7.5, 15 ], "texture": "#anvil_base" },
        "south": { "uv": [ 8.5, 13, 9.5, 15 ], "texture": "#anvil_base" },
        "east":  { "uv": [ 3.5, 13, 4.5, 15 ], "texture": "#anvil_base" }
    }
},
{
    "__comment": "Body",
    "from": [ 9.5, 1, 11 ],
    "to": [ 10.5, 3, 12 ],
    "faces": {
        "down":  { "uv": [ 6.5, 12, 5.5, 11 ], "texture": "#anvil_base" },
        "up":    { "uv": [ 9.5, 11, 10.5, 12 ], "texture": "#anvil_base" },
        "north": { "uv": [ 5.5, 13, 6.5, 15 ], "texture": "#anvil_base" },
        "south": { "uv": [ 9.5, 13, 10.5, 15 ], "texture": "#anvil_base" },
        "west":  { "uv": [ 11, 13, 12, 15 ], "texture": "#anvil_base" },
        "east":  { "uv": [ 4, 13, 5, 15 ], "texture": "#anvil_base" }
    }
},
{
    "__comment": "Body",
    "from": [ 10.5, 1, 10.5 ],
    "to": [ 11.5, 3, 11.5 ],
    "faces": {
        "down":  { "uv": [ 5.5, 11.5, 4.5, 10.5 ], "texture": "#anvil_base" },
        "up":    { "uv": [ 10.5, 10.5, 11.5, 11.5 ], "texture": "#anvil_base" },
        "north": { "uv": [ 4.5, 13, 5.5, 15 ], "texture": "#anvil_base" },
        "south": { "uv": [ 10.5, 13, 11.5, 15 ], "texture": "#anvil_base" },
        "west":  { "uv": [ 10.5, 13, 11.5, 15 ], "texture": "#anvil_base" },
        "east":  { "uv": [ 4.5, 13, 5.5, 15 ], "texture": "#anvil_base" }
    }
},
{
    "__comment": "Body",
    "from": [ 11, 1, 9.5 ],
    "to": [ 12, 3, 10.5 ],
    "faces": {
        "down":  { "uv": [ 5, 10.5, 4, 9.5 ], "texture": "#anvil_base" },
        "up":    { "uv": [ 11, 9.5, 12, 10.5 ], "texture": "#anvil_base" },
        "north": { "uv": [ 4, 13, 5, 15 ], "texture": "#anvil_base" },
        "south": { "uv": [ 11, 13, 12, 15 ], "texture": "#anvil_base" },
        "west":  { "uv": [ 9.5, 13, 10.5, 15 ], "texture": "#anvil_base" },
        "east":  { "uv": [ 5.5, 13, 6.5, 15 ], "texture": "#anvil_base" }
    }
},
{
    "__comment": "Body",
    "from": [ 11.5, 1, 8.5 ],
    "to": [ 12.5, 3, 9.5 ],
    "faces": {
        "down":  { "uv": [ 4.5, 9.5, 3.5, 8.5 ], "texture": "#anvil_base" },
        "up":    { "uv": [ 11.5, 8.5, 12.5, 9.5 ], "texture": "#anvil_base" },
        "south": { "uv": [ 11.5, 13, 12.5, 15 ], "texture": "#anvil_base" },
        "west":  { "uv": [ 8.5, 13, 9.5, 15 ], "texture": "#anvil_base" },
        "east":  { "uv": [ 6.5, 13, 7.5, 15 ], "texture": "#anvil_base" }
    }
},
{
    "__comment": "Body",
    "from": [ 11.5, 1, 6.5 ],
    "to": [ 12.5, 3, 7.5 ],
    "faces": {
        "down":  { "uv": [ 4.5, 7.5, 3.5, 6.5 ], "texture": "#anvil_base" },
        "up":    { "uv": [ 11.5, 6.5, 12.5, 7.5 ], "texture": "#anvil_base" },
        "north": { "uv": [ 3.5, 13, 4.5, 15 ], "texture": "#anvil_base" },
        "west":  { "uv": [ 6.5, 13, 7.5, 15 ], "texture": "#anvil_base" },
        "east":  { "uv": [ 8.5, 13, 9.5, 15 ], "texture": "#anvil_base" }
    }
},
{
    "__comment": "Body",
    "from": [ 11, 1, 5.5 ],
    "to": [ 12, 3, 6.5 ],
    "faces": {
        "down":  { "uv": [ 5, 6.5, 4, 5.5 ], "texture": "#anvil_base" },
        "up":    { "uv": [ 11, 5.5, 12, 6.5 ], "texture": "#anvil_base" },
        "north": { "uv": [ 4, 13, 5, 15 ], "texture": "#anvil_base" },
        "south": { "uv": [ 11, 13, 12, 15 ], "texture": "#anvil_base" },
        "west":  { "uv": [ 5.5, 13, 6.5, 15 ], "texture": "#anvil_base" },
        "east":  { "uv": [ 9.5, 13, 10.5, 15 ], "texture": "#anvil_base" }
    }
},
{
    "__comment": "Body",
    "from": [ 10.5, 1, 4.5 ],
    "to": [ 11.5, 3, 5.5 ],
    "faces": {
        "down":  { "uv": [ 5.5, 5.5, 4.5, 4.5 ], "texture": "#anvil_base" },
        "up":    { "uv": [ 10.5, 4.5, 11.5, 5.5 ], "texture": "#anvil_base" },
        "north": { "uv": [ 4.5, 13, 5.5, 15 ], "texture": "#anvil_base" },
        "south": { "uv": [ 10.5, 13, 11.5, 15 ], "texture": "#anvil_base" },
        "west":  { "uv": [ 4.5, 13, 5.5, 15 ], "texture": "#anvil_base" },
        "east":  { "uv": [ 10.5, 13, 11.5, 15 ], "texture": "#anvil_base" }
    }
},
{
    "__comment": "Body",
    "from": [ 9.5, 1, 4 ],
    "to": [ 10.5, 3, 5 ],
    "faces": {
        "down":  { "uv": [ 6.5, 5, 5.5, 4 ], "texture": "#anvil_base" },
        "up":    { "uv": [ 9.5, 4, 10.5, 5 ], "texture": "#anvil_base" },
        "north": { "uv": [ 5.5, 13, 6.5, 15 ], "texture": "#anvil_base" },
        "south": { "uv": [ 9.5, 13, 10.5, 15 ], "texture": "#anvil_base" },
        "west":  { "uv": [ 4, 13, 5, 15 ], "texture": "#anvil_base" },
        "east":  { "uv": [ 11, 13, 12, 15 ], "texture": "#anvil_base" }
    }
},
{
    "__comment": "Body",
    "from": [ 8.5, 1, 3.5 ],
    "to": [ 9.5, 3, 4.5 ],
    "faces": {
        "down":  { "uv": [ 7.5, 4.5, 6.5, 3.5 ], "texture": "#anvil_base" },
        "up":    { "uv": [ 8.5, 3.5, 9.5, 4.5 ], "texture": "#anvil_base" },
        "north": { "uv": [ 6.5, 13, 7.5, 15 ], "texture": "#anvil_base" },
        "south": { "uv": [ 8.5, 13, 9.5, 15 ], "texture": "#anvil_base" },
        "east":  { "uv": [ 11.5, 13, 12.5, 15 ], "texture": "#anvil_base" }
    }
},
{
    "__comment": "Body",
    "from": [ 6.5, 1, 3.5 ],
    "to": [ 7.5, 3, 4.5 ],
    "faces": {
        "down":  { "uv": [ 9.5, 4.5, 8.5, 3.5 ], "texture": "#anvil_base" },
        "up":    { "uv": [ 6.5, 3.5, 7.5, 4.5 ], "texture": "#anvil_base" },
        "north": { "uv": [ 8.5, 13, 9.5, 15 ], "texture": "#anvil_base" },
        "south": { "uv": [ 6.5, 13, 7.5, 15 ], "texture": "#anvil_base" },
        "west":  { "uv": [ 3.5, 13, 4.5, 15 ], "texture": "#anvil_base" }
    }
},
{
    "__comment": "Body",
    "from": [ 5.5, 1, 4 ],
    "to": [ 6.5, 3, 5 ],
    "faces": {
        "down":  { "uv": [ 10.5, 5, 9.5, 4 ], "texture": "#anvil_base" },
        "up":    { "uv": [ 5.5, 4, 6.5, 5 ], "texture": "#anvil_base" },
        "north": { "uv": [ 9.5, 13, 10.5, 15 ], "texture": "#anvil_base" },
        "south": { "uv": [ 5.5, 13, 6.5, 15 ], "texture": "#anvil_base" },
        "west":  { "uv": [ 4, 13, 5, 15 ], "texture": "#anvil_base" },
        "east":  { "uv": [ 11, 13, 12, 15 ], "texture": "#anvil_base" }
    }
},
{
    "__comment": "Body",
    "from": [ 4.5, 1, 4.5 ],
    "to": [ 5.5, 3, 5.5 ],
    "faces": {
        "down":  { "uv": [ 11.5, 5.5, 10.5, 4.5 ], "texture": "#anvil_base" },
        "up":    { "uv": [ 4.5, 4.5, 5.5, 5.5 ], "texture": "#anvil_base" },
        "north": { "uv": [ 10.5, 13, 11.5, 15 ], "texture": "#anvil_base" },
        "south": { "uv": [ 4.5, 13, 5.5, 15 ], "texture": "#anvil_base" },
        "west":  { "uv": [ 4.5, 13, 5.5, 15 ], "texture": "#anvil_base" },
        "east":  { "uv": [ 10.5, 13, 11.5, 15 ], "texture": "#anvil_base" }
    }
},
{
    "__comment": "Body",
    "from": [ 3.5, 1, 6.5 ],
    "to": [ 4.5, 3, 7.5 ],
    "faces": {
        "down":  { "uv": [ 12.5, 7.5, 11.5, 6.5 ], "texture": "#anvil_base" },
        "up":    { "uv": [ 3.5, 6.5, 4.5, 7.5 ], "texture": "#anvil_base" },
        "north": { "uv": [ 11.5, 13, 12.5, 15 ], "texture": "#anvil_base" },
        "west":  { "uv": [ 6.5, 13, 7.5, 15 ], "texture": "#anvil_base" },
        "east":  { "uv": [ 8.5, 13, 9.5, 15 ], "texture": "#anvil_base" }
    }
},
{
    "__comment": "Body",
    "from": [ 4, 1, 5.5 ],
    "to": [ 5, 3, 6.5 ],
    "faces": {
        "down":  { "uv": [ 12, 6.5, 11, 5.5 ], "texture": "#anvil_base" },
        "up":    { "uv": [ 4, 5.5, 5, 6.5 ], "texture": "#anvil_base" },
        "north": { "uv": [ 11, 13, 12, 15 ], "texture": "#anvil_base" },
        "south": { "uv": [ 4, 13, 5, 15 ], "texture": "#anvil_base" },
        "west":  { "uv": [ 5.5, 13, 6.5, 15 ], "texture": "#anvil_base" },
        "east":  { "uv": [ 9.5, 13, 10.5, 15 ], "texture": "#anvil_base" }
    }
},
{
    "__comment": "Body",
    "from": [ 3, 3, 8.5 ],
    "to": [ 4, 6, 9.5 ],
    "faces": {
        "down":  { "uv": [ 13, 9.5, 12, 8.5 ], "texture": "#anvil_base" },
        "up":    { "uv": [ 3, 8.5, 4, 9.5 ], "texture": "#anvil_base" },
        "south": { "uv": [ 3, 10, 4, 13 ], "texture": "#anvil_base" },
        "west":  { "uv": [ 8.5, 10, 9.5, 13 ], "texture": "#anvil_base" },
        "east":  { "uv": [ 6.5, 10, 7.5, 13 ], "texture": "#anvil_base" }
    }
},
{
    "__comment": "Body",
    "from": [ 3.5, 3, 9.5 ],
    "to": [ 4.5, 6, 10.5 ],
    "faces": {
        "down":  { "uv": [ 12.5, 10.5, 11.5, 9.5 ], "texture": "#anvil_base" },
        "up":    { "uv": [ 3.5, 9.5, 4.5, 10.5 ], "texture": "#anvil_base" },
        "north": { "uv": [ 11.5, 10, 12.5, 13 ], "texture": "#anvil_base" },
        "south": { "uv": [ 3.5, 10, 4.5, 13 ], "texture": "#anvil_base" },
        "west":  { "uv": [ 9.5, 10, 10.5, 13 ], "texture": "#anvil_base" },
        "east":  { "uv": [ 5.5, 10, 6.5, 13 ], "texture": "#anvil_base" }
    }
},
{
    "__comment": "Body",
    "from": [ 6.5, 3, 12 ],
    "to": [ 7.5, 6, 13 ],
    "faces": {
        "down":  { "uv": [ 9.5, 13, 8.5, 12 ], "texture": "#anvil_base" },
        "up":    { "uv": [ 6.5, 12, 7.5, 13 ], "texture": "#anvil_base" },
        "north": { "uv": [ 8.5, 10, 9.5, 13 ], "texture": "#anvil_base" },
        "south": { "uv": [ 6.5, 10, 7.5, 13 ], "texture": "#anvil_base" },
        "west":  { "uv": [ 12, 10, 13, 13 ], "texture": "#anvil_base" }
    }
},
{
    "__comment": "Body",
    "from": [ 5.5, 3, 11.5 ],
    "to": [ 6.5, 6, 12.5 ],
    "faces": {
        "down":  { "uv": [ 10.5, 12.5, 9.5, 11.5 ], "texture": "#anvil_base" },
        "up":    { "uv": [ 5.5, 11.5, 6.5, 12.5 ], "texture": "#anvil_base" },
        "north": { "uv": [ 9.5, 10, 10.5, 13 ], "texture": "#anvil_base" },
        "south": { "uv": [ 5.5, 10, 6.5, 13 ], "texture": "#anvil_base" },
        "west":  { "uv": [ 11.5, 10, 12.5, 13 ], "texture": "#anvil_base" },
        "east":  { "uv": [ 3.5, 10, 4.5, 13 ], "texture": "#anvil_base" }
    }
},
{
    "__comment": "Body",
    "from": [ 4.5, 3, 11 ],
    "to": [ 5.5, 6, 12 ],
    "faces": {
        "down":  { "uv": [ 11.5, 12, 10.5, 11 ], "texture": "#anvil_base" },
        "up":    { "uv": [ 4.5, 11, 5.5, 12 ], "texture": "#anvil_base" },
        "north": { "uv": [ 10.5, 10, 11.5, 13 ], "texture": "#anvil_base" },
        "south": { "uv": [ 4.5, 10, 5.5, 13 ], "texture": "#anvil_base" },
        "west":  { "uv": [ 11, 10, 12, 13 ], "texture": "#anvil_base" },
        "east":  { "uv": [ 4, 10, 5, 13 ], "texture": "#anvil_base" }
    }
},
{
    "__comment": "Body",
    "from": [ 4, 3, 10.5 ],
    "to": [ 5, 6, 11.5 ],
    "faces": {
        "down":  { "uv": [ 12, 11.5, 11, 10.5 ], "texture": "#anvil_base" },
        "up":    { "uv": [ 4, 10.5, 5, 11.5 ], "texture": "#anvil_base" },
        "north": { "uv": [ 11, 10, 12, 13 ], "texture": "#anvil_base" },
        "south": { "uv": [ 4, 10, 5, 13 ], "texture": "#anvil_base" },
        "west":  { "uv": [ 10.5, 10, 11.5, 13 ], "texture": "#anvil_base" },
        "east":  { "uv": [ 4.5, 10, 5.5, 13 ], "texture": "#anvil_base" }
    }
},
{
    "__comment": "Body",
    "from": [ 8.5, 3, 12 ],
    "to": [ 9.5, 6, 13 ],
    "faces": {
        "down":  { "uv": [ 7.5, 13, 6.5, 12 ], "texture": "#anvil_base" },
        "up":    { "uv": [ 8.5, 12, 9.5, 13 ], "texture": "#anvil_base" },
        "north": { "uv": [ 6.5, 10, 7.5, 13 ], "texture": "#anvil_base" },
        "south": { "uv": [ 8.5, 10, 9.5, 13 ], "texture": "#anvil_base" },
        "east":  { "uv": [ 3, 10, 4, 13 ], "texture": "#anvil_base" }
    }
},
{
    "__comment": "Body",
    "from": [ 9.5, 3, 11.5 ],
    "to": [ 10.5, 6, 12.5 ],
    "faces": {
        "down":  { "uv": [ 6.5, 12.5, 5.5, 11.5 ], "texture": "#anvil_base" },
        "up":    { "uv": [ 9.5, 11.5, 10.5, 12.5 ], "texture": "#anvil_base" },
        "north": { "uv": [ 5.5, 10, 6.5, 13 ], "texture": "#anvil_base" },
        "south": { "uv": [ 9.5, 10, 10.5, 13 ], "texture": "#anvil_base" },
        "west":  { "uv": [ 11.5, 10, 12.5, 13 ], "texture": "#anvil_base" },
        "east":  { "uv": [ 3.5, 10, 4.5, 13 ], "texture": "#anvil_base" }
    }
},
{
    "__comment": "Body",
    "from": [ 10.5, 3, 11 ],
    "to": [ 11.5, 6, 12 ],
    "faces": {
        "down":  { "uv": [ 5.5, 12, 4.5, 11 ], "texture": "#anvil_base" },
        "up":    { "uv": [ 10.5, 11, 11.5, 12 ], "texture": "#anvil_base" },
        "north": { "uv": [ 4.5, 10, 5.5, 13 ], "texture": "#anvil_base" },
        "south": { "uv": [ 10.5, 10, 11.5, 13 ], "texture": "#anvil_base" },
        "west":  { "uv": [ 11, 10, 12, 13 ], "texture": "#anvil_base" },
        "east":  { "uv": [ 4, 10, 5, 13 ], "texture": "#anvil_base" }
    }
},
{
    "__comment": "Body",
    "from": [ 11, 3, 10.5 ],
    "to": [ 12, 6, 11.5 ],
    "faces": {
        "down":  { "uv": [ 5, 11.5, 4, 10.5 ], "texture": "#anvil_base" },
        "up":    { "uv": [ 11, 10.5, 12, 11.5 ], "texture": "#anvil_base" },
        "north": { "uv": [ 4, 10, 5, 13 ], "texture": "#anvil_base" },
        "south": { "uv": [ 11, 10, 12, 13 ], "texture": "#anvil_base" },
        "west":  { "uv": [ 10.5, 10, 11.5, 13 ], "texture": "#anvil_base" },
        "east":  { "uv": [ 4.5, 10, 5.5, 13 ], "texture": "#anvil_base" }
    }
},
{
    "__comment": "Body",
    "from": [ 12, 3, 8.5 ],
    "to": [ 13, 6, 9.5 ],
    "faces": {
        "down":  { "uv": [ 4, 9.5, 3, 8.5 ], "texture": "#anvil_base" },
        "up":    { "uv": [ 12, 8.5, 13, 9.5 ], "texture": "#anvil_base" },
        "south": { "uv": [ 12, 10, 13, 13 ], "texture": "#anvil_base" },
        "west":  { "uv": [ 8.5, 10, 9.5, 13 ], "texture": "#anvil_base" },
        "east":  { "uv": [ 6.5, 10, 7.5, 13 ], "texture": "#anvil_base" }
    }
},
{
    "__comment": "Body",
    "from": [ 11.5, 3, 9.5 ],
    "to": [ 12.5, 6, 10.5 ],
    "faces": {
        "down":  { "uv": [ 4.5, 10.5, 3.5, 9.5 ], "texture": "#anvil_base" },
        "up":    { "uv": [ 11.5, 9.5, 12.5, 10.5 ], "texture": "#anvil_base" },
        "north": { "uv": [ 3.5, 10, 4.5, 13 ], "texture": "#anvil_base" },
        "south": { "uv": [ 11.5, 10, 12.5, 13 ], "texture": "#anvil_base" },
        "west":  { "uv": [ 9.5, 10, 10.5, 13 ], "texture": "#anvil_base" },
        "east":  { "uv": [ 5.5, 10, 6.5, 13 ], "texture": "#anvil_base" }
    }
},
{
    "__comment": "Body",
    "from": [ 12, 3, 6.5 ],
    "to": [ 13, 6, 7.5 ],
    "faces": {
        "down":  { "uv": [ 4, 7.5, 3, 6.5 ], "texture": "#anvil_base" },
        "up":    { "uv": [ 12, 6.5, 13, 7.5 ], "texture": "#anvil_base" },
        "north": { "uv": [ 3, 10, 4, 13 ], "texture": "#anvil_base" },
        "west":  { "uv": [ 6.5, 10, 7.5, 13 ], "texture": "#anvil_base" },
        "east":  { "uv": [ 8.5, 10, 9.5, 13 ], "texture": "#anvil_base" }
    }
},
{
    "__comment": "Body",
    "from": [ 12.5, 3, 7.5 ],
    "to": [ 13.5, 6, 8.5 ],
    "faces": {
        "down":  { "uv": [ 3.5, 8.5, 2.5, 7.5 ], "texture": "#anvil_base" },
        "north": { "uv": [ 2.5, 10, 3.5, 13 ], "texture": "#anvil_base" },
        "south": { "uv": [ 12.5, 10, 13.5, 13 ], "texture": "#anvil_base" },
        "west":  { "uv": [ 7.5, 10, 8.5, 13 ], "texture": "#anvil_base" },
        "east":  { "uv": [ 7.5, 10, 8.5, 13 ], "texture": "#anvil_base" }
    }
},
{
    "__comment": "Body",
    "from": [ 11.5, 3, 5.5 ],
    "to": [ 12.5, 6, 6.5 ],
    "faces": {
        "down":  { "uv": [ 4.5, 6.5, 3.5, 5.5 ], "texture": "#anvil_base" },
        "up":    { "uv": [ 11.5, 5.5, 12.5, 6.5 ], "texture": "#anvil_base" },
        "north": { "uv": [ 3.5, 10, 4.5, 13 ], "texture": "#anvil_base" },
        "south": { "uv": [ 11.5, 10, 12.5, 13 ], "texture": "#anvil_base" },
        "west":  { "uv": [ 5.5, 10, 6.5, 13 ], "texture": "#anvil_base" },
        "east":  { "uv": [ 9.5, 10, 10.5, 13 ], "texture": "#anvil_base" }
    }
},
{
    "__comment": "Body",
    "from": [ 8.5, 3, 3 ],
    "to": [ 9.5, 6, 4 ],
    "faces": {
        "down":  { "uv": [ 7.5, 4, 6.5, 3 ], "texture": "#anvil_base" },
        "up":    { "uv": [ 8.5, 3, 9.5, 4 ], "texture": "#anvil_base" },
        "north": { "uv": [ 6.5, 10, 7.5, 13 ], "texture": "#anvil_base" },
        "south": { "uv": [ 8.5, 10, 9.5, 13 ], "texture": "#anvil_base" },
        "east":  { "uv": [ 12, 10, 13, 13 ], "texture": "#anvil_base" }
    }
},
{
    "__comment": "Body",
    "from": [ 9.5, 3, 3.5 ],
    "to": [ 10.5, 6, 4.5 ],
    "faces": {
        "down":  { "uv": [ 6.5, 4.5, 5.5, 3.5 ], "texture": "#anvil_base" },
        "up":    { "uv": [ 9.5, 3.5, 10.5, 4.5 ], "texture": "#anvil_base" },
        "north": { "uv": [ 5.5, 10, 6.5, 13 ], "texture": "#anvil_base" },
        "south": { "uv": [ 9.5, 10, 10.5, 13 ], "texture": "#anvil_base" },
        "west":  { "uv": [ 3.5, 10, 4.5, 13 ], "texture": "#anvil_base" },
        "east":  { "uv": [ 11.5, 10, 12.5, 13 ], "texture": "#anvil_base" }
    }
},
{
    "__comment": "Body",
    "from": [ 10.5, 3, 4 ],
    "to": [ 11.5, 6, 5 ],
    "faces": {
        "down":  { "uv": [ 5.5, 5, 4.5, 4 ], "texture": "#anvil_base" },
        "up":    { "uv": [ 10.5, 4, 11.5, 5 ], "texture": "#anvil_base" },
        "north": { "uv": [ 4.5, 10, 5.5, 13 ], "texture": "#anvil_base" },
        "south": { "uv": [ 10.5, 10, 11.5, 13 ], "texture": "#anvil_base" },
        "west":  { "uv": [ 4, 10, 5, 13 ], "texture": "#anvil_base" },
        "east":  { "uv": [ 11, 10, 12, 13 ], "texture": "#anvil_base" }
    }
},
{
    "__comment": "Body",
    "from": [ 11, 3, 4.5 ],
    "to": [ 12, 6, 5.5 ],
    "faces": {
        "down":  { "uv": [ 5, 5.5, 4, 4.5 ], "texture": "#anvil_base" },
        "up":    { "uv": [ 11, 4.5, 12, 5.5 ], "texture": "#anvil_base" },
        "north": { "uv": [ 4, 10, 5, 13 ], "texture": "#anvil_base" },
        "south": { "uv": [ 11, 10, 12, 13 ], "texture": "#anvil_base" },
        "west":  { "uv": [ 4.5, 10, 5.5, 13 ], "texture": "#anvil_base" },
        "east":  { "uv": [ 10.5, 10, 11.5, 13 ], "texture": "#anvil_base" }
    }
},
{
    "__comment": "Body",
    "from": [ 6.5, 3, 3 ],
    "to": [ 7.5, 6, 4 ],
    "faces": {
        "down":  { "uv": [ 9.5, 4, 8.5, 3 ], "texture": "#anvil_base" },
        "up":    { "uv": [ 6.5, 3, 7.5, 4 ], "texture": "#anvil_base" },
        "north": { "uv": [ 8.5, 10, 9.5, 13 ], "texture": "#anvil_base" },
        "south": { "uv": [ 6.5, 10, 7.5, 13 ], "texture": "#anvil_base" },
        "west":  { "uv": [ 3, 10, 4, 13 ], "texture": "#anvil_base" }
    }
},
{
    "__comment": "Body",
    "from": [ 5.5, 3, 3.5 ],
    "to": [ 6.5, 6, 4.5 ],
    "faces": {
        "down":  { "uv": [ 10.5, 4.5, 9.5, 3.5 ], "texture": "#anvil_base" },
        "up":    { "uv": [ 5.5, 3.5, 6.5, 4.5 ], "texture": "#anvil_base" },
        "north": { "uv": [ 9.5, 10, 10.5, 13 ], "texture": "#anvil_base" },
        "south": { "uv": [ 5.5, 10, 6.5, 13 ], "texture": "#anvil_base" },
        "west":  { "uv": [ 3.5, 10, 4.5, 13 ], "texture": "#anvil_base" },
        "east":  { "uv": [ 11.5, 10, 12.5, 13 ], "texture": "#anvil_base" }
    }
},
{
    "__comment": "Body",
    "from": [ 4.5, 3, 4 ],
    "to": [ 5.5, 6, 5 ],
    "faces": {
        "down":  { "uv": [ 11.5, 5, 10.5, 4 ], "texture": "#anvil_base" },
        "up":    { "uv": [ 4.5, 4, 5.5, 5 ], "texture": "#anvil_base" },
        "north": { "uv": [ 10.5, 10, 11.5, 13 ], "texture": "#anvil_base" },
        "south": { "uv": [ 4.5, 10, 5.5, 13 ], "texture": "#anvil_base" },
        "west":  { "uv": [ 4, 10, 5, 13 ], "texture": "#anvil_base" },
        "east":  { "uv": [ 11, 10, 12, 13 ], "texture": "#anvil_base" }
    }
},
{
    "__comment": "Body",
    "from": [ 3.5, 3, 5.5 ],
    "to": [ 4.5, 6, 6.5 ],
    "faces": {
        "down":  { "uv": [ 12.5, 6.5, 11.5, 5.5 ], "texture": "#anvil_base" },
        "up":    { "uv": [ 3.5, 5.5, 4.5, 6.5 ], "texture": "#anvil_base" },
        "north": { "uv": [ 11.5, 10, 12.5, 13 ], "texture": "#anvil_base" },
        "south": { "uv": [ 3.5, 10, 4.5, 13 ], "texture": "#anvil_base" },
        "west":  { "uv": [ 5.5, 10, 6.5, 13 ], "texture": "#anvil_base" },
        "east":  { "uv": [ 9.5, 10, 10.5, 13 ], "texture": "#anvil_base" }
    }
},
{
    "__comment": "Body",
    "from": [ 4, 3, 4.5 ],
    "to": [ 5, 6, 5.5 ],
    "faces": {
        "down":  { "uv": [ 12, 5.5, 11, 4.5 ], "texture": "#anvil_base" },
        "up":    { "uv": [ 4, 4.5, 5, 5.5 ], "texture": "#anvil_base" },
        "north": { "uv": [ 11, 10, 12, 13 ], "texture": "#anvil_base" },
        "south": { "uv": [ 4, 10, 5, 13 ], "texture": "#anvil_base" },
        "west":  { "uv": [ 4.5, 10, 5.5, 13 ], "texture": "#anvil_base" },
        "east":  { "uv": [ 10.5, 10, 11.5, 13 ], "texture": "#anvil_base" }
    }
},
{
    "__comment": "Body",
    "from": [ 3, 3, 6.5 ],
    "to": [ 4, 6, 7.5 ],
    "faces": {
        "down":  { "uv": [ 13, 7.5, 12, 6.5 ], "texture": "#anvil_base" },
        "up":    { "uv": [ 3, 6.5, 4, 7.5 ], "texture": "#anvil_base" },
        "north": { "uv": [ 12, 10, 13, 13 ], "texture": "#anvil_base" },
        "west":  { "uv": [ 6.5, 10, 7.5, 13 ], "texture": "#anvil_base" },
        "east":  { "uv": [ 8.5, 10, 9.5, 13 ], "texture": "#anvil_base" }
    }
},
{
    "__comment": "Body",
    "from": [ 8.5, 6, 12.5 ],
    "to": [ 9.5, 10, 13.5 ],
    "faces": {
        "down":  { "uv": [ 7.5, 13.5, 6.5, 12.5 ], "texture": "#anvil_base" },
        "up":    { "uv": [ 8.5, 12.5, 9.5, 13.5 ], "texture": "#anvil_base" },
        "north": { "uv": [ 6.5, 6, 7.5, 10 ], "texture": "#anvil_base" },
        "south": { "uv": [ 8.5, 6, 9.5, 10 ], "texture": "#anvil_base" },
        "east":  { "uv": [ 2.5, 6, 3.5, 10 ], "texture": "#anvil_base" }
    }
},
{
    "__comment": "Body",
    "from": [ 9.5, 6, 12 ],
    "to": [ 10.5, 10, 13 ],
    "faces": {
        "down":  { "uv": [ 6.5, 13, 5.5, 12 ], "texture": "#anvil_base" },
        "up":    { "uv": [ 9.5, 12, 10.5, 13 ], "texture": "#anvil_base" },
        "north": { "uv": [ 5.5, 6, 6.5, 10 ], "texture": "#anvil_base" },
        "south": { "uv": [ 9.5, 6, 10.5, 10 ], "texture": "#anvil_base" },
        "west":  { "uv": [ 12, 6, 13, 10 ], "texture": "#anvil_base" },
        "east":  { "uv": [ 3, 6, 4, 10 ], "texture": "#anvil_base" }
    }
},
{
    "__comment": "Body",
    "from": [ 10.5, 6, 11.5 ],
    "to": [ 11.5, 10, 12.5 ],
    "faces": {
        "down":  { "uv": [ 5.5, 12.5, 4.5, 11.5 ], "texture": "#anvil_base" },
        "up":    { "uv": [ 10.5, 11.5, 11.5, 12.5 ], "texture": "#anvil_base" },
        "north": { "uv": [ 4.5, 6, 5.5, 10 ], "texture": "#anvil_base" },
        "south": { "uv": [ 10.5, 6, 11.5, 10 ], "texture": "#anvil_base" },
        "west":  { "uv": [ 11.5, 6, 12.5, 10 ], "texture": "#anvil_base" },
        "east":  { "uv": [ 3.5, 6, 4.5, 10 ], "texture": "#anvil_base" }
    }
},
{
    "__comment": "Body",
    "from": [ 11.5, 6, 10.5 ],
    "to": [ 12.5, 10, 11.5 ],
    "faces": {
        "down":  { "uv": [ 4.5, 11.5, 3.5, 10.5 ], "texture": "#anvil_base" },
        "up":    { "uv": [ 11.5, 10.5, 12.5, 11.5 ], "texture": "#anvil_base" },
        "north": { "uv": [ 3.5, 6, 4.5, 10 ], "texture": "#anvil_base" },
        "south": { "uv": [ 11.5, 6, 12.5, 10 ], "texture": "#anvil_base" },
        "west":  { "uv": [ 10.5, 6, 11.5, 10 ], "texture": "#anvil_base" },
        "east":  { "uv": [ 4.5, 6, 5.5, 10 ], "texture": "#anvil_base" }
    }
},
{
    "__comment": "Body",
    "from": [ 12, 6, 9.5 ],
    "to": [ 13, 10, 10.5 ],
    "faces": {
        "down":  { "uv": [ 4, 10.5, 3, 9.5 ], "texture": "#anvil_base" },
        "up":    { "uv": [ 12, 9.5, 13, 10.5 ], "texture": "#anvil_base" },
        "north": { "uv": [ 3, 6, 4, 10 ], "texture": "#anvil_base" },
        "south": { "uv": [ 12, 6, 13, 10 ], "texture": "#anvil_base" },
        "west":  { "uv": [ 9.5, 6, 10.5, 10 ], "texture": "#anvil_base" },
        "east":  { "uv": [ 5.5, 6, 6.5, 10 ], "texture": "#anvil_base" }
    }
},
{
    "__comment": "Body",
    "from": [ 12.5, 6, 6.5 ],
    "to": [ 13.5, 10, 7.5 ],
    "faces": {
        "down":  { "uv": [ 3.5, 7.5, 2.5, 6.5 ], "texture": "#anvil_base" },
        "up":    { "uv": [ 12.5, 6.5, 13.5, 7.5 ], "texture": "#anvil_base" },
        "north": { "uv": [ 2.5, 6, 3.5, 10 ], "texture": "#anvil_base" },
        "west":  { "uv": [ 6.5, 6, 7.5, 10 ], "texture": "#anvil_base" },
        "east":  { "uv": [ 8.5, 6, 9.5, 10 ], "texture": "#anvil_base" }
    }
},
{
    "__comment": "Body",
    "from": [ 12.5, 6, 8.5 ],
    "to": [ 13.5, 10, 9.5 ],
    "faces": {
        "down":  { "uv": [ 3.5, 9.5, 2.5, 8.5 ], "texture": "#anvil_base" },
        "up":    { "uv": [ 12.5, 8.5, 13.5, 9.5 ], "texture": "#anvil_base" },
        "south": { "uv": [ 12.5, 6, 13.5, 10 ], "texture": "#anvil_base" },
        "west":  { "uv": [ 8.5, 6, 9.5, 10 ], "texture": "#anvil_base" },
        "east":  { "uv": [ 6.5, 6, 7.5, 10 ], "texture": "#anvil_base" }
    }
},
{
    "__comment": "Body",
    "from": [ 12, 6, 5.5 ],
    "to": [ 13, 10, 6.5 ],
    "faces": {
        "down":  { "uv": [ 4, 6.5, 3, 5.5 ], "texture": "#anvil_base" },
        "up":    { "uv": [ 12, 5.5, 13, 6.5 ], "texture": "#anvil_base" },
        "north": { "uv": [ 3, 6, 4, 10 ], "texture": "#anvil_base" },
        "south": { "uv": [ 12, 6, 13, 10 ], "texture": "#anvil_base" },
        "west":  { "uv": [ 5.5, 6, 6.5, 10 ], "texture": "#anvil_base" },
        "east":  { "uv": [ 9.5, 6, 10.5, 10 ], "texture": "#anvil_base" }
    }
},
{
    "__comment": "Body",
    "from": [ 8.5, 6, 2.5 ],
    "to": [ 9.5, 10, 3.5 ],
    "faces": {
        "down":  { "uv": [ 7.5, 3.5, 6.5, 2.5 ], "texture": "#anvil_base" },
        "up":    { "uv": [ 8.5, 2.5, 9.5, 3.5 ], "texture": "#anvil_base" },
        "north": { "uv": [ 6.5, 6, 7.5, 10 ], "texture": "#anvil_base" },
        "south": { "uv": [ 8.5, 6, 9.5, 10 ], "texture": "#anvil_base" },
        "east":  { "uv": [ 12.5, 6, 13.5, 10 ], "texture": "#anvil_base" }
    }
},
{
    "__comment": "Body",
    "from": [ 9.5, 6, 3 ],
    "to": [ 10.5, 10, 4 ],
    "faces": {
        "down":  { "uv": [ 6.5, 4, 5.5, 3 ], "texture": "#anvil_base" },
        "up":    { "uv": [ 9.5, 3, 10.5, 4 ], "texture": "#anvil_base" },
        "north": { "uv": [ 5.5, 6, 6.5, 10 ], "texture": "#anvil_base" },
        "south": { "uv": [ 9.5, 6, 10.5, 10 ], "texture": "#anvil_base" },
        "west":  { "uv": [ 3, 6, 4, 10 ], "texture": "#anvil_base" },
        "east":  { "uv": [ 12, 6, 13, 10 ], "texture": "#anvil_base" }
    }
},
{
    "__comment": "Body",
    "from": [ 10.5, 6, 3.5 ],
    "to": [ 11.5, 10, 4.5 ],
    "faces": {
        "down":  { "uv": [ 5.5, 4.5, 4.5, 3.5 ], "texture": "#anvil_base" },
        "up":    { "uv": [ 10.5, 3.5, 11.5, 4.5 ], "texture": "#anvil_base" },
        "north": { "uv": [ 4.5, 6, 5.5, 10 ], "texture": "#anvil_base" },
        "south": { "uv": [ 10.5, 6, 11.5, 10 ], "texture": "#anvil_base" },
        "west":  { "uv": [ 3.5, 6, 4.5, 10 ], "texture": "#anvil_base" },
        "east":  { "uv": [ 11.5, 6, 12.5, 10 ], "texture": "#anvil_base" }
    }
},
{
    "__comment": "Body",
    "from": [ 11.5, 6, 4.5 ],
    "to": [ 12.5, 10, 5.5 ],
    "faces": {
        "down":  { "uv": [ 4.5, 5.5, 3.5, 4.5 ], "texture": "#anvil_base" },
        "up":    { "uv": [ 11.5, 4.5, 12.5, 5.5 ], "texture": "#anvil_base" },
        "north": { "uv": [ 3.5, 6, 4.5, 10 ], "texture": "#anvil_base" },
        "south": { "uv": [ 11.5, 6, 12.5, 10 ], "texture": "#anvil_base" },
        "west":  { "uv": [ 4.5, 6, 5.5, 10 ], "texture": "#anvil_base" },
        "east":  { "uv": [ 10.5, 6, 11.5, 10 ], "texture": "#anvil_base" }
    }
},
{
    "__comment": "Body",
    "from": [ 6.5, 6, 2.5 ],
    "to": [ 7.5, 10, 3.5 ],
    "faces": {
        "down":  { "uv": [ 9.5, 3.5, 8.5, 2.5 ], "texture": "#anvil_base" },
        "up":    { "uv": [ 6.5, 2.5, 7.5, 3.5 ], "texture": "#anvil_base" },
        "north": { "uv": [ 8.5, 6, 9.5, 10 ], "texture": "#anvil_base" },
        "south": { "uv": [ 6.5, 6, 7.5, 10 ], "texture": "#anvil_base" },
        "west":  { "uv": [ 2.5, 6, 3.5, 10 ], "texture": "#anvil_base" }
    }
},
{
    "__comment": "Body",
    "from": [ 5.5, 6, 3 ],
    "to": [ 6.5, 10, 4 ],
    "faces": {
        "down":  { "uv": [ 10.5, 4, 9.5, 3 ], "texture": "#anvil_base" },
        "up":    { "uv": [ 5.5, 3, 6.5, 4 ], "texture": "#anvil_base" },
        "north": { "uv": [ 9.5, 6, 10.5, 10 ], "texture": "#anvil_base" },
        "south": { "uv": [ 5.5, 6, 6.5, 10 ], "texture": "#anvil_base" },
        "west":  { "uv": [ 3, 6, 4, 10 ], "texture": "#anvil_base" },
        "east":  { "uv": [ 12, 6, 13, 10 ], "texture": "#anvil_base" }
    }
},
{
    "__comment": "Body",
    "from": [ 4.5, 6, 3.5 ],
    "to": [ 5.5, 10, 4.5 ],
    "faces": {
        "down":  { "uv": [ 11.5, 4.5, 10.5, 3.5 ], "texture": "#anvil_base" },
        "up":    { "uv": [ 4.5, 3.5, 5.5, 4.5 ], "texture": "#anvil_base" },
        "north": { "uv": [ 10.5, 6, 11.5, 10 ], "texture": "#anvil_base" },
        "south": { "uv": [ 4.5, 6, 5.5, 10 ], "texture": "#anvil_base" },
        "west":  { "uv": [ 3.5, 6, 4.5, 10 ], "texture": "#anvil_base" },
        "east":  { "uv": [ 11.5, 6, 12.5, 10 ], "texture": "#anvil_base" }
    }
},
{
    "__comment": "Body",
    "from": [ 3.5, 6, 4.5 ],
    "to": [ 4.5, 10, 5.5 ],
    "faces": {
        "down":  { "uv": [ 12.5, 5.5, 11.5, 4.5 ], "texture": "#anvil_base" },
        "up":    { "uv": [ 3.5, 4.5, 4.5, 5.5 ], "texture": "#anvil_base" },
        "north": { "uv": [ 11.5, 6, 12.5, 10 ], "texture": "#anvil_base" },
        "south": { "uv": [ 3.5, 6, 4.5, 10 ], "texture": "#anvil_base" },
        "west":  { "uv": [ 4.5, 6, 5.5, 10 ], "texture": "#anvil_base" },
        "east":  { "uv": [ 10.5, 6, 11.5, 10 ], "texture": "#anvil_base" }
    }
},
{
    "__comment": "Body",
    "from": [ 3, 6, 5.5 ],
    "to": [ 4, 10, 6.5 ],
    "faces": {
        "down":  { "uv": [ 13, 6.5, 12, 5.5 ], "texture": "#anvil_base" },
        "up":    { "uv": [ 3, 5.5, 4, 6.5 ], "texture": "#anvil_base" },
        "north": { "uv": [ 12, 6, 13, 10 ], "texture": "#anvil_base" },
        "south": { "uv": [ 3, 6, 4, 10 ], "texture": "#anvil_base" },
        "west":  { "uv": [ 5.5, 6, 6.5, 10 ], "texture": "#anvil_base" },
        "east":  { "uv": [ 9.5, 6, 10.5, 10 ], "texture": "#anvil_base" }
    }
},
{
    "__comment": "Body",
    "from": [ 2.5, 6, 6.5 ],
    "to": [ 3.5, 10, 7.5 ],
    "faces": {
        "down":  { "uv": [ 13.5, 7.5, 12.5, 6.5 ], "texture": "#anvil_base" },
        "up":    { "uv": [ 2.5, 6.5, 3.5, 7.5 ], "texture": "#anvil_base" },
        "north": { "uv": [ 12.5, 6, 13.5, 10 ], "texture": "#anvil_base" },
        "west":  { "uv": [ 6.5, 6, 7.5, 10 ], "texture": "#anvil_base" },
        "east":  { "uv": [ 8.5, 6, 9.5, 10 ], "texture": "#anvil_base" }
    }
},
{
    "__comment": "Body",
    "from": [ 2.5, 6, 8.5 ],
    "to": [ 3.5, 10, 9.5 ],
    "faces": {
        "down":  { "uv": [ 13.5, 9.5, 12.5, 8.5 ], "texture": "#anvil_base" },
        "up":    { "uv": [ 2.5, 8.5, 3.5, 9.5 ], "texture": "#anvil_base" },
        "south": { "uv": [ 2.5, 6, 3.5, 10 ], "texture": "#anvil_base" },
        "west":  { "uv": [ 8.5, 6, 9.5, 10 ], "texture": "#anvil_base" },
        "east":  { "uv": [ 6.5, 6, 7.5, 10 ], "texture": "#anvil_base" }
    }
},
{
    "__comment": "Body",
    "from": [ 3, 6, 9.5 ],
    "to": [ 4, 10, 10.5 ],
    "faces": {
        "down":  { "uv": [ 13, 10.5, 12, 9.5 ], "texture": "#anvil_base" },
        "up":    { "uv": [ 3, 9.5, 4, 10.5 ], "texture": "#anvil_base" },
        "north": { "uv": [ 12, 6, 13, 10 ], "texture": "#anvil_base" },
        "south": { "uv": [ 3, 6, 4, 10 ], "texture": "#anvil_base" },
        "west":  { "uv": [ 9.5, 6, 10.5, 10 ], "texture": "#anvil_base" },
        "east":  { "uv": [ 5.5, 6, 6.5, 10 ], "texture": "#anvil_base" }
    }
},
{
    "__comment": "Body",
    "from": [ 3.5, 6, 10.5 ],
    "to": [ 4.5, 10, 11.5 ],
    "faces": {
        "down":  { "uv": [ 12.5, 11.5, 11.5, 10.5 ], "texture": "#anvil_base" },
        "up":    { "uv": [ 3.5, 10.5, 4.5, 11.5 ], "texture": "#anvil_base" },
        "north": { "uv": [ 11.5, 6, 12.5, 10 ], "texture": "#anvil_base" },
        "south": { "uv": [ 3.5, 6, 4.5, 10 ], "texture": "#anvil_base" },
        "west":  { "uv": [ 10.5, 6, 11.5, 10 ], "texture": "#anvil_base" },
        "east":  { "uv": [ 4.5, 6, 5.5, 10 ], "texture": "#anvil_base" }
    }
},
{
    "__comment": "Body",
    "from": [ 4.5, 6, 11.5 ],
    "to": [ 5.5, 10, 12.5 ],
    "faces": {
        "down":  { "uv": [ 11.5, 12.5, 10.5, 11.5 ], "texture": "#anvil_base" },
        "up":    { "uv": [ 4.5, 11.5, 5.5, 12.5 ], "texture": "#anvil_base" },
        "north": { "uv": [ 10.5, 6, 11.5, 10 ], "texture": "#anvil_base" },
        "south": { "uv": [ 4.5, 6, 5.5, 10 ], "texture": "#anvil_base" },
        "west":  { "uv": [ 11.5, 6, 12.5, 10 ], "texture": "#anvil_base" },
        "east":  { "uv": [ 3.5, 6, 4.5, 10 ], "texture": "#anvil_base" }
    }
},
{
    "__comment": "Body",
    "from": [ 5.5, 6, 12 ],
    "to": [ 6.5, 10, 13 ],
    "faces": {
        "down":  { "uv": [ 10.5, 13, 9.5, 12 ], "texture": "#anvil_base" },
        "up":    { "uv": [ 5.5, 12, 6.5, 13 ], "texture": "#anvil_base" },
        "north": { "uv": [ 9.5, 6, 10.5, 10 ], "texture": "#anvil_base" },
        "south": { "uv": [ 5.5, 6, 6.5, 10 ], "texture": "#anvil_base" },
        "west":  { "uv": [ 12, 6, 13, 10 ], "texture": "#anvil_base" },
        "east":  { "uv": [ 3, 6, 4, 10 ], "texture": "#anvil_base" }
    }
},
{
    "__comment": "Body",
    "from": [ 6.5, 6, 12.5 ],
    "to": [ 7.5, 10, 13.5 ],
    "faces": {
        "down":  { "uv": [ 9.5, 13.5, 8.5, 12.5 ], "texture": "#anvil_base" },
        "up":    { "uv": [ 6.5, 12.5, 7.5, 13.5 ], "texture": "#anvil_base" },
        "north": { "uv": [ 8.5, 6, 9.5, 10 ], "texture": "#anvil_base" },
        "south": { "uv": [ 6.5, 6, 7.5, 10 ], "texture": "#anvil_base" },
        "west":  { "uv": [ 12.5, 6, 13.5, 10 ], "texture": "#anvil_base" }
    }
},
{
    "__comment": "Body",
    "from": [ 8.5, 10, 13 ],
    "to": [ 9.5, 12, 14 ],
    "faces": {
        "down":  { "uv": [ 7.5, 14, 6.5, 13 ], "texture": "#anvil_base" },
        "up":    { "uv": [ 8.5, 13, 9.5, 14 ], "texture": "#anvil_base" },
        "north": { "uv": [ 6.5, 4, 7.5, 6 ], "texture": "#anvil_base" },
        "south": { "uv": [ 8.5, 4, 9.5, 6 ], "texture": "#anvil_base" }
    }
},
{
    "__comment": "Body",
    "from": [ 9.5, 10, 13 ],
    "to": [ 10.5, 12, 14 ],
    "faces": {
        "down":  { "uv": [ 6.5, 14, 5.5, 13 ], "texture": "#anvil_base" },
        "up":    { "uv": [ 9.5, 13, 10.5, 14 ], "texture": "#anvil_base" },
        "north": { "uv": [ 5.5, 4, 6.5, 6 ], "texture": "#anvil_base" },
        "south": { "uv": [ 9.5, 4, 10.5, 6 ], "texture": "#anvil_base" },
        "east":  { "uv": [ 2, 4, 3, 6 ], "texture": "#anvil_base" }
    }
},
{
    "__comment": "Body",
    "from": [ 10.5, 10, 12.5 ],
    "to": [ 11.5, 12, 13.5 ],
    "faces": {
        "down":  { "uv": [ 5.5, 13.5, 4.5, 12.5 ], "texture": "#anvil_base" },
        "up":    { "uv": [ 10.5, 12.5, 11.5, 13.5 ], "texture": "#anvil_base" },
        "north": { "uv": [ 4.5, 4, 5.5, 6 ], "texture": "#anvil_base" },
        "south": { "uv": [ 10.5, 4, 11.5, 6 ], "texture": "#anvil_base" },
        "west":  { "uv": [ 12.5, 4, 13.5, 6 ], "texture": "#anvil_base" },
        "east":  { "uv": [ 2.5, 4, 3.5, 6 ], "texture": "#anvil_base" }
    }
},
{
    "__comment": "Body",
    "from": [ 11.5, 10, 11.5 ],
    "to": [ 12.5, 12, 12.5 ],
    "faces": {
        "down":  { "uv": [ 4.5, 12.5, 3.5, 11.5 ], "texture": "#anvil_base" },
        "up":    { "uv": [ 11.5, 11.5, 12.5, 12.5 ], "texture": "#anvil_base" },
        "north": { "uv": [ 3.5, 4, 4.5, 6 ], "texture": "#anvil_base" },
        "south": { "uv": [ 11.5, 4, 12.5, 6 ], "texture": "#anvil_base" },
        "west":  { "uv": [ 11.5, 4, 12.5, 6 ], "texture": "#anvil_base" },
        "east":  { "uv": [ 3.5, 4, 4.5, 6 ], "texture": "#anvil_base" }
    }
},
{
    "__comment": "Body",
    "from": [ 12.5, 10, 10.5 ],
    "to": [ 13.5, 12, 11.5 ],
    "faces": {
        "down":  { "uv": [ 3.5, 11.5, 2.5, 10.5 ], "texture": "#anvil_base" },
        "up":    { "uv": [ 12.5, 10.5, 13.5, 11.5 ], "texture": "#anvil_base" },
        "north": { "uv": [ 2.5, 4, 3.5, 6 ], "texture": "#anvil_base" },
        "south": { "uv": [ 12.5, 4, 13.5, 6 ], "texture": "#anvil_base" },
        "west":  { "uv": [ 10.5, 4, 11.5, 6 ], "texture": "#anvil_base" },
        "east":  { "uv": [ 4.5, 4, 5.5, 6 ], "texture": "#anvil_base" }
    }
},
{
    "__comment": "Body",
    "from": [ 13, 10, 9.5 ],
    "to": [ 14, 12, 10.5 ],
    "faces": {
        "down":  { "uv": [ 3, 10.5, 2, 9.5 ], "texture": "#anvil_base" },
        "up":    { "uv": [ 13, 9.5, 14, 10.5 ], "texture": "#anvil_base" },
        "south": { "uv": [ 13, 4, 14, 6 ], "texture": "#anvil_base" },
        "west":  { "uv": [ 9.5, 4, 10.5, 6 ], "texture": "#anvil_base" },
        "east":  { "uv": [ 5.5, 4, 6.5, 6 ], "texture": "#anvil_base" }
    }
},
{
    "__comment": "Body",
    "from": [ 13, 10, 8.5 ],
    "to": [ 14, 12, 9.5 ],
    "faces": {
        "down":  { "uv": [ 3, 9.5, 2, 8.5 ], "texture": "#anvil_base" },
        "up":    { "uv": [ 13, 8.5, 14, 9.5 ], "texture": "#anvil_base" },
        "west":  { "uv": [ 8.5, 4, 9.5, 6 ], "texture": "#anvil_base" },
        "east":  { "uv": [ 6.5, 4, 7.5, 6 ], "texture": "#anvil_base" }
    }
},
{
    "__comment": "Body",
    "from": [ 6.5, 10, 13 ],
    "to": [ 7.5, 12, 14 ],
    "faces": {
        "down":  { "uv": [ 9.5, 14, 8.5, 13 ], "texture": "#anvil_base" },
        "up":    { "uv": [ 6.5, 13, 7.5, 14 ], "texture": "#anvil_base" },
        "north": { "uv": [ 8.5, 4, 9.5, 6 ], "texture": "#anvil_base" },
        "south": { "uv": [ 6.5, 4, 7.5, 6 ], "texture": "#anvil_base" }
    }
},
{
    "__comment": "Body",
    "from": [ 5.5, 10, 13 ],
    "to": [ 6.5, 12, 14 ],
    "faces": {
        "down":  { "uv": [ 10.5, 14, 9.5, 13 ], "texture": "#anvil_base" },
        "up":    { "uv": [ 5.5, 13, 6.5, 14 ], "texture": "#anvil_base" },
        "north": { "uv": [ 9.5, 4, 10.5, 6 ], "texture": "#anvil_base" },
        "south": { "uv": [ 5.5, 4, 6.5, 6 ], "texture": "#anvil_base" },
        "west":  { "uv": [ 13, 4, 14, 6 ], "texture": "#anvil_base" }
    }
},
{
    "__comment": "Body",
    "from": [ 4.5, 10, 12.5 ],
    "to": [ 5.5, 12, 13.5 ],
    "faces": {
        "down":  { "uv": [ 11.5, 13.5, 10.5, 12.5 ], "texture": "#anvil_base" },
        "up":    { "uv": [ 4.5, 12.5, 5.5, 13.5 ], "texture": "#anvil_base" },
        "north": { "uv": [ 10.5, 4, 11.5, 6 ], "texture": "#anvil_base" },
        "south": { "uv": [ 4.5, 4, 5.5, 6 ], "texture": "#anvil_base" },
        "west":  { "uv": [ 12.5, 4, 13.5, 6 ], "texture": "#anvil_base" },
        "east":  { "uv": [ 2.5, 4, 3.5, 6 ], "texture": "#anvil_base" }
    }
},
{
    "__comment": "Body",
    "from": [ 3.5, 10, 11.5 ],
    "to": [ 4.5, 12, 12.5 ],
    "faces": {
        "down":  { "uv": [ 12.5, 12.5, 11.5, 11.5 ], "texture": "#anvil_base" },
        "up":    { "uv": [ 3.5, 11.5, 4.5, 12.5 ], "texture": "#anvil_base" },
        "north": { "uv": [ 11.5, 4, 12.5, 6 ], "texture": "#anvil_base" },
        "south": { "uv": [ 3.5, 4, 4.5, 6 ], "texture": "#anvil_base" },
        "west":  { "uv": [ 11.5, 4, 12.5, 6 ], "texture": "#anvil_base" },
        "east":  { "uv": [ 3.5, 4, 4.5, 6 ], "texture": "#anvil_base" }
    }
},
{
    "__comment": "Body",
    "from": [ 2.5, 10, 10.5 ],
    "to": [ 3.5, 12, 11.5 ],
    "faces": {
        "down":  { "uv": [ 13.5, 11.5, 12.5, 10.5 ], "texture": "#anvil_base" },
        "up":    { "uv": [ 2.5, 10.5, 3.5, 11.5 ], "texture": "#anvil_base" },
        "north": { "uv": [ 12.5, 4, 13.5, 6 ], "texture": "#anvil_base" },
        "south": { "uv": [ 2.5, 4, 3.5, 6 ], "texture": "#anvil_base" },
        "west":  { "uv": [ 10.5, 4, 11.5, 6 ], "texture": "#anvil_base" },
        "east":  { "uv": [ 4.5, 4, 5.5, 6 ], "texture": "#anvil_base" }
    }
},
{
    "__comment": "Body",
    "from": [ 2, 10, 9.5 ],
    "to": [ 3, 12, 10.5 ],
    "faces": {
        "down":  { "uv": [ 14, 10.5, 13, 9.5 ], "texture": "#anvil_base" },
        "up":    { "uv": [ 2, 9.5, 3, 10.5 ], "texture": "#anvil_base" },
        "south": { "uv": [ 2, 4, 3, 6 ], "texture": "#anvil_base" },
        "west":  { "uv": [ 9.5, 4, 10.5, 6 ], "texture": "#anvil_base" },
        "east":  { "uv": [ 5.5, 4, 6.5, 6 ], "texture": "#anvil_base" }
    }
},
{
    "__comment": "Body",
    "from": [ 2, 10, 8.5 ],
    "to": [ 3, 12, 9.5 ],
    "faces": {
        "down":  { "uv": [ 14, 9.5, 13, 8.5 ], "texture": "#anvil_base" },
        "up":    { "uv": [ 2, 8.5, 3, 9.5 ], "texture": "#anvil_base" },
        "west":  { "uv": [ 8.5, 4, 9.5, 6 ], "texture": "#anvil_base" },
        "east":  { "uv": [ 6.5, 4, 7.5, 6 ], "texture": "#anvil_base" }
    }
},
{
    "__comment": "Body",
    "from": [ 2, 10, 6.5 ],
    "to": [ 3, 12, 7.5 ],
    "faces": {
        "down":  { "uv": [ 14, 7.5, 13, 6.5 ], "texture": "#anvil_base" },
        "up":    { "uv": [ 2, 6.5, 3, 7.5 ], "texture": "#anvil_base" },
        "west":  { "uv": [ 6.5, 4, 7.5, 6 ], "texture": "#anvil_base" },
        "east":  { "uv": [ 8.5, 4, 9.5, 6 ], "texture": "#anvil_base" }
    }
},
{
    "__comment": "Body",
    "from": [ 2, 10, 5.5 ],
    "to": [ 3, 12, 6.5 ],
    "faces": {
        "down":  { "uv": [ 14, 6.5, 13, 5.5 ], "texture": "#anvil_base" },
        "up":    { "uv": [ 2, 5.5, 3, 6.5 ], "texture": "#anvil_base" },
        "north": { "uv": [ 13, 4, 14, 6 ], "texture": "#anvil_base" },
        "west":  { "uv": [ 5.5, 4, 6.5, 6 ], "texture": "#anvil_base" },
        "east":  { "uv": [ 9.5, 4, 10.5, 6 ], "texture": "#anvil_base" }
    }
},
{
    "__comment": "Body",
    "from": [ 2.5, 10, 4.5 ],
    "to": [ 3.5, 12, 5.5 ],
    "faces": {
        "down":  { "uv": [ 13.5, 5.5, 12.5, 4.5 ], "texture": "#anvil_base" },
        "up":    { "uv": [ 2.5, 4.5, 3.5, 5.5 ], "texture": "#anvil_base" },
        "north": { "uv": [ 12.5, 4, 13.5, 6 ], "texture": "#anvil_base" },
        "south": { "uv": [ 2.5, 4, 3.5, 6 ], "texture": "#anvil_base" },
        "west":  { "uv": [ 4.5, 4, 5.5, 6 ], "texture": "#anvil_base" },
        "east":  { "uv": [ 10.5, 4, 11.5, 6 ], "texture": "#anvil_base" }
    }
},
{
    "__comment": "Body",
    "from": [ 3.5, 10, 3.5 ],
    "to": [ 4.5, 12, 4.5 ],
    "faces": {
        "down":  { "uv": [ 12.5, 4.5, 11.5, 3.5 ], "texture": "#anvil_base" },
        "up":    { "uv": [ 3.5, 3.5, 4.5, 4.5 ], "texture": "#anvil_base" },
        "north": { "uv": [ 11.5, 4, 12.5, 6 ], "texture": "#anvil_base" },
        "south": { "uv": [ 3.5, 4, 4.5, 6 ], "texture": "#anvil_base" },
        "west":  { "uv": [ 3.5, 4, 4.5, 6 ], "texture": "#anvil_base" },
        "east":  { "uv": [ 11.5, 4, 12.5, 6 ], "texture": "#anvil_base" }
    }
},
{
    "__comment": "Body",
    "from": [ 4.5, 10, 2.5 ],
    "to": [ 5.5, 12, 3.5 ],
    "faces": {
        "down":  { "uv": [ 11.5, 3.5, 10.5, 2.5 ], "texture": "#anvil_base" },
        "up":    { "uv": [ 4.5, 2.5, 5.5, 3.5 ], "texture": "#anvil_base" },
        "north": { "uv": [ 10.5, 4, 11.5, 6 ], "texture": "#anvil_base" },
        "south": { "uv": [ 4.5, 4, 5.5, 6 ], "texture": "#anvil_base" },
        "west":  { "uv": [ 2.5, 4, 3.5, 6 ], "texture": "#anvil_base" },
        "east":  { "uv": [ 12.5, 4, 13.5, 6 ], "texture": "#anvil_base" }
    }
},
{
    "__comment": "Body",
    "from": [ 5.5, 10, 2 ],
    "to": [ 6.5, 12, 3 ],
    "faces": {
        "down":  { "uv": [ 10.5, 3, 9.5, 2 ], "texture": "#anvil_base" },
        "up":    { "uv": [ 5.5, 2, 6.5, 3 ], "texture": "#anvil_base" },
        "north": { "uv": [ 9.5, 4, 10.5, 6 ], "texture": "#anvil_base" },
        "south": { "uv": [ 5.5, 4, 6.5, 6 ], "texture": "#anvil_base" },
        "west":  { "uv": [ 2, 4, 3, 6 ], "texture": "#anvil_base" }
    }
},
{
    "__comment": "Body",
    "from": [ 6.5, 10, 2 ],
    "to": [ 7.5, 12, 3 ],
    "faces": {
        "down":  { "uv": [ 9.5, 3, 8.5, 2 ], "texture": "#anvil_base" },
        "up":    { "uv": [ 6.5, 2, 7.5, 3 ], "texture": "#anvil_base" },
        "north": { "uv": [ 8.5, 4, 9.5, 6 ], "texture": "#anvil_base" },
        "south": { "uv": [ 6.5, 4, 7.5, 6 ], "texture": "#anvil_base" }
    }
},
{
    "__comment": "Body",
    "from": [ 8.5, 10, 2 ],
    "to": [ 9.5, 12, 3 ],
    "faces": {
        "down":  { "uv": [ 7.5, 3, 6.5, 2 ], "texture": "#anvil_base" },
        "up":    { "uv": [ 8.5, 2, 9.5, 3 ], "texture": "#anvil_base" },
        "north": { "uv": [ 6.5, 4, 7.5, 6 ], "texture": "#anvil_base" },
        "south": { "uv": [ 8.5, 4, 9.5, 6 ], "texture": "#anvil_base" }
    }
},
{
    "__comment": "Body",
    "from": [ 9.5, 10, 2 ],
    "to": [ 10.5, 12, 3 ],
    "faces": {
        "down":  { "uv": [ 6.5, 3, 5.5, 2 ], "texture": "#anvil_base" },
        "up":    { "uv": [ 9.5, 2, 10.5, 3 ], "texture": "#anvil_base" },
        "north": { "uv": [ 5.5, 4, 6.5, 6 ], "texture": "#anvil_base" },
        "south": { "uv": [ 9.5, 4, 10.5, 6 ], "texture": "#anvil_base" },
        "east":  { "uv": [ 13, 4, 14, 6 ], "texture": "#anvil_base" }
    }
},
{
    "__comment": "Body",
    "from": [ 11.5, 10, 3.5 ],
    "to": [ 12.5, 12, 4.5 ],
    "faces": {
        "down":  { "uv": [ 4.5, 4.5, 3.5, 3.5 ], "texture": "#anvil_base" },
        "up":    { "uv": [ 11.5, 3.5, 12.5, 4.5 ], "texture": "#anvil_base" },
        "north": { "uv": [ 3.5, 4, 4.5, 6 ], "texture": "#anvil_base" },
        "south": { "uv": [ 11.5, 4, 12.5, 6 ], "texture": "#anvil_base" },
        "west":  { "uv": [ 3.5, 4, 4.5, 6 ], "texture": "#anvil_base" },
        "east":  { "uv": [ 11.5, 4, 12.5, 6 ], "texture": "#anvil_base" }
    }
},
{
    "__comment": "Body",
    "from": [ 10.5, 10, 2.5 ],
    "to": [ 11.5, 12, 3.5 ],
    "faces": {
        "down":  { "uv": [ 5.5, 3.5, 4.5, 2.5 ], "texture": "#anvil_base" },
        "up":    { "uv": [ 10.5, 2.5, 11.5, 3.5 ], "texture": "#anvil_base" },
        "north": { "uv": [ 4.5, 4, 5.5, 6 ], "texture": "#anvil_base" },
        "south": { "uv": [ 10.5, 4, 11.5, 6 ], "texture": "#anvil_base" },
        "west":  { "uv": [ 2.5, 4, 3.5, 6 ], "texture": "#anvil_base" },
        "east":  { "uv": [ 12.5, 4, 13.5, 6 ], "texture": "#anvil_base" }
    }
},
{
    "__comment": "Body",
    "from": [ 12.5, 10, 4.5 ],
    "to": [ 13.5, 12, 5.5 ],
    "faces": {
        "down":  { "uv": [ 3.5, 5.5, 2.5, 4.5 ], "texture": "#anvil_base" },
        "up":    { "uv": [ 12.5, 4.5, 13.5, 5.5 ], "texture": "#anvil_base" },
        "north": { "uv": [ 2.5, 4, 3.5, 6 ], "texture": "#anvil_base" },
        "south": { "uv": [ 12.5, 4, 13.5, 6 ], "texture": "#anvil_base" },
        "west":  { "uv": [ 4.5, 4, 5.5, 6 ], "texture": "#anvil_base" },
        "east":  { "uv": [ 10.5, 4, 11.5, 6 ], "texture": "#anvil_base" }
    }
},
{
    "__comment": "Body",
    "from": [ 13, 10, 5.5 ],
    "to": [ 14, 12, 6.5 ],
    "faces": {
        "down":  { "uv": [ 3, 6.5, 2, 5.5 ], "texture": "#anvil_base" },
        "up":    { "uv": [ 13, 5.5, 14, 6.5 ], "texture": "#anvil_base" },
        "north": { "uv": [ 2, 4, 3, 6 ], "texture": "#anvil_base" },
        "west":  { "uv": [ 5.5, 4, 6.5, 6 ], "texture": "#anvil_base" },
        "east":  { "uv": [ 9.5, 4, 10.5, 6 ], "texture": "#anvil_base" }
    }
},
{
    "__comment": "Body",
    "from": [ 13, 10, 6.5 ],
    "to": [ 14, 12, 7.5 ],
    "faces": {
        "down":  { "uv": [ 3, 7.5, 2, 6.5 ], "texture": "#anvil_base" },
        "up":    { "uv": [ 13, 6.5, 14, 7.5 ], "texture": "#anvil_base" },
        "west":  { "uv": [ 6.5, 4, 7.5, 6 ], "texture": "#anvil_base" },
        "east":  { "uv": [ 8.5, 4, 9.5, 6 ], "texture": "#anvil_base" }
    }
},
{
    "__comment": "Handle*",
    "from": [ 13.5, 8.5, 7.5 ],
    "to": [ 15, 9.5, 8.5 ],
    "faces": {
        "down":  { "uv": [ 2.5, 8.5, 1, 7.5 ], "texture": "#stone" },
        "up":    { "uv": [ 13.5, 7.5, 15, 8.5 ], "texture": "#stone" },
        "north": { "uv": [ 1, 6.5, 2.5, 7.5 ], "texture": "#stone" },
        "south": { "uv": [ 13.5, 6.5, 15, 7.5 ], "texture": "#stone" },
        "east":  { "uv": [ 7.5, 6.5, 8.5, 7.5 ], "texture": "#stone" }
    }
},
{
    "__comment": "Handle*",
    "from": [ 1, 8.5, 7.5 ],
    "to": [ 2.5, 9.5, 8.5 ],
    "faces": {
        "down":  { "uv": [ 15, 8.5, 13.5, 7.5 ], "texture": "#stone" },
        "up":    { "uv": [ 1, 7.5, 2.5, 8.5 ], "texture": "#stone" },
        "north": { "uv": [ 13.5, 6.5, 15, 7.5 ], "texture": "#stone" },
        "south": { "uv": [ 1, 6.5, 2.5, 7.5 ], "texture": "#stone" },
        "west":  { "uv": [ 7.5, 6.5, 8.5, 7.5 ], "texture": "#stone" }
    }
},
{
    "from": [ 1, 9.5, 7.5 ],
    "to": [ 2, 14, 8.5 ],
    "faces": {
        "up":    { "uv": [ 1, 7.5, 2, 8.5 ], "texture": "#stone" },
        "north": { "uv": [ 14, 2, 15, 6.5 ], "texture": "#stone" },
        "south": { "uv": [ 1, 2, 2, 6.5 ], "texture": "#stone" },
        "west":  { "uv": [ 7.5, 2, 8.5, 6.5 ], "texture": "#stone" },
        "east":  { "uv": [ 7.5, 2, 8.5, 6.5 ], "texture": "#stone" }
    }
},
{
    "from": [ 14, 9.5, 7.5 ],
    "to": [ 15, 14, 8.5 ],
    "faces": {
        "up":    { "uv": [ 14, 7.5, 15, 8.5 ], "texture": "#stone" },
        "north": { "uv": [ 1, 2, 2, 6.5 ], "texture": "#stone" },
        "south": { "uv": [ 14, 2, 15, 6.5 ], "texture": "#stone" },
        "west":  { "uv": [ 7.5, 2, 8.5, 6.5 ], "texture": "#stone" },
        "east":  { "uv": [ 7.5, 2, 8.5, 6.5 ], "texture": "#stone" }
    }
},
{
    "__comment": "Handle*",
    "from": [ 2, 13.5, 7.5 ],
    "to": [ 4, 14.5, 8.5 ],
    "faces": {
        "down":  { "uv": [ 14, 8.5, 12, 7.5 ], "texture": "#stone" },
        "up":    { "uv": [ 2, 7.5, 4, 8.5 ], "texture": "#stone" },
        "north": { "uv": [ 12, 1.5, 14, 2.5 ], "texture": "#stone" },
        "south": { "uv": [ 2, 1.5, 4, 2.5 ], "texture": "#stone" },
        "west":  { "uv": [ 7.5, 1.5, 8.5, 2.5 ], "texture": "#stone" },
        "east":  { "uv": [ 7.5, 1.5, 8.5, 2.5 ], "texture": "#stone" }
    }
},
{
    "__comment": "Handle*",
    "from": [ 12, 13.5, 7.5 ],
    "to": [ 14, 14.5, 8.5 ],
    "faces": {
        "down":  { "uv": [ 4, 8.5, 2, 7.5 ], "texture": "#stone" },
        "up":    { "uv": [ 12, 7.5, 14, 8.5 ], "texture": "#stone" },
        "north": { "uv": [ 2, 1.5, 4, 2.5 ], "texture": "#stone" },
        "south": { "uv": [ 12, 1.5, 14, 2.5 ], "texture": "#stone" },
        "west":  { "uv": [ 7.5, 1.5, 8.5, 2.5 ], "texture": "#stone" },
        "east":  { "uv": [ 7.5, 1.5, 8.5, 2.5 ], "texture": "#stone" }
    }
},
{
    "__comment": "Handle*",
    "from": [ 4, 14, 7.5 ],
    "to": [ 12, 15, 8.5 ],
    "faces": {
        "down":  { "uv": [ 12, 8.5, 4, 7.5 ], "texture": "#stone" },
        "up":    { "uv": [ 4, 7.5, 12, 8.5 ], "texture": "#stone" },
        "north": { "uv": [ 4, 1, 12, 2 ], "texture": "#stone" },
        "south": { "uv": [ 4, 1, 12, 2 ], "texture": "#stone" },
        "west":  { "uv": [ 7.5, 1, 8.5, 2 ], "texture": "#stone" },
        "east":  { "uv": [ 7.5, 1, 8.5, 2 ], "texture": "#stone" }
    }
}
],
"display": {
    "thirdperson_righthand": {
        "rotation": [ 65, 0, 0 ],
        "translation": [ 0, -3.8, -1.9 ],
        "scale": [ 0.5, 0.5, 0.5 ]
    },
    "thirdperson_lefthand": {
        "rotation": [ 65, 0, 0 ],
        "translation": [ 0, -3.8, -1.9 ],
        "scale": [ 0.5, 0.5, 0.5 ]
    },
    "ground": {
        "rotation": [ 0, 0, 0 ],
        "translation": [ 0, 0, 0 ],
        "scale": [ 0.5, 0.5, 0.5 ]
    },
    "fixed": {
        "rotation": [ -10, 0, 0 ],
        "translation": [ 0, 0, 0 ],
        "scale": [ 1, 1, 1 ]
    },
    "firstperson_righthand": {
        "rotation": [ 6, -60, 0 ],
        "translation": [ 0, 0, 0 ],
        "scale": [ 0.8, 0.8, 0.8 ]
    },
    "firstperson_lefthand": {
        "rotation": [ 6, -60, 0 ],
        "translation": [ 0, 0, 0 ],
        "scale": [ 0.8, 0.8, 0.8 ]
    },
    "gui": {
        "rotation": [ 30, 45, 0 ],
        "translation": [ 0, 0, 0 ],
        "scale": [ 0.8, 0.8, 0.8 ]
    }
}
}