{
"__comment": "Designed by Glitcherdotbe with BDcraft Cubik PRO 0.95 Beta - http://bdcraft.net",
"textures": {
    "particle": "items/diamond_shovel_texture1",
    "texture1": "items/diamond_shovel_texture1",
    "texture2": "items/diamond_shovel_texture2"
},
"elements": [ 
{
    "__comment": "Handle",
    "from": [ 7, 8, 8 ],
    "to": [ 9, 8.5, 16 ],
    "faces": {
        "down":  { "uv": [ 7, 8, 9, 16 ], "texture": "#texture1" },
        "up":    { "uv": [ 7, 8, 9, 16 ], "texture": "#texture1" },
        "north": { "uv": [ 7, 8, 9, 8.5 ], "texture": "#texture1" },
        "south": { "uv": [ 7, 15.5, 9, 16 ], "texture": "#texture1" },
        "west":  { "uv": [ 0, 7, 8, 7.5 ], "texture": "#texture2" },
        "east":  { "uv": [ 0, 8.5, 8, 9 ], "texture": "#texture2" }
    }
},
{
    "__comment": "Handle",
    "from": [ 7.5, 8.5, 8 ],
    "to": [ 8.5, 8.75, 16 ],
    "faces": {
        "down":  { "uv": [ 7.5, 8, 8.5, 16 ], "texture": "#texture1" },
        "up":    { "uv": [ 7.5, 8, 8.5, 16 ], "texture": "#texture1" },
        "north": { "uv": [ 7.5, 8, 8.5, 8.5 ], "texture": "#texture1" },
        "south": { "uv": [ 7.5, 15.5, 8.5, 16 ], "texture": "#texture1" },
        "west":  { "uv": [ 0, 8, 8, 8.5 ], "texture": "#texture2" },
        "east":  { "uv": [ 0, 8, 8, 8.5 ], "texture": "#texture2" }
    }
},
{
    "__comment": "Handle",
    "from": [ 7, 8, 3 ],
    "to": [ 9, 8.5, 8 ],
    "faces": {
        "down":  { "uv": [ 7, 11, 9, 16 ], "texture": "#texture1" },
        "up":    { "uv": [ 7, 11, 9, 16 ], "texture": "#texture1" },
        "north": { "uv": [ 7, 8, 9, 8.5 ], "texture": "#texture1" },
        "south": { "uv": [ 7, 15.5, 9, 16 ], "texture": "#texture1" },
        "west":  { "uv": [ 3, 7, 8, 7.5 ], "texture": "#texture2" },
        "east":  { "uv": [ 3, 8.5, 8, 9 ], "texture": "#texture2" }
    }
},
{
    "__comment": "Handle",
    "from": [ 7.5, 7.75, 8 ],
    "to": [ 8.5, 8, 16 ],
    "faces": {
        "down":  { "uv": [ 7.5, 8, 8.5, 16 ], "texture": "#texture1" },
        "up":    { "uv": [ 7.5, 8, 8.5, 16 ], "texture": "#texture1" },
        "north": { "uv": [ 7.5, 8, 8.5, 8.5 ], "texture": "#texture1" },
        "south": { "uv": [ 7.5, 15.5, 8.5, 16 ], "texture": "#texture1" },
        "west":  { "uv": [ 0, 8, 8, 8.5 ], "texture": "#texture2" },
        "east":  { "uv": [ 0, 8, 8, 8.5 ], "texture": "#texture2" }
    }
},
{
    "from": [ 7.5, 7.75, -3.5 ],
    "to": [ 8.5, 8.25, 3 ],
    "faces": {
        "down":  { "uv": [ 8.5, 6.5, 7.5, 0 ], "texture": "#texture1" },
        "up":    { "uv": [ 7.5, 0, 8.5, 6.5 ], "texture": "#texture1" },
        "north": { "uv": [ 7.5, 0, 8.5, 0.5 ], "texture": "#texture1" },
        "south": { "uv": [ 7.5, 6, 8.5, 6.5 ], "texture": "#texture1" },
        "west":  { "uv": [ 9.5, 8, 16, 8.5 ], "texture": "#texture2" },
        "east":  { "uv": [ 9.5, 7.5, 16, 8 ], "texture": "#texture2" }
    }
},
{
    "__comment": "Handle",
    "from": [ 7.5, 8.5, 3 ],
    "to": [ 8.5, 8.75, 8 ],
    "faces": {
        "down":  { "uv": [ 7.5, 11, 8.5, 16 ], "texture": "#texture1" },
        "up":    { "uv": [ 7.5, 11, 8.5, 16 ], "texture": "#texture1" },
        "north": { "uv": [ 7.5, 8, 8.5, 8.5 ], "texture": "#texture1" },
        "south": { "uv": [ 7.5, 15.5, 8.5, 16 ], "texture": "#texture1" },
        "west":  { "uv": [ 3, 7, 8, 7.5 ], "texture": "#texture2" },
        "east":  { "uv": [ 3, 8.5, 8, 9 ], "texture": "#texture2" }
    }
},
{
    "__comment": "Handle",
    "from": [ 7.5, 7.75, 3 ],
    "to": [ 8.5, 8, 8 ],
    "faces": {
        "down":  { "uv": [ 7.5, 11, 8.5, 16 ], "texture": "#texture1" },
        "up":    { "uv": [ 7.5, 11, 8.5, 16 ], "texture": "#texture1" },
        "north": { "uv": [ 7.5, 8, 8.5, 8.5 ], "texture": "#texture1" },
        "south": { "uv": [ 7.5, 15.5, 8.5, 16 ], "texture": "#texture1" },
        "west":  { "uv": [ 3, 7, 8, 7.5 ], "texture": "#texture2" },
        "east":  { "uv": [ 3, 8.5, 8, 9 ], "texture": "#texture2" }
    }
},
{
    "from": [ 7, 7.85, -3.5 ],
    "to": [ 7.5, 8.35, 3 ],
    "faces": {
        "down":  { "uv": [ 7.5, 6.5, 7, 0 ], "texture": "#texture1" },
        "up":    { "uv": [ 7, 0, 7.5, 6.5 ], "texture": "#texture1" },
        "north": { "uv": [ 7, 0, 7.5, 0.5 ], "texture": "#texture1" },
        "south": { "uv": [ 7, 6, 7.5, 6.5 ], "texture": "#texture1" },
        "west":  { "uv": [ 9.5, 7, 16, 7.5 ], "texture": "#texture2" },
        "east":  { "uv": [ 9.5, 7, 16, 7.5 ], "texture": "#texture2" }
    }
},
{
    "from": [ 8.5, 7.85, -3.5 ],
    "to": [ 9, 8.35, 3 ],
    "faces": {
        "down":  { "uv": [ 9, 6.5, 8.5, 0 ], "texture": "#texture1" },
        "up":    { "uv": [ 8.5, 0, 9, 6.5 ], "texture": "#texture1" },
        "north": { "uv": [ 7, 0, 7.5, 0.5 ], "texture": "#texture1" },
        "south": { "uv": [ 7, 6, 7.5, 6.5 ], "texture": "#texture1" },
        "west":  { "uv": [ 9.5, 8.5, 16, 9 ], "texture": "#texture2" },
        "east":  { "uv": [ 9.5, 8.5, 16, 9 ], "texture": "#texture2" }
    }
},
{
    "from": [ 6.5, 7.85, -3 ],
    "to": [ 7, 8.35, 3 ],
    "faces": {
        "down":  { "uv": [ 7, 6.5, 6.5, 0.5 ], "texture": "#texture1" },
        "up":    { "uv": [ 6.5, 0.5, 7, 6.5 ], "texture": "#texture1" },
        "north": { "uv": [ 7, 0, 7.5, 0.5 ], "texture": "#texture1" },
        "south": { "uv": [ 7, 6, 7.5, 6.5 ], "texture": "#texture1" },
        "west":  { "uv": [ 9.5, 6.5, 15.5, 7 ], "texture": "#texture2" },
        "east":  { "uv": [ 9.5, 6.5, 15.5, 7 ], "texture": "#texture2" }
    }
},
{
    "from": [ 9, 7.85, -3 ],
    "to": [ 9.5, 8.35, 3 ],
    "faces": {
        "down":  { "uv": [ 9.5, 6.5, 9, 0.5 ], "texture": "#texture1" },
        "up":    { "uv": [ 9, 0.5, 9.5, 6.5 ], "texture": "#texture1" },
        "north": { "uv": [ 7, 0, 7.5, 0.5 ], "texture": "#texture1" },
        "south": { "uv": [ 7, 6, 7.5, 6.5 ], "texture": "#texture1" },
        "west":  { "uv": [ 9.5, 9, 15.5, 9.5 ], "texture": "#texture2" },
        "east":  { "uv": [ 9.5, 9, 15.5, 9.5 ], "texture": "#texture2" }
    }
},
{
    "from": [ 6, 8.05, -2.5 ],
    "to": [ 6.5, 8.55, 3 ],
    "faces": {
        "down":  { "uv": [ 6.5, 6.5, 6, 1 ], "texture": "#texture1" },
        "up":    { "uv": [ 6, 1, 6.5, 6.5 ], "texture": "#texture1" },
        "north": { "uv": [ 7, 0, 7.5, 0.5 ], "texture": "#texture1" },
        "south": { "uv": [ 7, 6, 7.5, 6.5 ], "texture": "#texture1" },
        "west":  { "uv": [ 9.5, 6, 15, 6.5 ], "texture": "#texture2" },
        "east":  { "uv": [ 9.5, 6, 15, 6.5 ], "texture": "#texture2" }
    }
},
{
    "from": [ 9.5, 8.05, -2.5 ],
    "to": [ 10, 8.55, 3 ],
    "faces": {
        "down":  { "uv": [ 10, 6.5, 9.5, 1 ], "texture": "#texture1" },
        "up":    { "uv": [ 9.5, 1, 10, 6.5 ], "texture": "#texture1" },
        "north": { "uv": [ 7, 0, 7.5, 0.5 ], "texture": "#texture1" },
        "south": { "uv": [ 7, 6, 7.5, 6.5 ], "texture": "#texture1" },
        "west":  { "uv": [ 9.5, 9.5, 15, 10 ], "texture": "#texture2" },
        "east":  { "uv": [ 9.5, 9.5, 15, 10 ], "texture": "#texture2" }
    }
},
{
    "from": [ 5.5, 8.25, -1.5 ],
    "to": [ 6, 8.75, 2.5 ],
    "faces": {
        "down":  { "uv": [ 6, 6, 5.5, 2 ], "texture": "#texture1" },
        "up":    { "uv": [ 5.5, 2, 6, 6 ], "texture": "#texture1" },
        "north": { "uv": [ 7, 0, 7.5, 0.5 ], "texture": "#texture1" },
        "south": { "uv": [ 7, 6, 7.5, 6.5 ], "texture": "#texture1" },
        "west":  { "uv": [ 10, 5.5, 14, 6 ], "texture": "#texture2" },
        "east":  { "uv": [ 10, 5.5, 14, 6 ], "texture": "#texture2" }
    }
},
{
    "from": [ 10, 8.25, -1.5 ],
    "to": [ 10.5, 8.75, 2.5 ],
    "faces": {
        "down":  { "uv": [ 10.5, 6, 10, 2 ], "texture": "#texture1" },
        "up":    { "uv": [ 10, 2, 10.5, 6 ], "texture": "#texture1" },
        "north": { "uv": [ 7, 0, 7.5, 0.5 ], "texture": "#texture1" },
        "south": { "uv": [ 7, 6, 7.5, 6.5 ], "texture": "#texture1" },
        "west":  { "uv": [ 10, 10, 14, 10.5 ], "texture": "#texture2" },
        "east":  { "uv": [ 10, 10, 14, 10.5 ], "texture": "#texture2" }
    }
},
{
    "from": [ 6, 8.25, 2.5 ],
    "to": [ 10, 8.75, 3 ],
    "faces": {
        "down":  { "uv": [ 6, 6.5, 10, 6 ], "texture": "#texture1" },
        "up":    { "uv": [ 6, 6, 10, 6.5 ], "texture": "#texture1" },
        "north": { "uv": [ 9.5, 6, 10, 6.5 ], "texture": "#texture1" },
        "south": { "uv": [ 6, 6, 6.5, 6.5 ], "texture": "#texture1" },
        "west":  { "uv": [ 10, 5.5, 14, 6 ], "texture": "#texture2" },
        "east":  { "uv": [ 10, 5.5, 14, 6 ], "texture": "#texture2" }
    }
}
],
"display": {
    "thirdperson_righthand": {
        "rotation": [ 90, 0, 90 ],
        "translation": [ 0, 1.5, 1.7 ],
        "scale": [ 1, 1, 1 ]
    },
    "thirdperson_lefthand": {
        "rotation": [ 90, 0, -90 ],
        "translation": [ 0, 1.5, 1.7 ],
        "scale": [ 1, 1, 1 ]
    },
    "ground": {
        "rotation": [ 0, 0, 0 ],
        "translation": [ 0, 0, 0 ],
        "scale": [ 0.6, 0.6, 0.6 ]
    },
    "fixed": {
        "rotation": [ 90, 0, 0 ],
        "translation": [ 0, -4, -0.5 ],
        "scale": [ 1, 1, 1 ]
    },
    "firstperson_righthand": {
        "rotation": [ 90, -10, 90 ],
        "translation": [ 0, 2, -0.7 ],
        "scale": [ 0.9, 0.9, 0.9 ]
    },
    "firstperson_lefthand": {
        "rotation": [ 90, -10, -90 ],
        "translation": [ 0, 2, -0.7 ],
        "scale": [ 0.9, 0.9, 0.9 ]
    },
    "gui": {
        "rotation": [ 90, -45, 0 ],
        "translation": [ -1.5, -1.5, 0 ],
        "scale": [ 1, 1, 1 ]
    }
}
}