{
"__comment": "Designed by Glitcherdotbe with BDcraft Cubik PRO 0.95 Beta - http://bdcraft.net",
"textures": {
    "particle": "items/wooden_sword_texture1",
    "wooden_sword_texture1": "items/wooden_sword_texture1",
    "wooden_sword_texture2": "items/wooden_sword_texture2"
},
"elements": [ 
{
    "__comment": "Blade",
    "from": [ 7.5, 8, -8 ],
    "to": [ 8.5, 8.5, 8 ],
    "faces": {
        "down":  { "uv": [ 2.5, 16, 1.5, 0 ], "texture": "#wooden_sword_texture1" },
        "up":    { "uv": [ 1.5, 0, 2.5, 16 ], "texture": "#wooden_sword_texture1" },
        "north": { "uv": [ 1.5, 0, 2.5, 0.5 ], "texture": "#wooden_sword_texture1" },
        "south": { "uv": [ 1.5, 15.5, 2.5, 16 ], "texture": "#wooden_sword_texture1" },
        "west":  { "uv": [ 0, 7.5, 16, 8 ], "texture": "#wooden_sword_texture2" },
        "east":  { "uv": [ 0, 8, 16, 8.5 ], "texture": "#wooden_sword_texture2" }
    }
},
{
    "__comment": "Blade",
    "from": [ 7, 8, -7.5 ],
    "to": [ 7.5, 8.5, 8 ],
    "faces": {
        "down":  { "uv": [ 1.5, 16, 1, 0.5 ], "texture": "#wooden_sword_texture1" },
        "up":    { "uv": [ 1, 0.5, 1.5, 16 ], "texture": "#wooden_sword_texture1" },
        "north": { "uv": [ 1, 15.5, 1.5, 16 ], "texture": "#wooden_sword_texture1" },
        "south": { "uv": [ 1, 0.5, 1.5, 1 ], "texture": "#wooden_sword_texture1" },
        "west":  { "uv": [ 0, 7, 15.5, 7.5 ], "texture": "#wooden_sword_texture2" },
        "east":  { "uv": [ 0, 7, 15.5, 7.5 ], "texture": "#wooden_sword_texture2" }
    }
},
{
    "__comment": "Blade",
    "from": [ 8.5, 8, -7.5 ],
    "to": [ 9, 8.5, 8 ],
    "faces": {
        "down":  { "uv": [ 3, 16, 2.5, 0.5 ], "texture": "#wooden_sword_texture1" },
        "up":    { "uv": [ 2.5, 0.5, 3, 16 ], "texture": "#wooden_sword_texture1" },
        "north": { "uv": [ 2.5, 0.5, 3, 1 ], "texture": "#wooden_sword_texture1" },
        "south": { "uv": [ 2.5, 15.5, 3, 16 ], "texture": "#wooden_sword_texture1" },
        "west":  { "uv": [ 0, 8.5, 16, 9 ], "texture": "#wooden_sword_texture2" },
        "east":  { "uv": [ 0, 8.5, 16, 9 ], "texture": "#wooden_sword_texture2" }
    }
},
{
    "__comment": "Blade",
    "from": [ 9, 8, -6.5 ],
    "to": [ 9.5, 8.5, 8 ],
    "faces": {
        "down":  { "uv": [ 3, 16, 2.5, 0.5 ], "texture": "#wooden_sword_texture1" },
        "up":    { "uv": [ 2.5, 0.5, 3, 16 ], "texture": "#wooden_sword_texture1" },
        "north": { "uv": [ 2.5, 0.5, 3, 1 ], "texture": "#wooden_sword_texture1" },
        "south": { "uv": [ 2.5, 15.5, 3, 16 ], "texture": "#wooden_sword_texture1" },
        "west":  { "uv": [ 0, 8.5, 16, 9 ], "texture": "#wooden_sword_texture2" },
        "east":  { "uv": [ 0, 8.5, 16, 9 ], "texture": "#wooden_sword_texture2" }
    }
},
{
    "__comment": "Blade",
    "from": [ 6.5, 8, -6.5 ],
    "to": [ 7, 8.5, 8 ],
    "faces": {
        "down":  { "uv": [ 3.5, 16, 3, 1.5 ], "texture": "#wooden_sword_texture1" },
        "up":    { "uv": [ 0.5, 1.5, 1, 16 ], "texture": "#wooden_sword_texture1" },
        "north": { "uv": [ 3, 1.5, 3.5, 2 ], "texture": "#wooden_sword_texture1" },
        "south": { "uv": [ 3, 15.5, 3.5, 16 ], "texture": "#wooden_sword_texture1" },
        "west":  { "uv": [ 0, 9, 16, 9.5 ], "texture": "#wooden_sword_texture2" },
        "east":  { "uv": [ 0, 9, 16, 9.5 ], "texture": "#wooden_sword_texture2" }
    }
},
{
    "__comment": "Blade",
    "from": [ 6, 8, -5 ],
    "to": [ 6.5, 8.5, 8 ],
    "faces": {
        "down":  { "uv": [ 0.5, 16, 0, 3 ], "texture": "#wooden_sword_texture1" },
        "up":    { "uv": [ 0, 3, 0.5, 16 ], "texture": "#wooden_sword_texture1" },
        "north": { "uv": [ 0, 3.5, 0.5, 4 ], "texture": "#wooden_sword_texture1" },
        "south": { "uv": [ 0, 15.5, 0.5, 16 ], "texture": "#wooden_sword_texture1" },
        "west":  { "uv": [ 0, 6, 16, 6.5 ], "texture": "#wooden_sword_texture2" },
        "east":  { "uv": [ 0, 6, 16, 6.5 ], "texture": "#wooden_sword_texture2" }
    }
},
{
    "__comment": "Blade",
    "from": [ 9.5, 8, -5 ],
    "to": [ 10, 8.5, 8 ],
    "faces": {
        "down":  { "uv": [ 4, 16, 3.5, 3 ], "texture": "#wooden_sword_texture1" },
        "up":    { "uv": [ 3.5, 3, 4, 16 ], "texture": "#wooden_sword_texture1" },
        "north": { "uv": [ 3.5, 3, 4, 3.5 ], "texture": "#wooden_sword_texture1" },
        "south": { "uv": [ 3.5, 15.5, 4, 16 ], "texture": "#wooden_sword_texture1" },
        "west":  { "uv": [ 0, 9.5, 16, 10 ], "texture": "#wooden_sword_texture2" },
        "east":  { "uv": [ 0, 9.5, 16, 10 ], "texture": "#wooden_sword_texture2" }
    }
},
{
    "__comment": "Hilt",
    "from": [ 5.5, 7.5, 8 ],
    "to": [ 10.5, 9, 9.5 ],
    "faces": {
        "down":  { "uv": [ 11, 6.5, 16, 8 ], "texture": "#wooden_sword_texture1" },
        "up":    { "uv": [ 11, 8, 16, 9.5 ], "texture": "#wooden_sword_texture1" },
        "north": { "uv": [ 11, 8, 16, 8.5 ], "texture": "#wooden_sword_texture1" },
        "south": { "uv": [ 11, 9, 16, 9.5 ], "texture": "#wooden_sword_texture1" },
        "west":  { "uv": [ 0, 11.5, 1.5, 13 ], "texture": "#wooden_sword_texture2" },
        "east":  { "uv": [ 0, 10, 1.5, 11.5 ], "texture": "#wooden_sword_texture2" }
    }
},
{
    "__comment": "Handle",
    "from": [ 7, 8, 9.5 ],
    "to": [ 9, 8.5, 14 ],
    "faces": {
        "down":  { "uv": [ 12.5, 9.5, 14.5, 14 ], "texture": "#wooden_sword_texture1" },
        "up":    { "uv": [ 12.5, 9.5, 14.5, 14 ], "texture": "#wooden_sword_texture1" },
        "north": { "uv": [ 12.5, 9.5, 14.5, 10 ], "texture": "#wooden_sword_texture1" },
        "south": { "uv": [ 12.5, 13.5, 14.5, 14 ], "texture": "#wooden_sword_texture1" },
        "west":  { "uv": [ 10, 12, 14.5, 12.5 ], "texture": "#wooden_sword_texture2" },
        "east":  { "uv": [ 10, 12, 14.5, 12.5 ], "texture": "#wooden_sword_texture2" }
    }
},
{
    "__comment": "Pommel",
    "from": [ 6.5, 8, 14 ],
    "to": [ 9.5, 8.5, 14.5 ],
    "faces": {
        "down":  { "uv": [ 12, 14.5, 15, 14 ], "texture": "#wooden_sword_texture1" },
        "up":    { "uv": [ 12, 14, 15, 14.5 ], "texture": "#wooden_sword_texture1" },
        "north": { "uv": [ 12, 14, 15, 14.5 ], "texture": "#wooden_sword_texture1" },
        "south": { "uv": [ 12, 14, 15, 14.5 ], "texture": "#wooden_sword_texture1" },
        "west":  { "uv": [ 12, 14, 12.5, 14.5 ], "texture": "#wooden_sword_texture1" },
        "east":  { "uv": [ 12, 14, 12.5, 14.5 ], "texture": "#wooden_sword_texture1" }
    }
},
{
    "__comment": "Pommel",
    "from": [ 6.5, 8, 14.5 ],
    "to": [ 9.5, 8.5, 15 ],
    "faces": {
        "down":  { "uv": [ 12, 15, 15, 14.5 ], "texture": "#wooden_sword_texture1" },
        "up":    { "uv": [ 12, 14.5, 15, 15 ], "texture": "#wooden_sword_texture1" },
        "north": { "uv": [ 12, 14.5, 15, 15 ], "texture": "#wooden_sword_texture1" },
        "south": { "uv": [ 12, 14.5, 15, 15 ], "texture": "#wooden_sword_texture1" },
        "west":  { "uv": [ 12, 14.5, 12.5, 15 ], "texture": "#wooden_sword_texture1" },
        "east":  { "uv": [ 12, 14, 12.5, 14.5 ], "texture": "#wooden_sword_texture1" }
    }
},
{
    "__comment": "Pommel",
    "from": [ 6.5, 8, 15 ],
    "to": [ 9.5, 8.5, 15.5 ],
    "faces": {
        "down":  { "uv": [ 12, 15.5, 15, 15 ], "texture": "#wooden_sword_texture1" },
        "up":    { "uv": [ 12, 15, 15, 15.5 ], "texture": "#wooden_sword_texture1" },
        "north": { "uv": [ 12, 15, 15, 15.5 ], "texture": "#wooden_sword_texture1" },
        "south": { "uv": [ 12, 15, 15, 15.5 ], "texture": "#wooden_sword_texture1" },
        "west":  { "uv": [ 12, 14.5, 12.5, 15 ], "texture": "#wooden_sword_texture1" },
        "east":  { "uv": [ 12, 14, 12.5, 14.5 ], "texture": "#wooden_sword_texture1" }
    }
},
{
    "__comment": "Pommel",
    "from": [ 7, 8, 15.5 ],
    "to": [ 9, 8.5, 16 ],
    "faces": {
        "down":  { "uv": [ 12.5, 16, 14.5, 15.5 ], "texture": "#wooden_sword_texture1" },
        "up":    { "uv": [ 12.5, 15.5, 14.5, 16 ], "texture": "#wooden_sword_texture1" },
        "north": { "uv": [ 12.5, 15.5, 14.5, 16 ], "texture": "#wooden_sword_texture1" },
        "south": { "uv": [ 12.5, 15.5, 14.5, 16 ], "texture": "#wooden_sword_texture1" },
        "west":  { "uv": [ 12, 14.5, 12.5, 15 ], "texture": "#wooden_sword_texture1" },
        "east":  { "uv": [ 12, 14, 12.5, 14.5 ], "texture": "#wooden_sword_texture1" }
    }
},
{
    "__comment": "Pommel",
    "from": [ 6.5, 8.5, 14.5 ],
    "to": [ 9.5, 9, 15 ],
    "faces": {
        "down":  { "uv": [ 15, 15, 12, 14.5 ], "texture": "#wooden_sword_texture1" },
        "up":    { "uv": [ 12, 14.5, 15, 15 ], "texture": "#wooden_sword_texture1" },
        "north": { "uv": [ 12, 14.5, 15, 15 ], "texture": "#wooden_sword_texture1" },
        "south": { "uv": [ 12, 14.5, 15, 15 ], "texture": "#wooden_sword_texture1" },
        "west":  { "uv": [ 12, 14.5, 12.5, 15 ], "texture": "#wooden_sword_texture1" },
        "east":  { "uv": [ 12, 14.5, 12.5, 15 ], "texture": "#wooden_sword_texture1" }
    }
},
{
    "__comment": "Pommel",
    "from": [ 7, 8.5, 15 ],
    "to": [ 9, 9, 15.5 ],
    "faces": {
        "down":  { "uv": [ 14.5, 15.5, 12.5, 15 ], "texture": "#wooden_sword_texture1" },
        "up":    { "uv": [ 12.5, 15, 14.5, 15.5 ], "texture": "#wooden_sword_texture1" },
        "north": { "uv": [ 12.5, 15, 14.5, 15.5 ], "texture": "#wooden_sword_texture1" },
        "south": { "uv": [ 12.5, 15, 14.5, 15.5 ], "texture": "#wooden_sword_texture1" },
        "west":  { "uv": [ 12, 14.5, 12.5, 15 ], "texture": "#wooden_sword_texture1" },
        "east":  { "uv": [ 12.5, 15, 13, 15.5 ], "texture": "#wooden_sword_texture1" }
    }
},
{
    "__comment": "Pommel",
    "from": [ 7, 8.5, 14 ],
    "to": [ 9, 9, 14.5 ],
    "faces": {
        "down":  { "uv": [ 14.5, 14.5, 12.5, 14 ], "texture": "#wooden_sword_texture1" },
        "up":    { "uv": [ 12.5, 14, 14.5, 14.5 ], "texture": "#wooden_sword_texture1" },
        "north": { "uv": [ 12.5, 14, 14.5, 14.5 ], "texture": "#wooden_sword_texture1" },
        "south": { "uv": [ 12.5, 14, 14.5, 14.5 ], "texture": "#wooden_sword_texture1" },
        "west":  { "uv": [ 12, 14.5, 12.5, 15 ], "texture": "#wooden_sword_texture1" },
        "east":  { "uv": [ 12.5, 15, 13, 15.5 ], "texture": "#wooden_sword_texture1" }
    }
},
{
    "__comment": "Pommel",
    "from": [ 7.5, 8.5, 15.5 ],
    "to": [ 8.5, 9, 16 ],
    "faces": {
        "down":  { "uv": [ 14, 16, 13, 15.5 ], "texture": "#wooden_sword_texture1" },
        "up":    { "uv": [ 13, 15.5, 14, 16 ], "texture": "#wooden_sword_texture1" },
        "north": { "uv": [ 13, 15.5, 14, 16 ], "texture": "#wooden_sword_texture1" },
        "south": { "uv": [ 13, 15.5, 14, 16 ], "texture": "#wooden_sword_texture1" },
        "west":  { "uv": [ 12, 14.5, 12.5, 15 ], "texture": "#wooden_sword_texture1" },
        "east":  { "uv": [ 12.5, 15, 13, 15.5 ], "texture": "#wooden_sword_texture1" }
    }
},
{
    "__comment": "Pommel",
    "from": [ 7.5, 8.5, 13.5 ],
    "to": [ 8.5, 9, 14 ],
    "faces": {
        "down":  { "uv": [ 14, 14, 13, 13.5 ], "texture": "#wooden_sword_texture1" },
        "up":    { "uv": [ 13, 13.5, 14, 14 ], "texture": "#wooden_sword_texture1" },
        "north": { "uv": [ 13, 13.5, 14, 14 ], "texture": "#wooden_sword_texture1" },
        "south": { "uv": [ 13, 13.5, 14, 14 ], "texture": "#wooden_sword_texture1" },
        "west":  { "uv": [ 12, 14.5, 12.5, 15 ], "texture": "#wooden_sword_texture1" },
        "east":  { "uv": [ 12.5, 15, 13, 15.5 ], "texture": "#wooden_sword_texture1" }
    }
},
{
    "__comment": "Pommel",
    "from": [ 7.5, 7.5, 13.5 ],
    "to": [ 8.5, 8, 14 ],
    "faces": {
        "down":  { "uv": [ 14, 14, 13, 13.5 ], "texture": "#wooden_sword_texture1" },
        "up":    { "uv": [ 13, 13.5, 14, 14 ], "texture": "#wooden_sword_texture1" },
        "north": { "uv": [ 13, 13.5, 14, 14 ], "texture": "#wooden_sword_texture1" },
        "south": { "uv": [ 13, 13.5, 14, 14 ], "texture": "#wooden_sword_texture1" },
        "west":  { "uv": [ 12, 14.5, 12.5, 15 ], "texture": "#wooden_sword_texture1" },
        "east":  { "uv": [ 12.5, 15, 13, 15.5 ], "texture": "#wooden_sword_texture1" }
    }
},
{
    "__comment": "Pommel",
    "from": [ 7, 7.5, 14 ],
    "to": [ 9, 8, 14.5 ],
    "faces": {
        "down":  { "uv": [ 14.5, 14.5, 12.5, 14 ], "texture": "#wooden_sword_texture1" },
        "up":    { "uv": [ 12.5, 14, 14.5, 14.5 ], "texture": "#wooden_sword_texture1" },
        "north": { "uv": [ 12.5, 14, 14.5, 14.5 ], "texture": "#wooden_sword_texture1" },
        "south": { "uv": [ 12.5, 14, 14.5, 14.5 ], "texture": "#wooden_sword_texture1" },
        "west":  { "uv": [ 12, 14.5, 12.5, 15 ], "texture": "#wooden_sword_texture1" },
        "east":  { "uv": [ 12.5, 15, 13, 15.5 ], "texture": "#wooden_sword_texture1" }
    }
},
{
    "__comment": "Pommel",
    "from": [ 6.5, 7.5, 14.5 ],
    "to": [ 9.5, 8, 15 ],
    "faces": {
        "down":  { "uv": [ 15, 15, 12, 14.5 ], "texture": "#wooden_sword_texture1" },
        "up":    { "uv": [ 12, 14.5, 15, 15 ], "texture": "#wooden_sword_texture1" },
        "north": { "uv": [ 12, 14.5, 15, 15 ], "texture": "#wooden_sword_texture1" },
        "south": { "uv": [ 12, 14.5, 15, 15 ], "texture": "#wooden_sword_texture1" },
        "west":  { "uv": [ 12, 14.5, 12.5, 15 ], "texture": "#wooden_sword_texture1" },
        "east":  { "uv": [ 12, 14.5, 12.5, 15 ], "texture": "#wooden_sword_texture1" }
    }
},
{
    "__comment": "Pommel",
    "from": [ 7, 7.5, 15 ],
    "to": [ 9, 8, 15.5 ],
    "faces": {
        "down":  { "uv": [ 14.5, 15.5, 12.5, 15 ], "texture": "#wooden_sword_texture1" },
        "up":    { "uv": [ 12.5, 15, 14.5, 15.5 ], "texture": "#wooden_sword_texture1" },
        "north": { "uv": [ 12.5, 15, 14.5, 15.5 ], "texture": "#wooden_sword_texture1" },
        "south": { "uv": [ 12.5, 15, 14.5, 15.5 ], "texture": "#wooden_sword_texture1" },
        "west":  { "uv": [ 12, 14.5, 12.5, 15 ], "texture": "#wooden_sword_texture1" },
        "east":  { "uv": [ 12.5, 15, 13, 15.5 ], "texture": "#wooden_sword_texture1" }
    }
},
{
    "__comment": "Pommel",
    "from": [ 7.5, 7.5, 15.5 ],
    "to": [ 8.5, 8, 16 ],
    "faces": {
        "down":  { "uv": [ 14, 16, 13, 15.5 ], "texture": "#wooden_sword_texture1" },
        "up":    { "uv": [ 13, 15.5, 14, 16 ], "texture": "#wooden_sword_texture1" },
        "north": { "uv": [ 13, 15.5, 14, 16 ], "texture": "#wooden_sword_texture1" },
        "south": { "uv": [ 13, 15.5, 14, 16 ], "texture": "#wooden_sword_texture1" },
        "west":  { "uv": [ 12, 14.5, 12.5, 15 ], "texture": "#wooden_sword_texture1" },
        "east":  { "uv": [ 12.5, 15, 13, 15.5 ], "texture": "#wooden_sword_texture1" }
    }
},
{
    "__comment": "Handle",
    "from": [ 7.5, 8.5, 9.5 ],
    "to": [ 8.5, 8.75, 13.5 ],
    "faces": {
        "down":  { "uv": [ 13, 9.5, 14, 14 ], "texture": "#wooden_sword_texture1" },
        "up":    { "uv": [ 13, 9.5, 14, 13.5 ], "texture": "#wooden_sword_texture1" },
        "north": { "uv": [ 13, 9.5, 14, 10 ], "texture": "#wooden_sword_texture1" },
        "south": { "uv": [ 13, 13, 14, 13.5 ], "texture": "#wooden_sword_texture1" },
        "west":  { "uv": [ 10.5, 12, 14.5, 12.5 ], "texture": "#wooden_sword_texture2" },
        "east":  { "uv": [ 10.5, 12, 14.5, 12.5 ], "texture": "#wooden_sword_texture2" }
    }
},
{
    "__comment": "Handle",
    "from": [ 7.5, 7.75, 9.5 ],
    "to": [ 8.5, 8, 13.5 ],
    "faces": {
        "down":  { "uv": [ 13, 9.5, 14, 14 ], "texture": "#wooden_sword_texture1" },
        "up":    { "uv": [ 13, 9.5, 14, 13.5 ], "texture": "#wooden_sword_texture1" },
        "north": { "uv": [ 13, 9.5, 14, 10 ], "texture": "#wooden_sword_texture1" },
        "south": { "uv": [ 13, 13, 14, 13.5 ], "texture": "#wooden_sword_texture1" },
        "west":  { "uv": [ 10.5, 12, 14.5, 12.5 ], "texture": "#wooden_sword_texture2" },
        "east":  { "uv": [ 10.5, 12, 14.5, 12.5 ], "texture": "#wooden_sword_texture2" }
    }
},
{
    "__comment": "Blade",
    "from": [ 7.5, 8.5, -7.5 ],
    "to": [ 8.5, 8.75, 8 ],
    "faces": {
        "down":  { "uv": [ 1.5, 0.5, 2.5, 16 ], "texture": "#wooden_sword_texture1" },
        "up":    { "uv": [ 1.5, 0.5, 2.5, 16 ], "texture": "#wooden_sword_texture1" },
        "north": { "uv": [ 1.5, 0, 2.5, 0.25 ], "texture": "#wooden_sword_texture1" },
        "south": { "uv": [ 1.5, 15.75, 2.5, 16 ], "texture": "#wooden_sword_texture1" },
        "west":  { "uv": [ 0, 7.5, 15.5, 7.75 ], "texture": "#wooden_sword_texture2" },
        "east":  { "uv": [ 0, 8, 15.5, 8.25 ], "texture": "#wooden_sword_texture2" }
    }
},
{
    "__comment": "Blade*",
    "from": [ 7.5, 7.75, -7.5 ],
    "to": [ 8.5, 8, 8 ],
    "faces": {
        "down":  { "uv": [ 1.5, 0.5, 2.5, 16 ], "texture": "#wooden_sword_texture1" },
        "up":    { "uv": [ 1.5, 0.5, 2.5, 16 ], "texture": "#wooden_sword_texture1" },
        "north": { "uv": [ 1.5, 0, 2.5, 0.25 ], "texture": "#wooden_sword_texture1" },
        "south": { "uv": [ 1.5, 15.75, 2.5, 16 ], "texture": "#wooden_sword_texture1" },
        "west":  { "uv": [ 0, 7.5, 15.5, 7.75 ], "texture": "#wooden_sword_texture2" },
        "east":  { "uv": [ 0, 8, 15.5, 8.25 ], "texture": "#wooden_sword_texture2" }
    }
},
{
    "__comment": "Blade*",
    "from": [ 8.5, 8.5, -6.5 ],
    "to": [ 9, 8.75, 8 ],
    "faces": {
        "down":  { "uv": [ 2.5, 1.5, 3, 16 ], "texture": "#wooden_sword_texture1" },
        "up":    { "uv": [ 2.5, 1.5, 3, 16 ], "texture": "#wooden_sword_texture1" },
        "north": { "uv": [ 2.5, 1.5, 3, 2 ], "texture": "#wooden_sword_texture1" },
        "south": { "uv": [ 2.5, 15.75, 3, 16 ], "texture": "#wooden_sword_texture1" },
        "west":  { "uv": [ 0, 8.5, 14.5, 9 ], "texture": "#wooden_sword_texture2" },
        "east":  { "uv": [ 0, 8.5, 14.5, 9 ], "texture": "#wooden_sword_texture2" }
    }
},
{
    "__comment": "Blade*",
    "from": [ 8.5, 7.75, -6.5 ],
    "to": [ 9, 8, 8 ],
    "faces": {
        "down":  { "uv": [ 2.5, 1.5, 3, 16 ], "texture": "#wooden_sword_texture1" },
        "up":    { "uv": [ 2.5, 1.5, 3, 16 ], "texture": "#wooden_sword_texture1" },
        "north": { "uv": [ 2.5, 1.5, 3, 2 ], "texture": "#wooden_sword_texture1" },
        "south": { "uv": [ 2.5, 15.75, 3, 16 ], "texture": "#wooden_sword_texture1" },
        "west":  { "uv": [ 0, 8.5, 14.5, 9 ], "texture": "#wooden_sword_texture2" },
        "east":  { "uv": [ 0, 8.5, 14.5, 9 ], "texture": "#wooden_sword_texture2" }
    }
},
{
    "__comment": "Blade*",
    "from": [ 7, 8.5, -6.5 ],
    "to": [ 7.5, 8.75, 8 ],
    "faces": {
        "down":  { "uv": [ 1, 1.5, 1.5, 16 ], "texture": "#wooden_sword_texture1" },
        "up":    { "uv": [ 1, 1.5, 1.5, 16 ], "texture": "#wooden_sword_texture1" },
        "north": { "uv": [ 1, 1.5, 1.5, 1.75 ], "texture": "#wooden_sword_texture1" },
        "south": { "uv": [ 1, 15.75, 1.5, 16 ], "texture": "#wooden_sword_texture1" },
        "west":  { "uv": [ 0, 7, 14.5, 7.25 ], "texture": "#wooden_sword_texture2" },
        "east":  { "uv": [ 0, 9, 14.5, 9.25 ], "texture": "#wooden_sword_texture2" }
    }
},
{
    "__comment": "Blade*",
    "from": [ 7, 7.75, -6.5 ],
    "to": [ 7.5, 8, 8 ],
    "faces": {
        "down":  { "uv": [ 1, 1.5, 1.5, 16 ], "texture": "#wooden_sword_texture1" },
        "up":    { "uv": [ 1, 1.5, 1.5, 16 ], "texture": "#wooden_sword_texture1" },
        "north": { "uv": [ 1, 1.5, 1.5, 1.75 ], "texture": "#wooden_sword_texture1" },
        "south": { "uv": [ 1, 15.75, 1.5, 16 ], "texture": "#wooden_sword_texture1" },
        "west":  { "uv": [ 0, 7, 14.5, 7.25 ], "texture": "#wooden_sword_texture2" },
        "east":  { "uv": [ 0, 9, 14.5, 9.25 ], "texture": "#wooden_sword_texture2" }
    }
}
],
"display": {
    "thirdperson_righthand": {
        "rotation": [ 90, 0, 90 ],
        "translation": [ 0, 1.5, 1.7 ],
        "scale": [ 1, 1, 1 ]
    },
    "thirdperson_lefthand": {
        "rotation": [ 90, 0, 90 ],
        "translation": [ 0, 1.5, 1.7 ],
        "scale": [ 1, 1, 1 ]
    },
    "ground": {
        "rotation": [ 0, 0, 0 ],
        "translation": [ 0, 0, 0 ],
        "scale": [ 0.7, 0.7, 0.7 ]
    },
    "fixed": {
        "rotation": [ 90, 0, 0 ],
        "translation": [ 0, -4, -0.5 ],
        "scale": [ 1, 1, 1 ]
    },
    "firstperson_righthand": {
        "rotation": [ 90, -10, 90 ],
        "translation": [ 0, 2, -0.7 ],
        "scale": [ 0.9, 0.9, 0.9 ]
    },
    "firstperson_lefthand": {
        "rotation": [ 90, -10, 90 ],
        "translation": [ 0, 2, -0.7 ],
        "scale": [ 0.9, 0.9, 0.9 ]
    },
    "gui": {
        "rotation": [ 90, -45, 0 ],
        "translation": [ -2.5, -2.5, 0 ],
        "scale": [ 0.9, 0.9, 0.9 ]
    }
}
}