{
"__comment":"Made by Know2Good, part of the 'Default 3D™' resource pack || Official download page: http://www.planetminecraft.com/texture_pack/default-3d-2985741/ || © 2014 Know2Good. All rights reserved. ",
    "variants": {
        "facing=east,half=bottom,shape=straight":  { "model": "brick_stairs_nd" },
        "facing=south,half=bottom,shape=straight": { "model": "brick_stairs_ed", "uvlock": false },
        "facing=west,half=bottom,shape=straight":  { "model": "brick_stairs_sd", "uvlock": false },
        "facing=north,half=bottom,shape=straight": { "model": "brick_stairs_wd", "uvlock": false },
        "facing=east,half=bottom,shape=outer_right":  { "model": "brick_outer_stairs_nd" },
        "facing=south,half=bottom,shape=outer_right": { "model": "brick_outer_stairs_ed", "uvlock": false },
        "facing=west,half=bottom,shape=outer_right":  { "model": "brick_outer_stairs_sd", "uvlock": false },
        "facing=north,half=bottom,shape=outer_right": { "model": "brick_outer_stairs_wd", "uvlock": false },
        "facing=east,half=bottom,shape=outer_left":  { "model": "brick_outer_stairs_wd" },
        "facing=south,half=bottom,shape=outer_left": { "model": "brick_outer_stairs_nd", "uvlock": false },
        "facing=west,half=bottom,shape=outer_left":  { "model": "brick_outer_stairs_ed", "uvlock": false },
        "facing=north,half=bottom,shape=outer_left": { "model": "brick_outer_stairs_sd", "uvlock": false },
        "facing=east,half=bottom,shape=inner_right":  { "model": "brick_inner_stairs_sd" },
        "facing=south,half=bottom,shape=inner_right": { "model": "brick_inner_stairs_wd", "uvlock": false },
        "facing=west,half=bottom,shape=inner_right":  { "model": "brick_inner_stairs_nd", "uvlock": false },
        "facing=north,half=bottom,shape=inner_right": { "model": "brick_inner_stairs_ed", "uvlock": false },
        "facing=east,half=bottom,shape=inner_left":  { "model": "brick_inner_stairs_ed", "uvlock": false },
        "facing=south,half=bottom,shape=inner_left": { "model": "brick_inner_stairs_sd" },
        "facing=west,half=bottom,shape=inner_left":  { "model": "brick_inner_stairs_wd", "uvlock": false },
        "facing=north,half=bottom,shape=inner_left": { "model": "brick_inner_stairs_nd", "uvlock": false },
        "facing=east,half=top,shape=straight":  { "model": "brick_stairs_nu", "uvlock": false },
        "facing=south,half=top,shape=straight": { "model": "brick_stairs_eu", "uvlock": false },
        "facing=west,half=top,shape=straight":  { "model": "brick_stairs_su", "uvlock": false },
        "facing=north,half=top,shape=straight": { "model": "brick_stairs_wu", "uvlock": false },
        "facing=east,half=top,shape=outer_right":  { "model": "brick_outer_stairs_wu" },
        "facing=south,half=top,shape=outer_right": { "model": "brick_outer_stairs_nu", "uvlock": false },
        "facing=west,half=top,shape=outer_right":  { "model": "brick_outer_stairs_eu", "uvlock": false },
        "facing=north,half=top,shape=outer_right": { "model": "brick_outer_stairs_su", "uvlock": false },
        "facing=east,half=top,shape=outer_left":  { "model": "brick_outer_stairs_nu" },
        "facing=south,half=top,shape=outer_left": { "model": "brick_outer_stairs_eu", "uvlock": false },
        "facing=west,half=top,shape=outer_left":  { "model": "brick_outer_stairs_su", "uvlock": false },
        "facing=north,half=top,shape=outer_left": { "model": "brick_outer_stairs_wu", "uvlock": false },
        "facing=east,half=top,shape=inner_right":  { "model": "brick_inner_stairs_eu", "uvlock": false },
        "facing=south,half=top,shape=inner_right": { "model": "brick_inner_stairs_su", "uvlock": false },
        "facing=west,half=top,shape=inner_right":  { "model": "brick_inner_stairs_wu", "uvlock": false },
        "facing=north,half=top,shape=inner_right": { "model": "brick_inner_stairs_nu", "uvlock": false },
        "facing=east,half=top,shape=inner_left":  { "model": "brick_inner_stairs_su", "uvlock": false },
        "facing=south,half=top,shape=inner_left": { "model": "brick_inner_stairs_wu", "uvlock": false },
        "facing=west,half=top,shape=inner_left":  { "model": "brick_inner_stairs_nu", "uvlock": false },
        "facing=north,half=top,shape=inner_left": { "model": "brick_inner_stairs_eu", "uvlock": false }
    }
}
