{
    "__comment": "Fair warning, this format is highly likely to change even more in the future!",
    "variants": {
        "bottom": { "model": "iron_trapdoor_bottom" },
        "top":    { "model": "iron_trapdoor_top" },
        "open_n": { "model": "iron_trapdoor_bottom", "x": 90 },
        "open_s": { "model": "iron_trapdoor_bottom", "y": 180, "x": 90 },
        "open_w": { "model": "iron_trapdoor_bottom", "y": 270, "x": 90 },
        "open_e": { "model": "iron_trapdoor_bottom", "y": 90, "x": 90 }
    }
}
